gate_id,file,line,section,owning_pack,current_status,expected_artifact,message
solo_mode_engine_field_not_in_seller_serializers,Sourcera_Master_Spec.md,66694,M.5.4 Catalog index,m02_3,`spec_binding_pending_pack_m02_3`,tools/spec-lint/gates/solo_mode_engine_field_not_in_seller_serializers.ts,Runtime status is still spec_binding_pending_pack_m02_3; required artifact evidence not promoted. Checked: tools/spec-lint/gates/solo_mode_engine_field_not_in_seller_serializers.ts.
solo_deadline_countdown_renders_in_user_timezone,Sourcera_Master_Spec.md,66696,M.5.4 Catalog index,m11_3,`spec_binding_pending_pack_m11_3`,".github/workflows/deploy-validator.yml, .github/workflows/test-strategy.yml, convex/deploy_validators, tests/integration","Runtime status is still spec_binding_pending_pack_m11_3; required artifact evidence not promoted. Checked: .github/workflows/deploy-validator.yml, .github/workflows/test-strategy.yml, convex/deploy_validators, tests/integration."
solo_mode_team_to_solo_blocked_with_stakeholders,Sourcera_Master_Spec.md,66697,M.5.4 Catalog index,m11_3,`spec_binding_pending_pack_m11_3`,".github/workflows/deploy-validator.yml, .github/workflows/test-strategy.yml, convex/deploy_validators, tests/integration","Runtime status is still spec_binding_pending_pack_m11_3; required artifact evidence not promoted. Checked: .github/workflows/deploy-validator.yml, .github/workflows/test-strategy.yml, convex/deploy_validators, tests/integration."
solo_mode_chip_ribbon_suppression_buyer,Sourcera_Master_Spec.md,66698,M.5.4 Catalog index,m11_3,`spec_binding_pending_pack_m11_3`,".github/workflows/deploy-validator.yml, .github/workflows/test-strategy.yml, convex/deploy_validators, tests/integration","Runtime status is still spec_binding_pending_pack_m11_3; required artifact evidence not promoted. Checked: .github/workflows/deploy-validator.yml, .github/workflows/test-strategy.yml, convex/deploy_validators, tests/integration."
console_bridge_no_defense_view_event_kinds,Sourcera_Master_Spec.md,66700,M.5.4 Catalog index,m11_3,`spec_binding_pending_pack_m11_3`,".github/workflows/deploy-validator.yml, .github/workflows/test-strategy.yml, convex/deploy_validators, tests/integration","Runtime status is still spec_binding_pending_pack_m11_3; required artifact evidence not promoted. Checked: .github/workflows/deploy-validator.yml, .github/workflows/test-strategy.yml, convex/deploy_validators, tests/integration."
webhook_payload_no_selection_record_body,Sourcera_Master_Spec.md,66701,M.5.4 Catalog index,m11_3,`spec_binding_pending_pack_m11_3`,".github/workflows/deploy-validator.yml, .github/workflows/test-strategy.yml, convex/deploy_validators, tests/integration","Runtime status is still spec_binding_pending_pack_m11_3; required artifact evidence not promoted. Checked: .github/workflows/deploy-validator.yml, .github/workflows/test-strategy.yml, convex/deploy_validators, tests/integration."
defense_view_regeneration_throttle_5min,Sourcera_Master_Spec.md,66703,M.5.4 Catalog index,m11_3,`spec_binding_pending_pack_m11_3`,".github/workflows/deploy-validator.yml, .github/workflows/test-strategy.yml, convex/deploy_validators, tests/integration","Runtime status is still spec_binding_pending_pack_m11_3; required artifact evidence not promoted. Checked: .github/workflows/deploy-validator.yml, .github/workflows/test-strategy.yml, convex/deploy_validators, tests/integration."
pipeline_surface_compression_seller_always_compressed,Sourcera_Master_Spec.md,66709,M.5.4 Catalog index,m11_3,`spec_binding_pending_pack_m11_3`,".github/workflows/deploy-validator.yml, .github/workflows/test-strategy.yml, convex/deploy_validators, tests/integration","Runtime status is still spec_binding_pending_pack_m11_3; required artifact evidence not promoted. Checked: .github/workflows/deploy-validator.yml, .github/workflows/test-strategy.yml, convex/deploy_validators, tests/integration."
pipeline_surface_compression_soft_gate_solo_only,Sourcera_Master_Spec.md,66710,M.5.4 Catalog index,m11_3,`spec_binding_pending_pack_m11_3`,".github/workflows/deploy-validator.yml, .github/workflows/test-strategy.yml, convex/deploy_validators, tests/integration","Runtime status is still spec_binding_pending_pack_m11_3; required artifact evidence not promoted. Checked: .github/workflows/deploy-validator.yml, .github/workflows/test-strategy.yml, convex/deploy_validators, tests/integration."
eval_vertical_eval_starter_coverage,Sourcera_Master_Spec.md,66712,M.5.4 Catalog index,m02_3,`spec_binding_pending_pack_m02_3`,tools/spec-lint/gates/eval_vertical_eval_starter_coverage.ts,Runtime status is still spec_binding_pending_pack_m02_3; required artifact evidence not promoted. Checked: tools/spec-lint/gates/eval_vertical_eval_starter_coverage.ts.
eval_starter_seed_schema_currency,Sourcera_Master_Spec.md,66713,M.5.4 Catalog index,m02_3,`spec_binding_pending_pack_m02_3`,tools/spec-lint/gates/eval_starter_seed_schema_currency.ts,Runtime status is still spec_binding_pending_pack_m02_3; required artifact evidence not promoted. Checked: tools/spec-lint/gates/eval_starter_seed_schema_currency.ts.
eval_starter_seed_use_case_index_validity,Sourcera_Master_Spec.md,66714,M.5.4 Catalog index,m02_3,`spec_binding_pending_pack_m02_3`,tools/spec-lint/gates/eval_starter_seed_use_case_index_validity.ts,Runtime status is still spec_binding_pending_pack_m02_3; required artifact evidence not promoted. Checked: tools/spec-lint/gates/eval_starter_seed_use_case_index_validity.ts.
eval_starter_marketplace_category_mapping_present,Sourcera_Master_Spec.md,66715,M.5.4 Catalog index,m02_3,`spec_binding_pending_pack_m02_3`,tools/spec-lint/gates/eval_starter_marketplace_category_mapping_present.ts,Runtime status is still spec_binding_pending_pack_m02_3; required artifact evidence not promoted. Checked: tools/spec-lint/gates/eval_starter_marketplace_category_mapping_present.ts.
seller_maya_solo_free_copy_string_lint,Sourcera_Master_Spec.md,66719,M.5.4 Catalog index,m11_3,`spec_binding_pending_pack_m11_3`,".github/workflows/deploy-validator.yml, .github/workflows/test-strategy.yml, convex/deploy_validators, tests/integration","Runtime status is still spec_binding_pending_pack_m11_3; required artifact evidence not promoted. Checked: .github/workflows/deploy-validator.yml, .github/workflows/test-strategy.yml, convex/deploy_validators, tests/integration."
seller_maya_chip_list_auto_publish_state_machine,Sourcera_Master_Spec.md,66720,M.5.4 Catalog index,m11_3,`spec_binding_pending_pack_m11_3`,".github/workflows/deploy-validator.yml, .github/workflows/test-strategy.yml, convex/deploy_validators, tests/integration","Runtime status is still spec_binding_pending_pack_m11_3; required artifact evidence not promoted. Checked: .github/workflows/deploy-validator.yml, .github/workflows/test-strategy.yml, convex/deploy_validators, tests/integration."
seller_maya_match_score_three_label_compression,Sourcera_Master_Spec.md,66721,M.5.4 Catalog index,m11_3,`spec_binding_pending_pack_m11_3`,".github/workflows/deploy-validator.yml, .github/workflows/test-strategy.yml, convex/deploy_validators, tests/integration","Runtime status is still spec_binding_pending_pack_m11_3; required artifact evidence not promoted. Checked: .github/workflows/deploy-validator.yml, .github/workflows/test-strategy.yml, convex/deploy_validators, tests/integration."
solo_charge_kind_registered,Sourcera_Master_Spec.md,66724,M.5.4 Catalog index,m24_3,`spec_binding_pending_pack_m24_3`,".github/workflows/billing-runtime.yml, tests/billing, convex/deploy_validators","Runtime status is still spec_binding_pending_pack_m24_3; required artifact evidence not promoted. Checked: .github/workflows/billing-runtime.yml, tests/billing, convex/deploy_validators."
solo_dual_console_independent_invoicing,Sourcera_Master_Spec.md,66725,M.5.4 Catalog index,m11_3,`spec_binding_pending_pack_m11_3`,".github/workflows/deploy-validator.yml, .github/workflows/test-strategy.yml, convex/deploy_validators, tests/integration","Runtime status is still spec_binding_pending_pack_m11_3; required artifact evidence not promoted. Checked: .github/workflows/deploy-validator.yml, .github/workflows/test-strategy.yml, convex/deploy_validators, tests/integration."
solo_plan_change_console_isolation,Sourcera_Master_Spec.md,66726,M.5.4 Catalog index,m11_3,`spec_binding_pending_pack_m11_3`,".github/workflows/deploy-validator.yml, .github/workflows/test-strategy.yml, convex/deploy_validators, tests/integration","Runtime status is still spec_binding_pending_pack_m11_3; required artifact evidence not promoted. Checked: .github/workflows/deploy-validator.yml, .github/workflows/test-strategy.yml, convex/deploy_validators, tests/integration."
aiwallet_response_excludes_solo_envelope,Sourcera_Master_Spec.md,66727,M.5.4 Catalog index,m11_3,`spec_binding_pending_pack_m11_3`,".github/workflows/deploy-validator.yml, .github/workflows/test-strategy.yml, convex/deploy_validators, tests/integration","Runtime status is still spec_binding_pending_pack_m11_3; required artifact evidence not promoted. Checked: .github/workflows/deploy-validator.yml, .github/workflows/test-strategy.yml, convex/deploy_validators, tests/integration."
solo_subscription_blocks_per_charge,Sourcera_Master_Spec.md,66728,M.5.4 Catalog index,m11_3,`spec_binding_pending_pack_m11_3`,".github/workflows/deploy-validator.yml, .github/workflows/test-strategy.yml, convex/deploy_validators, tests/integration","Runtime status is still spec_binding_pending_pack_m11_3; required artifact evidence not promoted. Checked: .github/workflows/deploy-validator.yml, .github/workflows/test-strategy.yml, convex/deploy_validators, tests/integration."
solo_engine_metering_parity,Sourcera_Master_Spec.md,66731,M.5.4 Catalog index,m11_3,`spec_binding_pending_pack_m11_3`,".github/workflows/deploy-validator.yml, .github/workflows/test-strategy.yml, convex/deploy_validators, tests/integration","Runtime status is still spec_binding_pending_pack_m11_3; required artifact evidence not promoted. Checked: .github/workflows/deploy-validator.yml, .github/workflows/test-strategy.yml, convex/deploy_validators, tests/integration."
solo_telemetry_no_customer_routing,Sourcera_Master_Spec.md,66732,M.5.4 Catalog index,m11_3,`spec_binding_pending_pack_m11_3`,".github/workflows/deploy-validator.yml, .github/workflows/test-strategy.yml, convex/deploy_validators, tests/integration","Runtime status is still spec_binding_pending_pack_m11_3; required artifact evidence not promoted. Checked: .github/workflows/deploy-validator.yml, .github/workflows/test-strategy.yml, convex/deploy_validators, tests/integration."
solo_throttling_class_change_takes_effect_at_next_envelope_rollover,Sourcera_Master_Spec.md,66735,M.5.4 Catalog index,m11_3,`spec_binding_pending_pack_m11_3`,".github/workflows/deploy-validator.yml, .github/workflows/test-strategy.yml, convex/deploy_validators, tests/integration","Runtime status is still spec_binding_pending_pack_m11_3; required artifact evidence not promoted. Checked: .github/workflows/deploy-validator.yml, .github/workflows/test-strategy.yml, convex/deploy_validators, tests/integration."
solo_envelope_per_console_isolation,Sourcera_Master_Spec.md,66736,M.5.4 Catalog index,m11_3,`spec_binding_pending_pack_m11_3`,".github/workflows/deploy-validator.yml, .github/workflows/test-strategy.yml, convex/deploy_validators, tests/integration","Runtime status is still spec_binding_pending_pack_m11_3; required artifact evidence not promoted. Checked: .github/workflows/deploy-validator.yml, .github/workflows/test-strategy.yml, convex/deploy_validators, tests/integration."
solo_envelope_throttling_targets_low_priority_background_only,Sourcera_Master_Spec.md,66738,M.5.4 Catalog index,m11_3,`spec_binding_pending_pack_m11_3`,".github/workflows/deploy-validator.yml, .github/workflows/test-strategy.yml, convex/deploy_validators, tests/integration","Runtime status is still spec_binding_pending_pack_m11_3; required artifact evidence not promoted. Checked: .github/workflows/deploy-validator.yml, .github/workflows/test-strategy.yml, convex/deploy_validators, tests/integration."
console_isolation_violation_no_data_path_use,Sourcera_Master_Spec.md,66749,M.5.4 Catalog index,m11_3,`spec_binding_pending_pack_m11_3`,".github/workflows/deploy-validator.yml, .github/workflows/test-strategy.yml, convex/deploy_validators, tests/integration","Runtime status is still spec_binding_pending_pack_m11_3; required artifact evidence not promoted. Checked: .github/workflows/deploy-validator.yml, .github/workflows/test-strategy.yml, convex/deploy_validators, tests/integration."
vendor_opt_out_capability_layer_enforcement,Sourcera_Master_Spec.md,66750,M.5.4 Catalog index,m11_3,`spec_binding_pending_pack_m11_3`,".github/workflows/deploy-validator.yml, .github/workflows/test-strategy.yml, convex/deploy_validators, tests/integration","Runtime status is still spec_binding_pending_pack_m11_3; required artifact evidence not promoted. Checked: .github/workflows/deploy-validator.yml, .github/workflows/test-strategy.yml, convex/deploy_validators, tests/integration."
mfa_enforcement_level_canonical_consumer,Sourcera_Master_Spec.md,66757,M.5.4 Catalog index,m02_3,`spec_binding_pending_pack_m02_3`,tools/spec-lint/gates/mfa_enforcement_level_canonical_consumer.ts,Runtime status is still spec_binding_pending_pack_m02_3; required artifact evidence not promoted. Checked: tools/spec-lint/gates/mfa_enforcement_level_canonical_consumer.ts.
audit_event_hash_chain_full_corpus_coverage,Sourcera_Master_Spec.md,66786,M.5.4 Catalog index,m21_3,`spec_binding_pending_pack_m21_3`,".github/workflows/marketplace-runtime.yml, convex/deploy_validators, tests/marketplace, tests/analytics","Runtime status is still spec_binding_pending_pack_m21_3; required artifact evidence not promoted. Checked: .github/workflows/marketplace-runtime.yml, convex/deploy_validators, tests/marketplace, tests/analytics."
audit_event_break_glass_integrity_scan_triggered,Sourcera_Master_Spec.md,66787,M.5.4 Catalog index,m21_3,`spec_binding_pending_pack_m21_3`,".github/workflows/marketplace-runtime.yml, convex/deploy_validators, tests/marketplace, tests/analytics","Runtime status is still spec_binding_pending_pack_m21_3; required artifact evidence not promoted. Checked: .github/workflows/marketplace-runtime.yml, convex/deploy_validators, tests/marketplace, tests/analytics."
auth_audit_event_emission_completeness,Sourcera_Master_Spec.md,66788,M.5.4 Catalog index,m11_3,`spec_binding_pending_pack_m11_3`,".github/workflows/deploy-validator.yml, .github/workflows/test-strategy.yml, convex/deploy_validators, tests/integration","Runtime status is still spec_binding_pending_pack_m11_3; required artifact evidence not promoted. Checked: .github/workflows/deploy-validator.yml, .github/workflows/test-strategy.yml, convex/deploy_validators, tests/integration."
dsar_cascade_residency_partition_isolation,Sourcera_Master_Spec.md,66789,M.5.4 Catalog index,m02_3,`spec_binding_pending_pack_m02_3`,tools/spec-lint/gates/dsar_cascade_residency_partition_isolation.ts,Runtime status is still spec_binding_pending_pack_m02_3; required artifact evidence not promoted. Checked: tools/spec-lint/gates/dsar_cascade_residency_partition_isolation.ts.
dsar_manifestly_unfounded_rejection_audit_emission,Sourcera_Master_Spec.md,66794,M.5.4 Catalog index,m11_3,`spec_binding_pending_pack_m11_3`,".github/workflows/deploy-validator.yml, .github/workflows/test-strategy.yml, convex/deploy_validators, tests/integration","Runtime status is still spec_binding_pending_pack_m11_3; required artifact evidence not promoted. Checked: .github/workflows/deploy-validator.yml, .github/workflows/test-strategy.yml, convex/deploy_validators, tests/integration."
cross_org_guest_sso_bypass_blocked,Sourcera_Master_Spec.md,66795,M.5.4 Catalog index,m11_3,`spec_binding_pending_pack_m11_3`,".github/workflows/deploy-validator.yml, .github/workflows/test-strategy.yml, convex/deploy_validators, tests/integration","Runtime status is still spec_binding_pending_pack_m11_3; required artifact evidence not promoted. Checked: .github/workflows/deploy-validator.yml, .github/workflows/test-strategy.yml, convex/deploy_validators, tests/integration."
workspace_status_canonical_consumer,Sourcera_Master_Spec.md,66799,M.5.4 Catalog index,m02_3,`spec_binding_pending_pack_m02_3`,tools/spec-lint/gates/workspace_status_canonical_consumer.ts,Runtime status is still spec_binding_pending_pack_m02_3; required artifact evidence not promoted. Checked: tools/spec-lint/gates/workspace_status_canonical_consumer.ts.
workos_raw_attributes_not_consumed,Sourcera_Master_Spec.md,66804,M.5.4 Catalog index,m02_3,`spec_binding_pending_pack_m02_3`,tools/spec-lint/gates/workos_raw_attributes_not_consumed.ts,Runtime status is still spec_binding_pending_pack_m02_3; required artifact evidence not promoted. Checked: tools/spec-lint/gates/workos_raw_attributes_not_consumed.ts.
workos_predefined_attributes_consumed,Sourcera_Master_Spec.md,66805,M.5.4 Catalog index,m11_3,`spec_binding_pending_pack_m11_3`,".github/workflows/deploy-validator.yml, .github/workflows/test-strategy.yml, convex/deploy_validators, tests/integration","Runtime status is still spec_binding_pending_pack_m11_3; required artifact evidence not promoted. Checked: .github/workflows/deploy-validator.yml, .github/workflows/test-strategy.yml, convex/deploy_validators, tests/integration."
workos_groups_api_membership_consistency,Sourcera_Master_Spec.md,66806,M.5.4 Catalog index,m11_3,`spec_binding_pending_pack_m11_3`,".github/workflows/deploy-validator.yml, .github/workflows/test-strategy.yml, convex/deploy_validators, tests/integration","Runtime status is still spec_binding_pending_pack_m11_3; required artifact evidence not promoted. Checked: .github/workflows/deploy-validator.yml, .github/workflows/test-strategy.yml, convex/deploy_validators, tests/integration."
workos_directory_group_role_assignment_precedence,Sourcera_Master_Spec.md,66807,M.5.4 Catalog index,m11_3,`spec_binding_pending_pack_m11_3`,".github/workflows/deploy-validator.yml, .github/workflows/test-strategy.yml, convex/deploy_validators, tests/integration","Runtime status is still spec_binding_pending_pack_m11_3; required artifact evidence not promoted. Checked: .github/workflows/deploy-validator.yml, .github/workflows/test-strategy.yml, convex/deploy_validators, tests/integration."
fga_custom_role_scope_canonical_consumer,Sourcera_Master_Spec.md,66808,M.5.4 Catalog index,m02_3,`spec_binding_pending_pack_m02_3`,tools/spec-lint/gates/fga_custom_role_scope_canonical_consumer.ts,Runtime status is still spec_binding_pending_pack_m02_3; required artifact evidence not promoted. Checked: tools/spec-lint/gates/fga_custom_role_scope_canonical_consumer.ts.
dsar_cascade_aggregate_recompute_synchronous,Sourcera_Master_Spec.md,66814,M.5.4 Catalog index,m11_3,`spec_binding_pending_pack_m11_3`,".github/workflows/deploy-validator.yml, .github/workflows/test-strategy.yml, convex/deploy_validators, tests/integration","Runtime status is still spec_binding_pending_pack_m11_3; required artifact evidence not promoted. Checked: .github/workflows/deploy-validator.yml, .github/workflows/test-strategy.yml, convex/deploy_validators, tests/integration."
dsar_cascade_aggregate_recompute_suppression_completeness,Sourcera_Master_Spec.md,66815,M.5.4 Catalog index,m11_3,`spec_binding_pending_pack_m11_3`,".github/workflows/deploy-validator.yml, .github/workflows/test-strategy.yml, convex/deploy_validators, tests/integration","Runtime status is still spec_binding_pending_pack_m11_3; required artifact evidence not promoted. Checked: .github/workflows/deploy-validator.yml, .github/workflows/test-strategy.yml, convex/deploy_validators, tests/integration."
dsar_cascade_aggregate_recompute_backstop_drift,Sourcera_Master_Spec.md,66816,M.5.4 Catalog index,m21_3,`spec_binding_pending_pack_m21_3`,".github/workflows/marketplace-runtime.yml, convex/deploy_validators, tests/marketplace, tests/analytics","Runtime status is still spec_binding_pending_pack_m21_3; required artifact evidence not promoted. Checked: .github/workflows/marketplace-runtime.yml, convex/deploy_validators, tests/marketplace, tests/analytics."
dsar_cascade_bridge_payload_body_pii_sweep_completeness,Sourcera_Master_Spec.md,66817,M.5.4 Catalog index,m11_3,`spec_binding_pending_pack_m11_3`,".github/workflows/deploy-validator.yml, .github/workflows/test-strategy.yml, convex/deploy_validators, tests/integration","Runtime status is still spec_binding_pending_pack_m11_3; required artifact evidence not promoted. Checked: .github/workflows/deploy-validator.yml, .github/workflows/test-strategy.yml, convex/deploy_validators, tests/integration."
dsar_cascade_bridge_redaction_hash_recompute,Sourcera_Master_Spec.md,66818,M.5.4 Catalog index,m11_3,`spec_binding_pending_pack_m11_3`,".github/workflows/deploy-validator.yml, .github/workflows/test-strategy.yml, convex/deploy_validators, tests/integration","Runtime status is still spec_binding_pending_pack_m11_3; required artifact evidence not promoted. Checked: .github/workflows/deploy-validator.yml, .github/workflows/test-strategy.yml, convex/deploy_validators, tests/integration."
bridge_payload_body_pii_sweep_buyer_seller_parity,Sourcera_Master_Spec.md,66820,M.5.4 Catalog index,m11_3,`spec_binding_pending_pack_m11_3`,".github/workflows/deploy-validator.yml, .github/workflows/test-strategy.yml, convex/deploy_validators, tests/integration","Runtime status is still spec_binding_pending_pack_m11_3; required artifact evidence not promoted. Checked: .github/workflows/deploy-validator.yml, .github/workflows/test-strategy.yml, convex/deploy_validators, tests/integration."
dsar_cascade_partial_failure_pagerduty_sla,Sourcera_Master_Spec.md,66821,M.5.4 Catalog index,m11_3,`spec_binding_pending_pack_m11_3`,".github/workflows/deploy-validator.yml, .github/workflows/test-strategy.yml, convex/deploy_validators, tests/integration","Runtime status is still spec_binding_pending_pack_m11_3; required artifact evidence not promoted. Checked: .github/workflows/deploy-validator.yml, .github/workflows/test-strategy.yml, convex/deploy_validators, tests/integration."
dsar_cascade_partial_failure_resume_sla_24h,Sourcera_Master_Spec.md,66822,M.5.4 Catalog index,m11_3,`spec_binding_pending_pack_m11_3`,".github/workflows/deploy-validator.yml, .github/workflows/test-strategy.yml, convex/deploy_validators, tests/integration","Runtime status is still spec_binding_pending_pack_m11_3; required artifact evidence not promoted. Checked: .github/workflows/deploy-validator.yml, .github/workflows/test-strategy.yml, convex/deploy_validators, tests/integration."
dsar_cascade_statutory_ceiling_auto_escalation,Sourcera_Master_Spec.md,66823,M.5.4 Catalog index,m11_3,`spec_binding_pending_pack_m11_3`,".github/workflows/deploy-validator.yml, .github/workflows/test-strategy.yml, convex/deploy_validators, tests/integration","Runtime status is still spec_binding_pending_pack_m11_3; required artifact evidence not promoted. Checked: .github/workflows/deploy-validator.yml, .github/workflows/test-strategy.yml, convex/deploy_validators, tests/integration."
dsar_cascade_per_row_idempotency_marker_completeness,Sourcera_Master_Spec.md,66824,M.5.4 Catalog index,m02_3,`spec_binding_pending_pack_m02_3`,tools/spec-lint/gates/dsar_cascade_per_row_idempotency_marker_completeness.ts,Runtime status is still spec_binding_pending_pack_m02_3; required artifact evidence not promoted. Checked: tools/spec-lint/gates/dsar_cascade_per_row_idempotency_marker_completeness.ts.
dsar_cascade_pseudonym_epoch_consistency,Sourcera_Master_Spec.md,66825,M.5.4 Catalog index,m11_3,`spec_binding_pending_pack_m11_3`,".github/workflows/deploy-validator.yml, .github/workflows/test-strategy.yml, convex/deploy_validators, tests/integration","Runtime status is still spec_binding_pending_pack_m11_3; required artifact evidence not promoted. Checked: .github/workflows/deploy-validator.yml, .github/workflows/test-strategy.yml, convex/deploy_validators, tests/integration."
dr_failover_residency_bound,Sourcera_Master_Spec.md,66826,M.5.4 Catalog index,m21_3,`spec_binding_pending_pack_m21_3`,".github/workflows/marketplace-runtime.yml, convex/deploy_validators, tests/marketplace, tests/analytics","Runtime status is still spec_binding_pending_pack_m21_3; required artifact evidence not promoted. Checked: .github/workflows/marketplace-runtime.yml, convex/deploy_validators, tests/marketplace, tests/analytics."
dns_failover_target_residency_match,Sourcera_Master_Spec.md,66827,M.5.4 Catalog index,m21_3,`spec_binding_pending_pack_m21_3`,".github/workflows/marketplace-runtime.yml, convex/deploy_validators, tests/marketplace, tests/analytics","Runtime status is still spec_binding_pending_pack_m21_3; required artifact evidence not promoted. Checked: .github/workflows/marketplace-runtime.yml, convex/deploy_validators, tests/marketplace, tests/analytics."
dr_failover_no_cross_residency,Sourcera_Master_Spec.md,66828,M.5.4 Catalog index,m21_3,`spec_binding_pending_pack_m21_3`,".github/workflows/marketplace-runtime.yml, convex/deploy_validators, tests/marketplace, tests/analytics","Runtime status is still spec_binding_pending_pack_m21_3; required artifact evidence not promoted. Checked: .github/workflows/marketplace-runtime.yml, convex/deploy_validators, tests/marketplace, tests/analytics."
dr_restore_test_residency_partition,Sourcera_Master_Spec.md,66829,M.5.4 Catalog index,m21_3,`spec_binding_pending_pack_m21_3`,".github/workflows/marketplace-runtime.yml, convex/deploy_validators, tests/marketplace, tests/analytics","Runtime status is still spec_binding_pending_pack_m21_3; required artifact evidence not promoted. Checked: .github/workflows/marketplace-runtime.yml, convex/deploy_validators, tests/marketplace, tests/analytics."
dr_game_day_overdue,Sourcera_Master_Spec.md,66830,M.5.4 Catalog index,m21_3,`spec_binding_pending_pack_m21_3`,".github/workflows/marketplace-runtime.yml, convex/deploy_validators, tests/marketplace, tests/analytics","Runtime status is still spec_binding_pending_pack_m21_3; required artifact evidence not promoted. Checked: .github/workflows/marketplace-runtime.yml, convex/deploy_validators, tests/marketplace, tests/analytics."
backup_residency_partition_isolation,Sourcera_Master_Spec.md,66831,M.5.4 Catalog index,m21_3,`spec_binding_pending_pack_m21_3`,".github/workflows/marketplace-runtime.yml, convex/deploy_validators, tests/marketplace, tests/analytics","Runtime status is still spec_binding_pending_pack_m21_3; required artifact evidence not promoted. Checked: .github/workflows/marketplace-runtime.yml, convex/deploy_validators, tests/marketplace, tests/analytics."
s3_replication_policy_residency_bound,Sourcera_Master_Spec.md,66832,M.5.4 Catalog index,m21_3,`spec_binding_pending_pack_m21_3`,".github/workflows/marketplace-runtime.yml, convex/deploy_validators, tests/marketplace, tests/analytics","Runtime status is still spec_binding_pending_pack_m21_3; required artifact evidence not promoted. Checked: .github/workflows/marketplace-runtime.yml, convex/deploy_validators, tests/marketplace, tests/analytics."
s3_cross_region_replica_dpa_approval_required,Sourcera_Master_Spec.md,66833,M.5.4 Catalog index,m21_3,`spec_binding_pending_pack_m21_3`,".github/workflows/marketplace-runtime.yml, convex/deploy_validators, tests/marketplace, tests/analytics","Runtime status is still spec_binding_pending_pack_m21_3; required artifact evidence not promoted. Checked: .github/workflows/marketplace-runtime.yml, convex/deploy_validators, tests/marketplace, tests/analytics."
backup_dsar_repseudonymization_completeness,Sourcera_Master_Spec.md,66834,M.5.4 Catalog index,m21_3,`spec_binding_pending_pack_m21_3`,".github/workflows/marketplace-runtime.yml, convex/deploy_validators, tests/marketplace, tests/analytics","Runtime status is still spec_binding_pending_pack_m21_3; required artifact evidence not promoted. Checked: .github/workflows/marketplace-runtime.yml, convex/deploy_validators, tests/marketplace, tests/analytics."
dsar_excluded_snapshot_restore_blocked,Sourcera_Master_Spec.md,66835,M.5.4 Catalog index,m21_3,`spec_binding_pending_pack_m21_3`,".github/workflows/marketplace-runtime.yml, convex/deploy_validators, tests/marketplace, tests/analytics","Runtime status is still spec_binding_pending_pack_m21_3; required artifact evidence not promoted. Checked: .github/workflows/marketplace-runtime.yml, convex/deploy_validators, tests/marketplace, tests/analytics."
snapshot_catalog_residency_partition,Sourcera_Master_Spec.md,66836,M.5.4 Catalog index,m21_3,`spec_binding_pending_pack_m21_3`,".github/workflows/marketplace-runtime.yml, convex/deploy_validators, tests/marketplace, tests/analytics","Runtime status is still spec_binding_pending_pack_m21_3; required artifact evidence not promoted. Checked: .github/workflows/marketplace-runtime.yml, convex/deploy_validators, tests/marketplace, tests/analytics."
attachment_dsar_72h_binary_detach_sla,Sourcera_Master_Spec.md,66837,M.5.4 Catalog index,m11_3,`spec_binding_pending_pack_m11_3`,".github/workflows/deploy-validator.yml, .github/workflows/test-strategy.yml, convex/deploy_validators, tests/integration","Runtime status is still spec_binding_pending_pack_m11_3; required artifact evidence not promoted. Checked: .github/workflows/deploy-validator.yml, .github/workflows/test-strategy.yml, convex/deploy_validators, tests/integration."
entity_retention_coverage_on_diff,Sourcera_Master_Spec.md,66839,M.5.4 Catalog index,m02_3,`spec_binding_pending_pack_m02_3`,tools/spec-lint/gates/entity_retention_coverage_on_diff.ts,Runtime status is still spec_binding_pending_pack_m02_3; required artifact evidence not promoted. Checked: tools/spec-lint/gates/entity_retention_coverage_on_diff.ts.
cost_base_recalc_notice_window_trajectory_gate,Sourcera_Master_Spec.md,66846,M.5.4 Catalog index,m11_3,`spec_binding_pending_pack_m11_3`,".github/workflows/deploy-validator.yml, .github/workflows/test-strategy.yml, convex/deploy_validators, tests/integration","Runtime status is still spec_binding_pending_pack_m11_3; required artifact evidence not promoted. Checked: .github/workflows/deploy-validator.yml, .github/workflows/test-strategy.yml, convex/deploy_validators, tests/integration."
kb_bootstrap_per_org_concurrency_lock_active,Sourcera_Master_Spec.md,66849,M.5.4 Catalog index,m11_3,`spec_binding_pending_pack_m11_3`,".github/workflows/deploy-validator.yml, .github/workflows/test-strategy.yml, convex/deploy_validators, tests/integration","Runtime status is still spec_binding_pending_pack_m11_3; required artifact evidence not promoted. Checked: .github/workflows/deploy-validator.yml, .github/workflows/test-strategy.yml, convex/deploy_validators, tests/integration."
bid_disqualification_cascade_active,Sourcera_Master_Spec.md,66850,M.5.4 Catalog index,m11_3,`spec_binding_pending_pack_m11_3`,".github/workflows/deploy-validator.yml, .github/workflows/test-strategy.yml, convex/deploy_validators, tests/integration","Runtime status is still spec_binding_pending_pack_m11_3; required artifact evidence not promoted. Checked: .github/workflows/deploy-validator.yml, .github/workflows/test-strategy.yml, convex/deploy_validators, tests/integration."
wallet_read_role_gate_scope,Sourcera_Master_Spec.md,66851,M.5.4 Catalog index,m11_3,`spec_binding_pending_pack_m11_3`,".github/workflows/deploy-validator.yml, .github/workflows/test-strategy.yml, convex/deploy_validators, tests/integration","Runtime status is still spec_binding_pending_pack_m11_3; required artifact evidence not promoted. Checked: .github/workflows/deploy-validator.yml, .github/workflows/test-strategy.yml, convex/deploy_validators, tests/integration."
committed_spend_single_pool_invariant,Sourcera_Master_Spec.md,66852,M.5.4 Catalog index,m24_3,`spec_binding_pending_pack_m24_3`,".github/workflows/billing-runtime.yml, tests/billing, convex/deploy_validators","Runtime status is still spec_binding_pending_pack_m24_3; required artifact evidence not promoted. Checked: .github/workflows/billing-runtime.yml, tests/billing, convex/deploy_validators."
committed_spend_single_auto_renew_invariant,Sourcera_Master_Spec.md,66853,M.5.4 Catalog index,m24_3,`spec_binding_pending_pack_m24_3`,".github/workflows/billing-runtime.yml, tests/billing, convex/deploy_validators","Runtime status is still spec_binding_pending_pack_m24_3; required artifact evidence not promoted. Checked: .github/workflows/billing-runtime.yml, tests/billing, convex/deploy_validators."
committed_spend_console_scope_consistency,Sourcera_Master_Spec.md,66854,M.5.4 Catalog index,m24_3,`spec_binding_pending_pack_m24_3`,".github/workflows/billing-runtime.yml, tests/billing, convex/deploy_validators","Runtime status is still spec_binding_pending_pack_m24_3; required artifact evidence not promoted. Checked: .github/workflows/billing-runtime.yml, tests/billing, convex/deploy_validators."
accessibility_settings_preference_contract,Sourcera_Master_Spec.md,66866,M.5.4 Catalog index,m11_3,`spec_binding_pending_pack_m11_3`,".github/workflows/deploy-validator.yml, .github/workflows/test-strategy.yml, convex/deploy_validators, tests/integration","Runtime status is still spec_binding_pending_pack_m11_3; required artifact evidence not promoted. Checked: .github/workflows/deploy-validator.yml, .github/workflows/test-strategy.yml, convex/deploy_validators, tests/integration."
no_hardcoded_directional_css,Sourcera_Master_Spec.md,66869,M.5.4 Catalog index,m02_3,`spec_binding_pending_pack_m02_3`,tools/spec-lint/gates/no_hardcoded_directional_css.ts,Runtime status is still spec_binding_pending_pack_m02_3; required artifact evidence not promoted. Checked: tools/spec-lint/gates/no_hardcoded_directional_css.ts.
rtl_directionality_runtime_contract,Sourcera_Master_Spec.md,66870,M.5.4 Catalog index,m11_3,`spec_binding_pending_pack_m11_3`,".github/workflows/deploy-validator.yml, .github/workflows/test-strategy.yml, convex/deploy_validators, tests/integration","Runtime status is still spec_binding_pending_pack_m11_3; required artifact evidence not promoted. Checked: .github/workflows/deploy-validator.yml, .github/workflows/test-strategy.yml, convex/deploy_validators, tests/integration."
locale_resolution_engine_contract,Sourcera_Master_Spec.md,66871,M.5.4 Catalog index,m11_3,`spec_binding_pending_pack_m11_3`,".github/workflows/deploy-validator.yml, .github/workflows/test-strategy.yml, convex/deploy_validators, tests/integration","Runtime status is still spec_binding_pending_pack_m11_3; required artifact evidence not promoted. Checked: .github/workflows/deploy-validator.yml, .github/workflows/test-strategy.yml, convex/deploy_validators, tests/integration."
workspace_pulse_health_persistence_contract,Sourcera_Master_Spec.md,66876,M.5.4 Catalog index,m11_3,`spec_binding_pending_pack_m11_3`,".github/workflows/deploy-validator.yml, .github/workflows/test-strategy.yml, convex/deploy_validators, tests/integration","Runtime status is still spec_binding_pending_pack_m11_3; required artifact evidence not promoted. Checked: .github/workflows/deploy-validator.yml, .github/workflows/test-strategy.yml, convex/deploy_validators, tests/integration."
seller_pulse_surface_engine_mapping,Sourcera_Master_Spec.md,66880,M.5.4 Catalog index,m11_3,`spec_binding_pending_pack_m11_3`,".github/workflows/deploy-validator.yml, .github/workflows/test-strategy.yml, convex/deploy_validators, tests/integration","Runtime status is still spec_binding_pending_pack_m11_3; required artifact evidence not promoted. Checked: .github/workflows/deploy-validator.yml, .github/workflows/test-strategy.yml, convex/deploy_validators, tests/integration."
firecrawl_outage_progress_line_substitution,Sourcera_Master_Spec.md,67033,M.5.12 V13 catalog additions (PLG / Growth / Analytics / Hero Moment),m02_3,`spec_binding_pending_pack_m02_3`,tools/spec-lint/gates/firecrawl_outage_progress_line_substitution.ts,Runtime status is still spec_binding_pending_pack_m02_3; required artifact evidence not promoted. Checked: tools/spec-lint/gates/firecrawl_outage_progress_line_substitution.ts.
kb_bootstrap_allowance_compensation_completeness,Sourcera_Master_Spec.md,67034,M.5.12 V13 catalog additions (PLG / Growth / Analytics / Hero Moment),m02_3,`spec_binding_pending_pack_m02_3`,tools/spec-lint/gates/kb_bootstrap_allowance_compensation_completeness.ts,Runtime status is still spec_binding_pending_pack_m02_3; required artifact evidence not promoted. Checked: tools/spec-lint/gates/kb_bootstrap_allowance_compensation_completeness.ts.
buyer_activation_metric_canonical_consumer,Sourcera_Master_Spec.md,67035,M.5.12 V13 catalog additions (PLG / Growth / Analytics / Hero Moment),m21_3,`spec_binding_pending_pack_m21_3`,".github/workflows/marketplace-runtime.yml, convex/deploy_validators, tests/marketplace, tests/analytics","Runtime status is still spec_binding_pending_pack_m21_3; required artifact evidence not promoted. Checked: .github/workflows/marketplace-runtime.yml, convex/deploy_validators, tests/marketplace, tests/analytics."
conversion_funnel_registry_canonical_consumer,Sourcera_Master_Spec.md,67037,M.5.12 V13 catalog additions (PLG / Growth / Analytics / Hero Moment),m02_3,`spec_binding_pending_pack_m02_3`,tools/spec-lint/gates/conversion_funnel_registry_canonical_consumer.ts,Runtime status is still spec_binding_pending_pack_m02_3; required artifact evidence not promoted. Checked: tools/spec-lint/gates/conversion_funnel_registry_canonical_consumer.ts.
usage_dashboard_plan_gating_canonical_6_tier_consumer,Sourcera_Master_Spec.md,67038,M.5.12 V13 catalog additions (PLG / Growth / Analytics / Hero Moment),m21_3,`spec_binding_pending_pack_m21_3`,".github/workflows/marketplace-runtime.yml, convex/deploy_validators, tests/marketplace, tests/analytics","Runtime status is still spec_binding_pending_pack_m21_3; required artifact evidence not promoted. Checked: .github/workflows/marketplace-runtime.yml, convex/deploy_validators, tests/marketplace, tests/analytics."
m16_same_domain_enforcement_dual_point_canonical,Sourcera_Master_Spec.md,67041,M.5.12 V13 catalog additions (PLG / Growth / Analytics / Hero Moment),m02_3,`spec_binding_pending_pack_m02_3`,tools/spec-lint/gates/m16_same_domain_enforcement_dual_point_canonical.ts,Runtime status is still spec_binding_pending_pack_m02_3; required artifact evidence not promoted. Checked: tools/spec-lint/gates/m16_same_domain_enforcement_dual_point_canonical.ts.
solo_tier_buyer_hero_moment_slo_single_source,Sourcera_Master_Spec.md,67048,M.5.12 V13 catalog additions (PLG / Growth / Analytics / Hero Moment),m21_3,`spec_binding_pending_pack_m21_3`,".github/workflows/marketplace-runtime.yml, convex/deploy_validators, tests/marketplace, tests/analytics","Runtime status is still spec_binding_pending_pack_m21_3; required artifact evidence not promoted. Checked: .github/workflows/marketplace-runtime.yml, convex/deploy_validators, tests/marketplace, tests/analytics."
hero_moment_abandonment_recovery_cadence_completeness,Sourcera_Master_Spec.md,67049,M.5.12 V13 catalog additions (PLG / Growth / Analytics / Hero Moment),m02_3,`spec_binding_pending_pack_m02_3`,tools/spec-lint/gates/hero_moment_abandonment_recovery_cadence_completeness.ts,Runtime status is still spec_binding_pending_pack_m02_3; required artifact evidence not promoted. Checked: tools/spec-lint/gates/hero_moment_abandonment_recovery_cadence_completeness.ts.
dsar_erased_seller_excluded_from_recovery_cadence,Sourcera_Master_Spec.md,67050,M.5.12 V13 catalog additions (PLG / Growth / Analytics / Hero Moment),m02_3,`spec_binding_pending_pack_m02_3`,tools/spec-lint/gates/dsar_erased_seller_excluded_from_recovery_cadence.ts,Runtime status is still spec_binding_pending_pack_m02_3; required artifact evidence not promoted. Checked: tools/spec-lint/gates/dsar_erased_seller_excluded_from_recovery_cadence.ts.
dsar_erased_buyer_excluded_from_recovery_cadence,Sourcera_Master_Spec.md,67051,M.5.12 V13 catalog additions (PLG / Growth / Analytics / Hero Moment),m21_3,`spec_binding_pending_pack_m21_3`,".github/workflows/marketplace-runtime.yml, convex/deploy_validators, tests/marketplace, tests/analytics","Runtime status is still spec_binding_pending_pack_m21_3; required artifact evidence not promoted. Checked: .github/workflows/marketplace-runtime.yml, convex/deploy_validators, tests/marketplace, tests/analytics."
posthog_event_payload_single_source_per_event,Sourcera_Master_Spec.md,67052,M.5.12 V13 catalog additions (PLG / Growth / Analytics / Hero Moment),m02_3,`spec_binding_pending_pack_m02_3`,tools/spec-lint/gates/posthog_event_payload_single_source_per_event.ts,Runtime status is still spec_binding_pending_pack_m02_3; required artifact evidence not promoted. Checked: tools/spec-lint/gates/posthog_event_payload_single_source_per_event.ts.
network_effects_dashboard_outage_render_contract,Sourcera_Master_Spec.md,67054,M.5.12 V13 catalog additions (PLG / Growth / Analytics / Hero Moment),m02_3,`spec_binding_pending_pack_m02_3`,tools/spec-lint/gates/network_effects_dashboard_outage_render_contract.ts,Runtime status is still spec_binding_pending_pack_m02_3; required artifact evidence not promoted. Checked: tools/spec-lint/gates/network_effects_dashboard_outage_render_contract.ts.
network_effects_residency_partition_canonical_consumer,Sourcera_Master_Spec.md,67055,M.5.12 V13 catalog additions (PLG / Growth / Analytics / Hero Moment),m21_3,`spec_binding_pending_pack_m21_3`,".github/workflows/marketplace-runtime.yml, convex/deploy_validators, tests/marketplace, tests/analytics","Runtime status is still spec_binding_pending_pack_m21_3; required artifact evidence not promoted. Checked: .github/workflows/marketplace-runtime.yml, convex/deploy_validators, tests/marketplace, tests/analytics."
entitlement_matrix_registry_binding_completeness,Sourcera_Master_Spec.md,67088,M.5.14 v7.2.0-REM Phase 4 catalog additions (P0 Entitlement Registry),m11_3,`spec_binding_pending_pack_m11_3`,".github/workflows/deploy-validator.yml, .github/workflows/test-strategy.yml, convex/deploy_validators, tests/integration","Runtime status is still spec_binding_pending_pack_m11_3; required artifact evidence not promoted. Checked: .github/workflows/deploy-validator.yml, .github/workflows/test-strategy.yml, convex/deploy_validators, tests/integration."
qa_suggestion_family_cardinality,Sourcera_Master_Spec.md,67089,M.5.14 v7.2.0-REM Phase 4 catalog additions (P0 Entitlement Registry),m11_3,`spec_binding_pending_pack_m11_3`,".github/workflows/deploy-validator.yml, .github/workflows/test-strategy.yml, convex/deploy_validators, tests/integration","Runtime status is still spec_binding_pending_pack_m11_3; required artifact evidence not promoted. Checked: .github/workflows/deploy-validator.yml, .github/workflows/test-strategy.yml, convex/deploy_validators, tests/integration."
qa_suggestion_family_outcome_contract_isolation,Sourcera_Master_Spec.md,67090,M.5.14 v7.2.0-REM Phase 4 catalog additions (P0 Entitlement Registry),m11_3,`spec_binding_pending_pack_m11_3`,".github/workflows/deploy-validator.yml, .github/workflows/test-strategy.yml, convex/deploy_validators, tests/integration","Runtime status is still spec_binding_pending_pack_m11_3; required artifact evidence not promoted. Checked: .github/workflows/deploy-validator.yml, .github/workflows/test-strategy.yml, convex/deploy_validators, tests/integration."
kb_suggestion_family_cardinality,Sourcera_Master_Spec.md,67116,M.5.15 v7.2.0-REM Phase 4.2 catalog additions (P0 Entitlement Registry — D-EM-002 Closure + kb_suggestion Family-Rooted Sibling Split),m11_3,`spec_binding_pending_pack_m11_3`,".github/workflows/deploy-validator.yml, .github/workflows/test-strategy.yml, convex/deploy_validators, tests/integration","Runtime status is still spec_binding_pending_pack_m11_3; required artifact evidence not promoted. Checked: .github/workflows/deploy-validator.yml, .github/workflows/test-strategy.yml, convex/deploy_validators, tests/integration."
kb_suggestion_family_outcome_contract_isolation,Sourcera_Master_Spec.md,67117,M.5.15 v7.2.0-REM Phase 4.2 catalog additions (P0 Entitlement Registry — D-EM-002 Closure + kb_suggestion Family-Rooted Sibling Split),m11_3,`spec_binding_pending_pack_m11_3`,".github/workflows/deploy-validator.yml, .github/workflows/test-strategy.yml, convex/deploy_validators, tests/integration","Runtime status is still spec_binding_pending_pack_m11_3; required artifact evidence not promoted. Checked: .github/workflows/deploy-validator.yml, .github/workflows/test-strategy.yml, convex/deploy_validators, tests/integration."
kb_suggestion_alias_console_resolution_integrity,Sourcera_Master_Spec.md,67118,M.5.15 v7.2.0-REM Phase 4.2 catalog additions (P0 Entitlement Registry — D-EM-002 Closure + kb_suggestion Family-Rooted Sibling Split),m11_3,`spec_binding_pending_pack_m11_3`,".github/workflows/deploy-validator.yml, .github/workflows/test-strategy.yml, convex/deploy_validators, tests/integration","Runtime status is still spec_binding_pending_pack_m11_3; required artifact evidence not promoted. Checked: .github/workflows/deploy-validator.yml, .github/workflows/test-strategy.yml, convex/deploy_validators, tests/integration."
first_pass_rfp_draft_outcome_contract_isolation,Sourcera_Master_Spec.md,67142,M.5.16 v7.2.0-REM Phase 4.3 catalog additions (P0 Entitlement Registry — D-EM-003 Closure + first_pass_rfp_draft Per-Requirement Registry Row),m11_3,`spec_binding_pending_pack_m11_3`,".github/workflows/deploy-validator.yml, .github/workflows/test-strategy.yml, convex/deploy_validators, tests/integration","Runtime status is still spec_binding_pending_pack_m11_3; required artifact evidence not promoted. Checked: .github/workflows/deploy-validator.yml, .github/workflows/test-strategy.yml, convex/deploy_validators, tests/integration."
legal_entity_residency_change_revenue_leak_test,Sourcera_Master_Spec.md,67177,M.5.17 v7.2.0-REM Phase 5 catalog additions (P0 Residency & Legal-Entity Reconciliation — D-RES-004 Closure + Stripe Customer Atomic-Binding Protocol),m24_3,`spec_binding_pending_pack_m24_3`,".github/workflows/billing-runtime.yml, tests/billing, convex/deploy_validators","Runtime status is still spec_binding_pending_pack_m24_3; required artifact evidence not promoted. Checked: .github/workflows/billing-runtime.yml, tests/billing, convex/deploy_validators."
org_custom_residency_label_required,Sourcera_Master_Spec.md,67179,M.5.17 v7.2.0-REM Phase 5 catalog additions (P0 Residency & Legal-Entity Reconciliation — D-RES-004 Closure + Stripe Customer Atomic-Binding Protocol),m11_3,`spec_binding_pending_pack_m11_3`,".github/workflows/deploy-validator.yml, .github/workflows/test-strategy.yml, convex/deploy_validators, tests/integration","Runtime status is still spec_binding_pending_pack_m11_3; required artifact evidence not promoted. Checked: .github/workflows/deploy-validator.yml, .github/workflows/test-strategy.yml, convex/deploy_validators, tests/integration."
solo_trial_one_per_org_lifetime,Sourcera_Master_Spec.md,67264,M.5.21 v7.2.0-REM P1 Solo trial additions (D-14.1-002 / D-14.2-002 closure),m02_3,`spec_binding_pending_pack_m02_3`,tools/spec-lint/gates/solo_trial_one_per_org_lifetime.ts,Runtime status is still spec_binding_pending_pack_m02_3; required artifact evidence not promoted. Checked: tools/spec-lint/gates/solo_trial_one_per_org_lifetime.ts.
solo_upgrade_cta_threshold_3_events_30d_subscription_immediate_per_eval_bid,Sourcera_Master_Spec.md,67274,M.5.22 v7.2.0-REM P1 Solo throttling upgrade-CTA additions (D-14.1-003 / D-14.2-003 closure),m02_3,`spec_binding_pending_pack_m02_3`,tools/spec-lint/gates/solo_upgrade_cta_threshold_3_events_30d_subscription_immediate_per_eval_bid.ts,Runtime status is still spec_binding_pending_pack_m02_3; required artifact evidence not promoted. Checked: tools/spec-lint/gates/solo_upgrade_cta_threshold_3_events_30d_subscription_immediate_per_eval_bid.ts.
member_role_permission_completeness,Sourcera_Master_Spec.md,67338,M.5.28 v7.2.0-REM Phase 3.1 RBAC Residual P1 addition (D-3.1-003 / D-3.1-004 / D-3.1-005 / D-3.1-007 / D-3.1-014 closure),m11_3,`spec_binding_pending_pack_m11_3`,".github/workflows/deploy-validator.yml, .github/workflows/test-strategy.yml, convex/deploy_validators, tests/integration","Runtime status is still spec_binding_pending_pack_m11_3; required artifact evidence not promoted. Checked: .github/workflows/deploy-validator.yml, .github/workflows/test-strategy.yml, convex/deploy_validators, tests/integration."
org_admin_billing_read_consistency,Sourcera_Master_Spec.md,67339,M.5.28 v7.2.0-REM Phase 3.1 RBAC Residual P1 addition (D-3.1-003 / D-3.1-004 / D-3.1-005 / D-3.1-007 / D-3.1-014 closure),m11_3,`spec_binding_pending_pack_m11_3`,".github/workflows/deploy-validator.yml, .github/workflows/test-strategy.yml, convex/deploy_validators, tests/integration","Runtime status is still spec_binding_pending_pack_m11_3; required artifact evidence not promoted. Checked: .github/workflows/deploy-validator.yml, .github/workflows/test-strategy.yml, convex/deploy_validators, tests/integration."
buyer_console_role_permission_completeness,Sourcera_Master_Spec.md,67340,M.5.28 v7.2.0-REM Phase 3.1 RBAC Residual P1 addition (D-3.1-003 / D-3.1-004 / D-3.1-005 / D-3.1-007 / D-3.1-014 closure),m11_3,`spec_binding_pending_pack_m11_3`,".github/workflows/deploy-validator.yml, .github/workflows/test-strategy.yml, convex/deploy_validators, tests/integration","Runtime status is still spec_binding_pending_pack_m11_3; required artifact evidence not promoted. Checked: .github/workflows/deploy-validator.yml, .github/workflows/test-strategy.yml, convex/deploy_validators, tests/integration."
seller_console_role_permission_completeness,Sourcera_Master_Spec.md,67341,M.5.28 v7.2.0-REM Phase 3.1 RBAC Residual P1 addition (D-3.1-003 / D-3.1-004 / D-3.1-005 / D-3.1-007 / D-3.1-014 closure),m11_3,`spec_binding_pending_pack_m11_3`,".github/workflows/deploy-validator.yml, .github/workflows/test-strategy.yml, convex/deploy_validators, tests/integration","Runtime status is still spec_binding_pending_pack_m11_3; required artifact evidence not promoted. Checked: .github/workflows/deploy-validator.yml, .github/workflows/test-strategy.yml, convex/deploy_validators, tests/integration."
console_bridge_redaction_kind_completeness,Sourcera_Master_Spec.md,67351,M.5.29 v7.2.0-REM Phase 2.2 Firewall P1 addition (D-2.2-041 closure),m02_3,`spec_binding_pending_pack_m02_3`,tools/spec-lint/gates/console_bridge_redaction_kind_completeness.ts,Runtime status is still spec_binding_pending_pack_m02_3; required artifact evidence not promoted. Checked: tools/spec-lint/gates/console_bridge_redaction_kind_completeness.ts.
seller_onboarding_reactivation_single_source,Sourcera_Master_Spec.md,67361,M.5.30 v7.2.0-REM Phase 5.7 Seller Onboarding Lifecycle P1 addition (D-5.7-002 / D-5.7-003 closure),m11_3,`spec_binding_pending_pack_m11_3`,".github/workflows/deploy-validator.yml, .github/workflows/test-strategy.yml, convex/deploy_validators, tests/integration","Runtime status is still spec_binding_pending_pack_m11_3; required artifact evidence not promoted. Checked: .github/workflows/deploy-validator.yml, .github/workflows/test-strategy.yml, convex/deploy_validators, tests/integration."
seller_onboarding_staleness_window_single_source,Sourcera_Master_Spec.md,67362,M.5.30 v7.2.0-REM Phase 5.7 Seller Onboarding Lifecycle P1 addition (D-5.7-002 / D-5.7-003 closure),m11_3,`spec_binding_pending_pack_m11_3`,".github/workflows/deploy-validator.yml, .github/workflows/test-strategy.yml, convex/deploy_validators, tests/integration","Runtime status is still spec_binding_pending_pack_m11_3; required artifact evidence not promoted. Checked: .github/workflows/deploy-validator.yml, .github/workflows/test-strategy.yml, convex/deploy_validators, tests/integration."
email_bounce_complaint_suppression_runtime,Sourcera_Master_Spec.md,67539,"M.5.45 v7.2.0-REM Phase 41 Email Domain P1 addition (D-41-001 through D-41-008, D-41-012, D-41-014 closure)",m02_3,`spec_binding_pending_pack_m02_3`,tools/spec-lint/gates/email_bounce_complaint_suppression_runtime.ts,Runtime status is still spec_binding_pending_pack_m02_3; required artifact evidence not promoted. Checked: tools/spec-lint/gates/email_bounce_complaint_suppression_runtime.ts.
contest_window_db_trigger_present,Sourcera_Master_Spec.md,67556,M.5.46 v7.2.0-REM Phase CONS Pricing Core P1 addition (D-CONS-003 through D-CONS-013 closure),m11_3,`spec_binding_pending_pack_m11_3`,".github/workflows/deploy-validator.yml, .github/workflows/test-strategy.yml, convex/deploy_validators, tests/integration","Runtime status is still spec_binding_pending_pack_m11_3; required artifact evidence not promoted. Checked: .github/workflows/deploy-validator.yml, .github/workflows/test-strategy.yml, convex/deploy_validators, tests/integration."
free_allowance_plan_entitlement_partitioning,Sourcera_Master_Spec.md,67557,M.5.46 v7.2.0-REM Phase CONS Pricing Core P1 addition (D-CONS-003 through D-CONS-013 closure),m11_3,`spec_binding_pending_pack_m11_3`,".github/workflows/deploy-validator.yml, .github/workflows/test-strategy.yml, convex/deploy_validators, tests/integration","Runtime status is still spec_binding_pending_pack_m11_3; required artifact evidence not promoted. Checked: .github/workflows/deploy-validator.yml, .github/workflows/test-strategy.yml, convex/deploy_validators, tests/integration."
wallet_auto_topup_period_cap_counter_completeness,Sourcera_Master_Spec.md,67560,M.5.46 v7.2.0-REM Phase CONS Pricing Core P1 addition (D-CONS-003 through D-CONS-013 closure),m11_3,`spec_binding_pending_pack_m11_3`,".github/workflows/deploy-validator.yml, .github/workflows/test-strategy.yml, convex/deploy_validators, tests/integration","Runtime status is still spec_binding_pending_pack_m11_3; required artifact evidence not promoted. Checked: .github/workflows/deploy-validator.yml, .github/workflows/test-strategy.yml, convex/deploy_validators, tests/integration."
buyer_inbox_pulse_api_contract_completeness,Sourcera_Master_Spec.md,67574,"M.5.47 v7.2.0-REM Phase 4.11 Inbox and Pulse P1 continuation addition (D-4.11-006, D-4.11-008 through D-4.11-016 closure)",m02_3,`spec_binding_pending_pack_m02_3`,tools/spec-lint/gates/buyer_inbox_pulse_api_contract_completeness.ts,Runtime status is still spec_binding_pending_pack_m02_3; required artifact evidence not promoted. Checked: tools/spec-lint/gates/buyer_inbox_pulse_api_contract_completeness.ts.
inbox_pulse_plan_gating_coverage,Sourcera_Master_Spec.md,67576,"M.5.47 v7.2.0-REM Phase 4.11 Inbox and Pulse P1 continuation addition (D-4.11-006, D-4.11-008 through D-4.11-016 closure)",m02_3,`spec_binding_pending_pack_m02_3`,tools/spec-lint/gates/inbox_pulse_plan_gating_coverage.ts,Runtime status is still spec_binding_pending_pack_m02_3; required artifact evidence not promoted. Checked: tools/spec-lint/gates/inbox_pulse_plan_gating_coverage.ts.
pulse_digest_summary_firewall,Sourcera_Master_Spec.md,67577,"M.5.47 v7.2.0-REM Phase 4.11 Inbox and Pulse P1 continuation addition (D-4.11-006, D-4.11-008 through D-4.11-016 closure)",m11_3,`spec_binding_pending_pack_m11_3`,".github/workflows/deploy-validator.yml, .github/workflows/test-strategy.yml, convex/deploy_validators, tests/integration","Runtime status is still spec_binding_pending_pack_m11_3; required artifact evidence not promoted. Checked: .github/workflows/deploy-validator.yml, .github/workflows/test-strategy.yml, convex/deploy_validators, tests/integration."
pulse_digest_day_enum_canonicality,Sourcera_Master_Spec.md,67579,"M.5.47 v7.2.0-REM Phase 4.11 Inbox and Pulse P1 continuation addition (D-4.11-006, D-4.11-008 through D-4.11-016 closure)",m02_3,`spec_binding_pending_pack_m02_3`,tools/spec-lint/gates/pulse_digest_day_enum_canonicality.ts,Runtime status is still spec_binding_pending_pack_m02_3; required artifact evidence not promoted. Checked: tools/spec-lint/gates/pulse_digest_day_enum_canonicality.ts.
inbox_mutation_idempotency_contract,Sourcera_Master_Spec.md,67580,"M.5.47 v7.2.0-REM Phase 4.11 Inbox and Pulse P1 continuation addition (D-4.11-006, D-4.11-008 through D-4.11-016 closure)",m11_3,`spec_binding_pending_pack_m11_3`,".github/workflows/deploy-validator.yml, .github/workflows/test-strategy.yml, convex/deploy_validators, tests/integration","Runtime status is still spec_binding_pending_pack_m11_3; required artifact evidence not promoted. Checked: .github/workflows/deploy-validator.yml, .github/workflows/test-strategy.yml, convex/deploy_validators, tests/integration."
pulse_dependency_degraded_mode_contract,Sourcera_Master_Spec.md,67581,"M.5.47 v7.2.0-REM Phase 4.11 Inbox and Pulse P1 continuation addition (D-4.11-006, D-4.11-008 through D-4.11-016 closure)",m02_3,`spec_binding_pending_pack_m02_3`,tools/spec-lint/gates/pulse_dependency_degraded_mode_contract.ts,Runtime status is still spec_binding_pending_pack_m02_3; required artifact evidence not promoted. Checked: tools/spec-lint/gates/pulse_dependency_degraded_mode_contract.ts.
agent_threshold_config_contract_completeness,Sourcera_Master_Spec.md,67593,M.5.48 v7.2.0-REM Phase 4.12 Agent Core P1 addition (D-4.12-001 / -013 / -018 / -019 / -025 / -029 / -035 closure),m02_3,`spec_binding_pending_pack_m02_3`,tools/spec-lint/gates/agent_threshold_config_contract_completeness.ts,Runtime status is still spec_binding_pending_pack_m02_3; required artifact evidence not promoted. Checked: tools/spec-lint/gates/agent_threshold_config_contract_completeness.ts.
agent_feedback_no_model_training,Sourcera_Master_Spec.md,67594,M.5.48 v7.2.0-REM Phase 4.12 Agent Core P1 addition (D-4.12-001 / -013 / -018 / -019 / -025 / -029 / -035 closure),m11_3,`spec_binding_pending_pack_m11_3`,".github/workflows/deploy-validator.yml, .github/workflows/test-strategy.yml, convex/deploy_validators, tests/integration","Runtime status is still spec_binding_pending_pack_m11_3; required artifact evidence not promoted. Checked: .github/workflows/deploy-validator.yml, .github/workflows/test-strategy.yml, convex/deploy_validators, tests/integration."
agent_prompt_injection_catalog_consistency,Sourcera_Master_Spec.md,67595,M.5.48 v7.2.0-REM Phase 4.12 Agent Core P1 addition (D-4.12-001 / -013 / -018 / -019 / -025 / -029 / -035 closure),m02_3,`spec_binding_pending_pack_m02_3`,tools/spec-lint/gates/agent_prompt_injection_catalog_consistency.ts,Runtime status is still spec_binding_pending_pack_m02_3; required artifact evidence not promoted. Checked: tools/spec-lint/gates/agent_prompt_injection_catalog_consistency.ts.
custom_agent_instructions_contract_completeness,Sourcera_Master_Spec.md,67596,M.5.48 v7.2.0-REM Phase 4.12 Agent Core P1 addition (D-4.12-001 / -013 / -018 / -019 / -025 / -029 / -035 closure),m02_3,`spec_binding_pending_pack_m02_3`,tools/spec-lint/gates/custom_agent_instructions_contract_completeness.ts,Runtime status is still spec_binding_pending_pack_m02_3; required artifact evidence not promoted. Checked: tools/spec-lint/gates/custom_agent_instructions_contract_completeness.ts.
agent_output_surface_registry_consistency,Sourcera_Master_Spec.md,67597,M.5.48 v7.2.0-REM Phase 4.12 Agent Core P1 addition (D-4.12-001 / -013 / -018 / -019 / -025 / -029 / -035 closure),m02_3,`spec_binding_pending_pack_m02_3`,tools/spec-lint/gates/agent_output_surface_registry_consistency.ts,Runtime status is still spec_binding_pending_pack_m02_3; required artifact evidence not promoted. Checked: tools/spec-lint/gates/agent_output_surface_registry_consistency.ts.
policy_ingestion_partial_resume_idempotency,Sourcera_Master_Spec.md,67611,M.5.49 v7.2.0-REM Phase 12 Policy Ingestion P1 addition (D-12-001 / -003 / -005 / -007 / -009 / -010 / -011 / -013 / -018 / -022 closure),m11_3,`spec_binding_pending_pack_m11_3`,".github/workflows/deploy-validator.yml, .github/workflows/test-strategy.yml, convex/deploy_validators, tests/integration","Runtime status is still spec_binding_pending_pack_m11_3; required artifact evidence not promoted. Checked: .github/workflows/deploy-validator.yml, .github/workflows/test-strategy.yml, convex/deploy_validators, tests/integration."
policy_ingestion_parent_child_settlement,Sourcera_Master_Spec.md,67613,M.5.49 v7.2.0-REM Phase 12 Policy Ingestion P1 addition (D-12-001 / -003 / -005 / -007 / -009 / -010 / -011 / -013 / -018 / -022 closure),m11_3,`spec_binding_pending_pack_m11_3`,".github/workflows/deploy-validator.yml, .github/workflows/test-strategy.yml, convex/deploy_validators, tests/integration","Runtime status is still spec_binding_pending_pack_m11_3; required artifact evidence not promoted. Checked: .github/workflows/deploy-validator.yml, .github/workflows/test-strategy.yml, convex/deploy_validators, tests/integration."
policy_ingestion_buyer_console_firewall,Sourcera_Master_Spec.md,67615,M.5.49 v7.2.0-REM Phase 12 Policy Ingestion P1 addition (D-12-001 / -003 / -005 / -007 / -009 / -010 / -011 / -013 / -018 / -022 closure),m11_3,`spec_binding_pending_pack_m11_3`,".github/workflows/deploy-validator.yml, .github/workflows/test-strategy.yml, convex/deploy_validators, tests/integration","Runtime status is still spec_binding_pending_pack_m11_3; required artifact evidence not promoted. Checked: .github/workflows/deploy-validator.yml, .github/workflows/test-strategy.yml, convex/deploy_validators, tests/integration."
workspace_template_idempotency_atomicity,Sourcera_Master_Spec.md,67630,M.5.50 v7.2.0-REM Phase 4.10 Template Library API/Event P1 addition (D-4.10-006 / -007 / -008 / -016 closure),m11_3,`spec_binding_pending_pack_m11_3`,".github/workflows/deploy-validator.yml, .github/workflows/test-strategy.yml, convex/deploy_validators, tests/integration","Runtime status is still spec_binding_pending_pack_m11_3; required artifact evidence not promoted. Checked: .github/workflows/deploy-validator.yml, .github/workflows/test-strategy.yml, convex/deploy_validators, tests/integration."
scenario_modeling_entity_contract_resolution,Sourcera_Master_Spec.md,67642,M.5.51 v7.2.0-REM Phase 4.5 Scenario Modeling P1 addition (D-4.5-002 / -003 / -004 / -005 / -006 / -007 / -009 / -011 / -015 closure),m02_3,`spec_binding_pending_pack_m02_3`,tools/spec-lint/gates/scenario_modeling_entity_contract_resolution.ts,Runtime status is still spec_binding_pending_pack_m02_3; required artifact evidence not promoted. Checked: tools/spec-lint/gates/scenario_modeling_entity_contract_resolution.ts.
scenario_modeling_plan_cap_single_source,Sourcera_Master_Spec.md,67643,M.5.51 v7.2.0-REM Phase 4.5 Scenario Modeling P1 addition (D-4.5-002 / -003 / -004 / -005 / -006 / -007 / -009 / -011 / -015 closure),m02_3,`spec_binding_pending_pack_m02_3`,tools/spec-lint/gates/scenario_modeling_plan_cap_single_source.ts,Runtime status is still spec_binding_pending_pack_m02_3; required artifact evidence not promoted. Checked: tools/spec-lint/gates/scenario_modeling_plan_cap_single_source.ts.
scenario_modeling_endpoint_contract_completeness,Sourcera_Master_Spec.md,67644,M.5.51 v7.2.0-REM Phase 4.5 Scenario Modeling P1 addition (D-4.5-002 / -003 / -004 / -005 / -006 / -007 / -009 / -011 / -015 closure),m02_3,`spec_binding_pending_pack_m02_3`,tools/spec-lint/gates/scenario_modeling_endpoint_contract_completeness.ts,Runtime status is still spec_binding_pending_pack_m02_3; required artifact evidence not promoted. Checked: tools/spec-lint/gates/scenario_modeling_endpoint_contract_completeness.ts.
scenario_modeling_event_catalog_consistency,Sourcera_Master_Spec.md,67645,M.5.51 v7.2.0-REM Phase 4.5 Scenario Modeling P1 addition (D-4.5-002 / -003 / -004 / -005 / -006 / -007 / -009 / -011 / -015 closure),m02_3,`spec_binding_pending_pack_m02_3`,tools/spec-lint/gates/scenario_modeling_event_catalog_consistency.ts,Runtime status is still spec_binding_pending_pack_m02_3; required artifact evidence not promoted. Checked: tools/spec-lint/gates/scenario_modeling_event_catalog_consistency.ts.
scenario_modeling_lifecycle_state_machine,Sourcera_Master_Spec.md,67646,M.5.51 v7.2.0-REM Phase 4.5 Scenario Modeling P1 addition (D-4.5-002 / -003 / -004 / -005 / -006 / -007 / -009 / -011 / -015 closure),m02_3,`spec_binding_pending_pack_m02_3`,tools/spec-lint/gates/scenario_modeling_lifecycle_state_machine.ts,Runtime status is still spec_binding_pending_pack_m02_3; required artifact evidence not promoted. Checked: tools/spec-lint/gates/scenario_modeling_lifecycle_state_machine.ts.
scenario_modeling_aioperation_settlement,Sourcera_Master_Spec.md,67647,M.5.51 v7.2.0-REM Phase 4.5 Scenario Modeling P1 addition (D-4.5-002 / -003 / -004 / -005 / -006 / -007 / -009 / -011 / -015 closure),m11_3,`spec_binding_pending_pack_m11_3`,".github/workflows/deploy-validator.yml, .github/workflows/test-strategy.yml, convex/deploy_validators, tests/integration","Runtime status is still spec_binding_pending_pack_m11_3; required artifact evidence not promoted. Checked: .github/workflows/deploy-validator.yml, .github/workflows/test-strategy.yml, convex/deploy_validators, tests/integration."
scenario_modeling_appendix_m_surface_coverage,Sourcera_Master_Spec.md,67648,M.5.51 v7.2.0-REM Phase 4.5 Scenario Modeling P1 addition (D-4.5-002 / -003 / -004 / -005 / -006 / -007 / -009 / -011 / -015 closure),m02_3,`spec_binding_pending_pack_m02_3`,tools/spec-lint/gates/scenario_modeling_appendix_m_surface_coverage.ts,Runtime status is still spec_binding_pending_pack_m02_3; required artifact evidence not promoted. Checked: tools/spec-lint/gates/scenario_modeling_appendix_m_surface_coverage.ts.
entitlement_matrix_non_ai_runtime_branching,Sourcera_Master_Spec.md,67663,M.5.52 v7.2.0-REM Phase EM Entitlement Matrix P1 addition (D-EM-005 / -006 / -007 / -009 / -010 / -011 / -013 / -014 / -018 closure),m11_3,`spec_binding_pending_pack_m11_3`,".github/workflows/deploy-validator.yml, .github/workflows/test-strategy.yml, convex/deploy_validators, tests/integration","Runtime status is still spec_binding_pending_pack_m11_3; required artifact evidence not promoted. Checked: .github/workflows/deploy-validator.yml, .github/workflows/test-strategy.yml, convex/deploy_validators, tests/integration."
qa_thread_numeric_single_source,Sourcera_Master_Spec.md,67690,M.5.54 v7.2.0-REM Phase 4.9 Q&A Residual P1 addition (D-4.9-010 / D-4.9-011 / D-4.9-014 closure),m02_3,`spec_binding_pending_pack_m02_3`,tools/spec-lint/gates/qa_thread_numeric_single_source.ts,Runtime status is still spec_binding_pending_pack_m02_3; required artifact evidence not promoted. Checked: tools/spec-lint/gates/qa_thread_numeric_single_source.ts.
appendix_m_qa_section_completeness,Sourcera_Master_Spec.md,67691,M.5.54 v7.2.0-REM Phase 4.9 Q&A Residual P1 addition (D-4.9-010 / D-4.9-011 / D-4.9-014 closure),m02_3,`spec_binding_pending_pack_m02_3`,tools/spec-lint/gates/appendix_m_qa_section_completeness.ts,Runtime status is still spec_binding_pending_pack_m02_3; required artifact evidence not promoted. Checked: tools/spec-lint/gates/appendix_m_qa_section_completeness.ts.
appendix_m_qa_phase_and_tier_consistency,Sourcera_Master_Spec.md,67692,M.5.54 v7.2.0-REM Phase 4.9 Q&A Residual P1 addition (D-4.9-010 / D-4.9-011 / D-4.9-014 closure),m02_3,`spec_binding_pending_pack_m02_3`,tools/spec-lint/gates/appendix_m_qa_phase_and_tier_consistency.ts,Runtime status is still spec_binding_pending_pack_m02_3; required artifact evidence not promoted. Checked: tools/spec-lint/gates/appendix_m_qa_phase_and_tier_consistency.ts.
qa_suggestion_cross_console_firewall_boundary,Sourcera_Master_Spec.md,67693,M.5.54 v7.2.0-REM Phase 4.9 Q&A Residual P1 addition (D-4.9-010 / D-4.9-011 / D-4.9-014 closure),m11_3,`spec_binding_pending_pack_m11_3`,".github/workflows/deploy-validator.yml, .github/workflows/test-strategy.yml, convex/deploy_validators, tests/integration","Runtime status is still spec_binding_pending_pack_m11_3; required artifact evidence not promoted. Checked: .github/workflows/deploy-validator.yml, .github/workflows/test-strategy.yml, convex/deploy_validators, tests/integration."
marketplace_match_score_entity_field_table_completeness,Sourcera_Master_Spec.md,67705,M.5.55 v7.2.0-REM Phase 6.2 Match Score Entity P1 addition (D-6.2-001 / D-6.2-006 closure),m02_3,`spec_binding_pending_pack_m02_3`,tools/spec-lint/gates/marketplace_match_score_entity_field_table_completeness.ts,Runtime status is still spec_binding_pending_pack_m02_3; required artifact evidence not promoted. Checked: tools/spec-lint/gates/marketplace_match_score_entity_field_table_completeness.ts.
marketplace_match_score_forward_reference_resolution,Sourcera_Master_Spec.md,67706,M.5.55 v7.2.0-REM Phase 6.2 Match Score Entity P1 addition (D-6.2-001 / D-6.2-006 closure),m02_3,`spec_binding_pending_pack_m02_3`,tools/spec-lint/gates/marketplace_match_score_forward_reference_resolution.ts,Runtime status is still spec_binding_pending_pack_m02_3; required artifact evidence not promoted. Checked: tools/spec-lint/gates/marketplace_match_score_forward_reference_resolution.ts.
marketplace_match_score_snapshot_tuple_uniqueness,Sourcera_Master_Spec.md,67707,M.5.55 v7.2.0-REM Phase 6.2 Match Score Entity P1 addition (D-6.2-001 / D-6.2-006 closure),m11_3,`spec_binding_pending_pack_m11_3`,".github/workflows/deploy-validator.yml, .github/workflows/test-strategy.yml, convex/deploy_validators, tests/integration","Runtime status is still spec_binding_pending_pack_m11_3; required artifact evidence not promoted. Checked: .github/workflows/deploy-validator.yml, .github/workflows/test-strategy.yml, convex/deploy_validators, tests/integration."
marketplace_proactive_offer_entity_contract_completeness,Sourcera_Master_Spec.md,67719,M.5.56 v7.2.0-REM Phase 6.2 MarketplaceProactiveOffer P1 addition (D-6.2-015 closure),m02_3,`spec_binding_pending_pack_m02_3`,tools/spec-lint/gates/marketplace_proactive_offer_entity_contract_completeness.ts,Runtime status is still spec_binding_pending_pack_m02_3; required artifact evidence not promoted. Checked: tools/spec-lint/gates/marketplace_proactive_offer_entity_contract_completeness.ts.
marketplace_proactive_offer_offer_kind_channel_split,Sourcera_Master_Spec.md,67720,M.5.56 v7.2.0-REM Phase 6.2 MarketplaceProactiveOffer P1 addition (D-6.2-015 closure),m02_3,`spec_binding_pending_pack_m02_3`,tools/spec-lint/gates/marketplace_proactive_offer_offer_kind_channel_split.ts,Runtime status is still spec_binding_pending_pack_m02_3; required artifact evidence not promoted. Checked: tools/spec-lint/gates/marketplace_proactive_offer_offer_kind_channel_split.ts.
marketplace_proactive_offer_pre_acceptance_redaction,Sourcera_Master_Spec.md,67721,M.5.56 v7.2.0-REM Phase 6.2 MarketplaceProactiveOffer P1 addition (D-6.2-015 closure),m11_3,`spec_binding_pending_pack_m11_3`,".github/workflows/deploy-validator.yml, .github/workflows/test-strategy.yml, convex/deploy_validators, tests/integration","Runtime status is still spec_binding_pending_pack_m11_3; required artifact evidence not promoted. Checked: .github/workflows/deploy-validator.yml, .github/workflows/test-strategy.yml, convex/deploy_validators, tests/integration."
marketplace_proactive_offer_lifecycle_state_machine,Sourcera_Master_Spec.md,67722,M.5.56 v7.2.0-REM Phase 6.2 MarketplaceProactiveOffer P1 addition (D-6.2-015 closure),m11_3,`spec_binding_pending_pack_m11_3`,".github/workflows/deploy-validator.yml, .github/workflows/test-strategy.yml, convex/deploy_validators, tests/integration","Runtime status is still spec_binding_pending_pack_m11_3; required artifact evidence not promoted. Checked: .github/workflows/deploy-validator.yml, .github/workflows/test-strategy.yml, convex/deploy_validators, tests/integration."
mcp_tool_catalog_diagram_consistency,Sourcera_Master_Spec.md,67734,M.5.57 v7.2.0-REM Phase 5.2 KB / MCP P1 addition (D-5.2-001 / D-5.2-002 / D-5.2-003 / D-5.2-004 / D-5.2-005 / D-5.2-009 / D-5.2-017 / D-5.2-021 closure),m02_3,`spec_binding_pending_pack_m02_3`,tools/spec-lint/gates/mcp_tool_catalog_diagram_consistency.ts,Runtime status is still spec_binding_pending_pack_m02_3; required artifact evidence not promoted. Checked: tools/spec-lint/gates/mcp_tool_catalog_diagram_consistency.ts.
kb_review_cadence_default_single_source,Sourcera_Master_Spec.md,67735,M.5.57 v7.2.0-REM Phase 5.2 KB / MCP P1 addition (D-5.2-001 / D-5.2-002 / D-5.2-003 / D-5.2-004 / D-5.2-005 / D-5.2-009 / D-5.2-017 / D-5.2-021 closure),m02_3,`spec_binding_pending_pack_m02_3`,tools/spec-lint/gates/kb_review_cadence_default_single_source.ts,Runtime status is still spec_binding_pending_pack_m02_3; required artifact evidence not promoted. Checked: tools/spec-lint/gates/kb_review_cadence_default_single_source.ts.
kb_lifecycle_state_alias_contract,Sourcera_Master_Spec.md,67736,M.5.57 v7.2.0-REM Phase 5.2 KB / MCP P1 addition (D-5.2-001 / D-5.2-002 / D-5.2-003 / D-5.2-004 / D-5.2-005 / D-5.2-009 / D-5.2-017 / D-5.2-021 closure),m02_3,`spec_binding_pending_pack_m02_3`,tools/spec-lint/gates/kb_lifecycle_state_alias_contract.ts,Runtime status is still spec_binding_pending_pack_m02_3; required artifact evidence not promoted. Checked: tools/spec-lint/gates/kb_lifecycle_state_alias_contract.ts.
kb_retrieve_freshness_enum_completeness,Sourcera_Master_Spec.md,67737,M.5.57 v7.2.0-REM Phase 5.2 KB / MCP P1 addition (D-5.2-001 / D-5.2-002 / D-5.2-003 / D-5.2-004 / D-5.2-005 / D-5.2-009 / D-5.2-017 / D-5.2-021 closure),m02_3,`spec_binding_pending_pack_m02_3`,tools/spec-lint/gates/kb_retrieve_freshness_enum_completeness.ts,Runtime status is still spec_binding_pending_pack_m02_3; required artifact evidence not promoted. Checked: tools/spec-lint/gates/kb_retrieve_freshness_enum_completeness.ts.
mcp_session_token_record_entity_home,Sourcera_Master_Spec.md,67738,M.5.57 v7.2.0-REM Phase 5.2 KB / MCP P1 addition (D-5.2-001 / D-5.2-002 / D-5.2-003 / D-5.2-004 / D-5.2-005 / D-5.2-009 / D-5.2-017 / D-5.2-021 closure),m11_3,`spec_binding_pending_pack_m11_3`,".github/workflows/deploy-validator.yml, .github/workflows/test-strategy.yml, convex/deploy_validators, tests/integration","Runtime status is still spec_binding_pending_pack_m11_3; required artifact evidence not promoted. Checked: .github/workflows/deploy-validator.yml, .github/workflows/test-strategy.yml, convex/deploy_validators, tests/integration."
kb_mcp_webhook_alert_catalog_completeness,Sourcera_Master_Spec.md,67739,M.5.57 v7.2.0-REM Phase 5.2 KB / MCP P1 addition (D-5.2-001 / D-5.2-002 / D-5.2-003 / D-5.2-004 / D-5.2-005 / D-5.2-009 / D-5.2-017 / D-5.2-021 closure),m11_3,`spec_binding_pending_pack_m11_3`,".github/workflows/deploy-validator.yml, .github/workflows/test-strategy.yml, convex/deploy_validators, tests/integration","Runtime status is still spec_binding_pending_pack_m11_3; required artifact evidence not promoted. Checked: .github/workflows/deploy-validator.yml, .github/workflows/test-strategy.yml, convex/deploy_validators, tests/integration."
seller_profile_public_field_contract_completeness,Sourcera_Master_Spec.md,67751,M.5.58 v7.2.0-REM Phase 5.6 Seller Profiles / Public Pages P1 addition (D-5.6-001 / -002 / -003 / -004 / -005 / -006 / -007 / -008 / -009 / -010 / -019 / -020 / -021 closure),m02_3,`spec_binding_pending_pack_m02_3`,tools/spec-lint/gates/seller_profile_public_field_contract_completeness.ts,Runtime status is still spec_binding_pending_pack_m02_3; required artifact evidence not promoted. Checked: tools/spec-lint/gates/seller_profile_public_field_contract_completeness.ts.
verification_tier_criteria_single_source,Sourcera_Master_Spec.md,67752,M.5.58 v7.2.0-REM Phase 5.6 Seller Profiles / Public Pages P1 addition (D-5.6-001 / -002 / -003 / -004 / -005 / -006 / -007 / -008 / -009 / -010 / -019 / -020 / -021 closure),m02_3,`spec_binding_pending_pack_m02_3`,tools/spec-lint/gates/verification_tier_criteria_single_source.ts,Runtime status is still spec_binding_pending_pack_m02_3; required artifact evidence not promoted. Checked: tools/spec-lint/gates/verification_tier_criteria_single_source.ts.
capability_declaration_section_26_no_shadow_schema,Sourcera_Master_Spec.md,67753,M.5.58 v7.2.0-REM Phase 5.6 Seller Profiles / Public Pages P1 addition (D-5.6-001 / -002 / -003 / -004 / -005 / -006 / -007 / -008 / -009 / -010 / -019 / -020 / -021 closure),m02_3,`spec_binding_pending_pack_m02_3`,tools/spec-lint/gates/capability_declaration_section_26_no_shadow_schema.ts,Runtime status is still spec_binding_pending_pack_m02_3; required artifact evidence not promoted. Checked: tools/spec-lint/gates/capability_declaration_section_26_no_shadow_schema.ts.
seller_page_enrichment_capability_id_single_source,Sourcera_Master_Spec.md,67754,M.5.58 v7.2.0-REM Phase 5.6 Seller Profiles / Public Pages P1 addition (D-5.6-001 / -002 / -003 / -004 / -005 / -006 / -007 / -008 / -009 / -010 / -019 / -020 / -021 closure),m02_3,`spec_binding_pending_pack_m02_3`,tools/spec-lint/gates/seller_page_enrichment_capability_id_single_source.ts,Runtime status is still spec_binding_pending_pack_m02_3; required artifact evidence not promoted. Checked: tools/spec-lint/gates/seller_page_enrichment_capability_id_single_source.ts.
seller_software_transfer_request_entity_home,Sourcera_Master_Spec.md,67755,M.5.58 v7.2.0-REM Phase 5.6 Seller Profiles / Public Pages P1 addition (D-5.6-001 / -002 / -003 / -004 / -005 / -006 / -007 / -008 / -009 / -010 / -019 / -020 / -021 closure),m11_3,`spec_binding_pending_pack_m11_3`,".github/workflows/deploy-validator.yml, .github/workflows/test-strategy.yml, convex/deploy_validators, tests/integration","Runtime status is still spec_binding_pending_pack_m11_3; required artifact evidence not promoted. Checked: .github/workflows/deploy-validator.yml, .github/workflows/test-strategy.yml, convex/deploy_validators, tests/integration."
seller_software_unclaimed_stub_render_mode,Sourcera_Master_Spec.md,67756,M.5.58 v7.2.0-REM Phase 5.6 Seller Profiles / Public Pages P1 addition (D-5.6-001 / -002 / -003 / -004 / -005 / -006 / -007 / -008 / -009 / -010 / -019 / -020 / -021 closure),m02_3,`spec_binding_pending_pack_m02_3`,tools/spec-lint/gates/seller_software_unclaimed_stub_render_mode.ts,Runtime status is still spec_binding_pending_pack_m02_3; required artifact evidence not promoted. Checked: tools/spec-lint/gates/seller_software_unclaimed_stub_render_mode.ts.
opt_out_http_response_single_source,Sourcera_Master_Spec.md,67757,M.5.58 v7.2.0-REM Phase 5.6 Seller Profiles / Public Pages P1 addition (D-5.6-001 / -002 / -003 / -004 / -005 / -006 / -007 / -008 / -009 / -010 / -019 / -020 / -021 closure),m02_3,`spec_binding_pending_pack_m02_3`,tools/spec-lint/gates/opt_out_http_response_single_source.ts,Runtime status is still spec_binding_pending_pack_m02_3; required artifact evidence not promoted. Checked: tools/spec-lint/gates/opt_out_http_response_single_source.ts.
responsive_breakpoint_enum_registry_completeness,Sourcera_Master_Spec.md,67769,M.5.59 v7.2.0-REM Phase 38 Responsive / Mobile P1 addition (D-38-001 / -002 / -003 / -004 / -005 / -006 / -009 / -020 closure),m02_3,`spec_binding_pending_pack_m02_3`,tools/spec-lint/gates/responsive_breakpoint_enum_registry_completeness.ts,Runtime status is still spec_binding_pending_pack_m02_3; required artifact evidence not promoted. Checked: tools/spec-lint/gates/responsive_breakpoint_enum_registry_completeness.ts.
responsive_posthog_event_catalog_completeness,Sourcera_Master_Spec.md,67770,M.5.59 v7.2.0-REM Phase 38 Responsive / Mobile P1 addition (D-38-001 / -002 / -003 / -004 / -005 / -006 / -009 / -020 closure),m02_3,`spec_binding_pending_pack_m02_3`,tools/spec-lint/gates/responsive_posthog_event_catalog_completeness.ts,Runtime status is still spec_binding_pending_pack_m02_3; required artifact evidence not promoted. Checked: tools/spec-lint/gates/responsive_posthog_event_catalog_completeness.ts.
responsive_mobile_error_catalog_completeness,Sourcera_Master_Spec.md,67771,M.5.59 v7.2.0-REM Phase 38 Responsive / Mobile P1 addition (D-38-001 / -002 / -003 / -004 / -005 / -006 / -009 / -020 closure),m02_3,`spec_binding_pending_pack_m02_3`,tools/spec-lint/gates/responsive_mobile_error_catalog_completeness.ts,Runtime status is still spec_binding_pending_pack_m02_3; required artifact evidence not promoted. Checked: tools/spec-lint/gates/responsive_mobile_error_catalog_completeness.ts.
responsive_design_appendix_m_surface_coverage,Sourcera_Master_Spec.md,67772,M.5.59 v7.2.0-REM Phase 38 Responsive / Mobile P1 addition (D-38-001 / -002 / -003 / -004 / -005 / -006 / -009 / -020 closure),m02_3,`spec_binding_pending_pack_m02_3`,tools/spec-lint/gates/responsive_design_appendix_m_surface_coverage.ts,Runtime status is still spec_binding_pending_pack_m02_3; required artifact evidence not promoted. Checked: tools/spec-lint/gates/responsive_design_appendix_m_surface_coverage.ts.
responsive_conformance_suite,Sourcera_Master_Spec.md,67773,M.5.59 v7.2.0-REM Phase 38 Responsive / Mobile P1 addition (D-38-001 / -002 / -003 / -004 / -005 / -006 / -009 / -020 closure),m21_3,`spec_binding_pending_pack_m21_3`,".github/workflows/marketplace-runtime.yml, convex/deploy_validators, tests/marketplace, tests/analytics","Runtime status is still spec_binding_pending_pack_m21_3; required artifact evidence not promoted. Checked: .github/workflows/marketplace-runtime.yml, convex/deploy_validators, tests/marketplace, tests/analytics."
tap_count_probe,Sourcera_Master_Spec.md,67774,M.5.59 v7.2.0-REM Phase 38 Responsive / Mobile P1 addition (D-38-001 / -002 / -003 / -004 / -005 / -006 / -009 / -020 closure),m21_3,`spec_binding_pending_pack_m21_3`,".github/workflows/marketplace-runtime.yml, convex/deploy_validators, tests/marketplace, tests/analytics","Runtime status is still spec_binding_pending_pack_m21_3; required artifact evidence not promoted. Checked: .github/workflows/marketplace-runtime.yml, convex/deploy_validators, tests/marketplace, tests/analytics."
feature_parity_matrix_completeness,Sourcera_Master_Spec.md,67775,M.5.59 v7.2.0-REM Phase 38 Responsive / Mobile P1 addition (D-38-001 / -002 / -003 / -004 / -005 / -006 / -009 / -020 closure),m02_3,`spec_binding_pending_pack_m02_3`,tools/spec-lint/gates/feature_parity_matrix_completeness.ts,Runtime status is still spec_binding_pending_pack_m02_3; required artifact evidence not promoted. Checked: tools/spec-lint/gates/feature_parity_matrix_completeness.ts.
spec_matrix_lint,Sourcera_Master_Spec.md,67777,M.5.59 v7.2.0-REM Phase 38 Responsive / Mobile P1 addition (D-38-001 / -002 / -003 / -004 / -005 / -006 / -009 / -020 closure),m02_3,`spec_binding_pending_pack_m02_3`,tools/spec-lint/gates/spec_matrix_lint.ts,Runtime status is still spec_binding_pending_pack_m02_3; required artifact evidence not promoted. Checked: tools/spec-lint/gates/spec_matrix_lint.ts.
responsive_mobile_ci_gate_catalog_completeness,Sourcera_Master_Spec.md,67778,M.5.59 v7.2.0-REM Phase 38 Responsive / Mobile P1 addition (D-38-001 / -002 / -003 / -004 / -005 / -006 / -009 / -020 closure),m02_3,`spec_binding_pending_pack_m02_3`,tools/spec-lint/gates/responsive_mobile_ci_gate_catalog_completeness.ts,Runtime status is still spec_binding_pending_pack_m02_3; required artifact evidence not promoted. Checked: tools/spec-lint/gates/responsive_mobile_ci_gate_catalog_completeness.ts.
responsive_dashboard_anchor_resolution,Sourcera_Master_Spec.md,67779,M.5.59 v7.2.0-REM Phase 38 Responsive / Mobile P1 addition (D-38-001 / -002 / -003 / -004 / -005 / -006 / -009 / -020 closure),m02_3,`spec_binding_pending_pack_m02_3`,tools/spec-lint/gates/responsive_dashboard_anchor_resolution.ts,Runtime status is still spec_binding_pending_pack_m02_3; required artifact evidence not promoted. Checked: tools/spec-lint/gates/responsive_dashboard_anchor_resolution.ts.
responsive_mobile_performance_budget_single_source,Sourcera_Master_Spec.md,67780,M.5.59 v7.2.0-REM Phase 38 Responsive / Mobile P1 addition (D-38-001 / -002 / -003 / -004 / -005 / -006 / -009 / -020 closure),m02_3,`spec_binding_pending_pack_m02_3`,tools/spec-lint/gates/responsive_mobile_performance_budget_single_source.ts,Runtime status is still spec_binding_pending_pack_m02_3; required artifact evidence not promoted. Checked: tools/spec-lint/gates/responsive_mobile_performance_budget_single_source.ts.
cross_console_shared_ui_preference_firewall,Sourcera_Master_Spec.md,67781,M.5.59 v7.2.0-REM Phase 38 Responsive / Mobile P1 addition (D-38-001 / -002 / -003 / -004 / -005 / -006 / -009 / -020 closure),m11_3,`spec_binding_pending_pack_m11_3`,".github/workflows/deploy-validator.yml, .github/workflows/test-strategy.yml, convex/deploy_validators, tests/integration","Runtime status is still spec_binding_pending_pack_m11_3; required artifact evidence not promoted. Checked: .github/workflows/deploy-validator.yml, .github/workflows/test-strategy.yml, convex/deploy_validators, tests/integration."
core_web_vitals_in_app_singleton,Sourcera_Master_Spec.md,67793,M.5.60 v7.2.0-REM Phase 44 Performance / Solo P1 addition (D-44-001 / -003 / -005 / -006 / -008 closure),m02_3,`spec_binding_pending_pack_m02_3`,tools/spec-lint/gates/core_web_vitals_in_app_singleton.ts,Runtime status is still spec_binding_pending_pack_m02_3; required artifact evidence not promoted. Checked: tools/spec-lint/gates/core_web_vitals_in_app_singleton.ts.
core_web_vitals_in_app_lighthouse_ci,Sourcera_Master_Spec.md,67794,M.5.60 v7.2.0-REM Phase 44 Performance / Solo P1 addition (D-44-001 / -003 / -005 / -006 / -008 closure),m21_3,`spec_binding_pending_pack_m21_3`,".github/workflows/marketplace-runtime.yml, convex/deploy_validators, tests/marketplace, tests/analytics","Runtime status is still spec_binding_pending_pack_m21_3; required artifact evidence not promoted. Checked: .github/workflows/marketplace-runtime.yml, convex/deploy_validators, tests/marketplace, tests/analytics."
api_latency_p95_regression,Sourcera_Master_Spec.md,67795,M.5.60 v7.2.0-REM Phase 44 Performance / Solo P1 addition (D-44-001 / -003 / -005 / -006 / -008 closure),m11_3,`spec_binding_pending_pack_m11_3`,".github/workflows/deploy-validator.yml, .github/workflows/test-strategy.yml, convex/deploy_validators, tests/integration","Runtime status is still spec_binding_pending_pack_m11_3; required artifact evidence not promoted. Checked: .github/workflows/deploy-validator.yml, .github/workflows/test-strategy.yml, convex/deploy_validators, tests/integration."
convex_reactivity_slo_regression,Sourcera_Master_Spec.md,67796,M.5.60 v7.2.0-REM Phase 44 Performance / Solo P1 addition (D-44-001 / -003 / -005 / -006 / -008 closure),m11_3,`spec_binding_pending_pack_m11_3`,".github/workflows/deploy-validator.yml, .github/workflows/test-strategy.yml, convex/deploy_validators, tests/integration","Runtime status is still spec_binding_pending_pack_m11_3; required artifact evidence not promoted. Checked: .github/workflows/deploy-validator.yml, .github/workflows/test-strategy.yml, convex/deploy_validators, tests/integration."
agent_budget_breach,Sourcera_Master_Spec.md,67797,M.5.60 v7.2.0-REM Phase 44 Performance / Solo P1 addition (D-44-001 / -003 / -005 / -006 / -008 closure),m11_3,`spec_binding_pending_pack_m11_3`,".github/workflows/deploy-validator.yml, .github/workflows/test-strategy.yml, convex/deploy_validators, tests/integration","Runtime status is still spec_binding_pending_pack_m11_3; required artifact evidence not promoted. Checked: .github/workflows/deploy-validator.yml, .github/workflows/test-strategy.yml, convex/deploy_validators, tests/integration."
load_test_sla_breach,Sourcera_Master_Spec.md,67798,M.5.60 v7.2.0-REM Phase 44 Performance / Solo P1 addition (D-44-001 / -003 / -005 / -006 / -008 closure),m21_3,`spec_binding_pending_pack_m21_3`,".github/workflows/marketplace-runtime.yml, convex/deploy_validators, tests/marketplace, tests/analytics","Runtime status is still spec_binding_pending_pack_m21_3; required artifact evidence not promoted. Checked: .github/workflows/marketplace-runtime.yml, convex/deploy_validators, tests/marketplace, tests/analytics."
bundle_size_budget_in_app,Sourcera_Master_Spec.md,67799,M.5.60 v7.2.0-REM Phase 44 Performance / Solo P1 addition (D-44-001 / -003 / -005 / -006 / -008 closure),m21_3,`spec_binding_pending_pack_m21_3`,".github/workflows/marketplace-runtime.yml, convex/deploy_validators, tests/marketplace, tests/analytics","Runtime status is still spec_binding_pending_pack_m21_3; required artifact evidence not promoted. Checked: .github/workflows/marketplace-runtime.yml, convex/deploy_validators, tests/marketplace, tests/analytics."
agent_cost_authority_no_section44_inline_restatement,Sourcera_Master_Spec.md,67800,M.5.60 v7.2.0-REM Phase 44 Performance / Solo P1 addition (D-44-001 / -003 / -005 / -006 / -008 closure),m02_3,`spec_binding_pending_pack_m02_3`,tools/spec-lint/gates/agent_cost_authority_no_section44_inline_restatement.ts,Runtime status is still spec_binding_pending_pack_m02_3; required artifact evidence not promoted. Checked: tools/spec-lint/gates/agent_cost_authority_no_section44_inline_restatement.ts.
solo_tier_surface_treatment_appendix_m_coverage,Sourcera_Master_Spec.md,67801,M.5.60 v7.2.0-REM Phase 44 Performance / Solo P1 addition (D-44-001 / -003 / -005 / -006 / -008 closure),m02_3,`spec_binding_pending_pack_m02_3`,tools/spec-lint/gates/solo_tier_surface_treatment_appendix_m_coverage.ts,Runtime status is still spec_binding_pending_pack_m02_3; required artifact evidence not promoted. Checked: tools/spec-lint/gates/solo_tier_surface_treatment_appendix_m_coverage.ts.
solo_absorption_cap_enforced,Sourcera_Master_Spec.md,67802,M.5.60 v7.2.0-REM Phase 44 Performance / Solo P1 addition (D-44-001 / -003 / -005 / -006 / -008 closure),m11_3,`spec_binding_pending_pack_m11_3`,".github/workflows/deploy-validator.yml, .github/workflows/test-strategy.yml, convex/deploy_validators, tests/integration","Runtime status is still spec_binding_pending_pack_m11_3; required artifact evidence not promoted. Checked: .github/workflows/deploy-validator.yml, .github/workflows/test-strategy.yml, convex/deploy_validators, tests/integration."
solo_absorption_cap_event_catalog_completeness,Sourcera_Master_Spec.md,67803,M.5.60 v7.2.0-REM Phase 44 Performance / Solo P1 addition (D-44-001 / -003 / -005 / -006 / -008 closure),m02_3,`spec_binding_pending_pack_m02_3`,tools/spec-lint/gates/solo_absorption_cap_event_catalog_completeness.ts,Runtime status is still spec_binding_pending_pack_m02_3; required artifact evidence not promoted. Checked: tools/spec-lint/gates/solo_absorption_cap_event_catalog_completeness.ts.
solo_absorption_cap_counter_state_contract,Sourcera_Master_Spec.md,67804,M.5.60 v7.2.0-REM Phase 44 Performance / Solo P1 addition (D-44-001 / -003 / -005 / -006 / -008 closure),m11_3,`spec_binding_pending_pack_m11_3`,".github/workflows/deploy-validator.yml, .github/workflows/test-strategy.yml, convex/deploy_validators, tests/integration","Runtime status is still spec_binding_pending_pack_m11_3; required artifact evidence not promoted. Checked: .github/workflows/deploy-validator.yml, .github/workflows/test-strategy.yml, convex/deploy_validators, tests/integration."
bid_workspace_deal_size_band_firewall,Sourcera_Master_Spec.md,67820,M.5.61 v7.2.0-REM Phase DEC Decision-Divergence P1 addition (D-DEC-001 / -002 / -004 / -005 / -007 / -008 closure),m11_3,`spec_binding_pending_pack_m11_3`,".github/workflows/deploy-validator.yml, .github/workflows/test-strategy.yml, convex/deploy_validators, tests/integration","Runtime status is still spec_binding_pending_pack_m11_3; required artifact evidence not promoted. Checked: .github/workflows/deploy-validator.yml, .github/workflows/test-strategy.yml, convex/deploy_validators, tests/integration."
first_pass_high_stakes_band_only,Sourcera_Master_Spec.md,67821,M.5.61 v7.2.0-REM Phase DEC Decision-Divergence P1 addition (D-DEC-001 / -002 / -004 / -005 / -007 / -008 closure),m11_3,`spec_binding_pending_pack_m11_3`,".github/workflows/deploy-validator.yml, .github/workflows/test-strategy.yml, convex/deploy_validators, tests/integration","Runtime status is still spec_binding_pending_pack_m11_3; required artifact evidence not promoted. Checked: .github/workflows/deploy-validator.yml, .github/workflows/test-strategy.yml, convex/deploy_validators, tests/integration."
pro_trial_no_refund_after_vendor_notification,Sourcera_Master_Spec.md,67822,M.5.61 v7.2.0-REM Phase DEC Decision-Divergence P1 addition (D-DEC-001 / -002 / -004 / -005 / -007 / -008 closure),m11_3,`spec_binding_pending_pack_m11_3`,".github/workflows/deploy-validator.yml, .github/workflows/test-strategy.yml, convex/deploy_validators, tests/integration","Runtime status is still spec_binding_pending_pack_m11_3; required artifact evidence not promoted. Checked: .github/workflows/deploy-validator.yml, .github/workflows/test-strategy.yml, convex/deploy_validators, tests/integration."
wallet_autotopup_ops_override_bounds,Sourcera_Master_Spec.md,67823,M.5.61 v7.2.0-REM Phase DEC Decision-Divergence P1 addition (D-DEC-001 / -002 / -004 / -005 / -007 / -008 closure),m11_3,`spec_binding_pending_pack_m11_3`,".github/workflows/deploy-validator.yml, .github/workflows/test-strategy.yml, convex/deploy_validators, tests/integration","Runtime status is still spec_binding_pending_pack_m11_3; required artifact evidence not promoted. Checked: .github/workflows/deploy-validator.yml, .github/workflows/test-strategy.yml, convex/deploy_validators, tests/integration."
wallet_autotopup_override_api_surface_guard,Sourcera_Master_Spec.md,67824,M.5.61 v7.2.0-REM Phase DEC Decision-Divergence P1 addition (D-DEC-001 / -002 / -004 / -005 / -007 / -008 closure),m02_3,`spec_binding_pending_pack_m02_3`,tools/spec-lint/gates/wallet_autotopup_override_api_surface_guard.ts,Runtime status is still spec_binding_pending_pack_m02_3; required artifact evidence not promoted. Checked: tools/spec-lint/gates/wallet_autotopup_override_api_surface_guard.ts.
wallet_free_free_additive_pool,Sourcera_Master_Spec.md,67825,M.5.61 v7.2.0-REM Phase DEC Decision-Divergence P1 addition (D-DEC-001 / -002 / -004 / -005 / -007 / -008 closure),m11_3,`spec_binding_pending_pack_m11_3`,".github/workflows/deploy-validator.yml, .github/workflows/test-strategy.yml, convex/deploy_validators, tests/integration","Runtime status is still spec_binding_pending_pack_m11_3; required artifact evidence not promoted. Checked: .github/workflows/deploy-validator.yml, .github/workflows/test-strategy.yml, convex/deploy_validators, tests/integration."
wallet_free_paid_additive_pool_solo_exception,Sourcera_Master_Spec.md,67826,M.5.61 v7.2.0-REM Phase DEC Decision-Divergence P1 addition (D-DEC-001 / -002 / -004 / -005 / -007 / -008 closure),m11_3,`spec_binding_pending_pack_m11_3`,".github/workflows/deploy-validator.yml, .github/workflows/test-strategy.yml, convex/deploy_validators, tests/integration","Runtime status is still spec_binding_pending_pack_m11_3; required artifact evidence not promoted. Checked: .github/workflows/deploy-validator.yml, .github/workflows/test-strategy.yml, convex/deploy_validators, tests/integration."
seller_solo_onboarding_consumption_invisibility,Sourcera_Master_Spec.md,67838,M.5.62 v7.2.0-REM Phase 5.7 Seller Onboarding Residual P1 addition (D-5.7-006 / -008 / -009 / -011 / -015 / -016 / -024 closure),m11_3,`spec_binding_pending_pack_m11_3`,".github/workflows/deploy-validator.yml, .github/workflows/test-strategy.yml, convex/deploy_validators, tests/integration","Runtime status is still spec_binding_pending_pack_m11_3; required artifact evidence not promoted. Checked: .github/workflows/deploy-validator.yml, .github/workflows/test-strategy.yml, convex/deploy_validators, tests/integration."
seller_solo_per_bid_charge_stage_binding,Sourcera_Master_Spec.md,67839,M.5.62 v7.2.0-REM Phase 5.7 Seller Onboarding Residual P1 addition (D-5.7-006 / -008 / -009 / -011 / -015 / -016 / -024 closure),m11_3,`spec_binding_pending_pack_m11_3`,".github/workflows/deploy-validator.yml, .github/workflows/test-strategy.yml, convex/deploy_validators, tests/integration","Runtime status is still spec_binding_pending_pack_m11_3; required artifact evidence not promoted. Checked: .github/workflows/deploy-validator.yml, .github/workflows/test-strategy.yml, convex/deploy_validators, tests/integration."
seller_onboarding_dropoff_recovery_registry_complete,Sourcera_Master_Spec.md,67840,M.5.62 v7.2.0-REM Phase 5.7 Seller Onboarding Residual P1 addition (D-5.7-006 / -008 / -009 / -011 / -015 / -016 / -024 closure),m02_3,`spec_binding_pending_pack_m02_3`,tools/spec-lint/gates/seller_onboarding_dropoff_recovery_registry_complete.ts,Runtime status is still spec_binding_pending_pack_m02_3; required artifact evidence not promoted. Checked: tools/spec-lint/gates/seller_onboarding_dropoff_recovery_registry_complete.ts.
seller_onboarding_activation_events_use_51_envelope,Sourcera_Master_Spec.md,67841,M.5.62 v7.2.0-REM Phase 5.7 Seller Onboarding Residual P1 addition (D-5.7-006 / -008 / -009 / -011 / -015 / -016 / -024 closure),m02_3,`spec_binding_pending_pack_m02_3`,tools/spec-lint/gates/seller_onboarding_activation_events_use_51_envelope.ts,Runtime status is still spec_binding_pending_pack_m02_3; required artifact evidence not promoted. Checked: tools/spec-lint/gates/seller_onboarding_activation_events_use_51_envelope.ts.
seller_onboarding_conversion_moment_kind_canonical,Sourcera_Master_Spec.md,67842,M.5.62 v7.2.0-REM Phase 5.7 Seller Onboarding Residual P1 addition (D-5.7-006 / -008 / -009 / -011 / -015 / -016 / -024 closure),m02_3,`spec_binding_pending_pack_m02_3`,tools/spec-lint/gates/seller_onboarding_conversion_moment_kind_canonical.ts,Runtime status is still spec_binding_pending_pack_m02_3; required artifact evidence not promoted. Checked: tools/spec-lint/gates/seller_onboarding_conversion_moment_kind_canonical.ts.
seller_onboarding_provider_outage_visible,Sourcera_Master_Spec.md,67843,M.5.62 v7.2.0-REM Phase 5.7 Seller Onboarding Residual P1 addition (D-5.7-006 / -008 / -009 / -011 / -015 / -016 / -024 closure),m11_3,`spec_binding_pending_pack_m11_3`,".github/workflows/deploy-validator.yml, .github/workflows/test-strategy.yml, convex/deploy_validators, tests/integration","Runtime status is still spec_binding_pending_pack_m11_3; required artifact evidence not promoted. Checked: .github/workflows/deploy-validator.yml, .github/workflows/test-strategy.yml, convex/deploy_validators, tests/integration."
seller_onboarding_stage3_abandonment_allowance_not_debited,Sourcera_Master_Spec.md,67844,M.5.62 v7.2.0-REM Phase 5.7 Seller Onboarding Residual P1 addition (D-5.7-006 / -008 / -009 / -011 / -015 / -016 / -024 closure),m11_3,`spec_binding_pending_pack_m11_3`,".github/workflows/deploy-validator.yml, .github/workflows/test-strategy.yml, convex/deploy_validators, tests/integration","Runtime status is still spec_binding_pending_pack_m11_3; required artifact evidence not promoted. Checked: .github/workflows/deploy-validator.yml, .github/workflows/test-strategy.yml, convex/deploy_validators, tests/integration."
audit_event_residency_partitioning_bound,Sourcera_Master_Spec.md,67861,M.5.63 v7.2.0-REM Phase 9.3 Residency P1 addition (D-RES-003 / -005 / -006 / -007 / -009 / -010 closure; D-RES-008 stale-status sync),m11_3,`spec_binding_pending_pack_m11_3`,".github/workflows/deploy-validator.yml, .github/workflows/test-strategy.yml, convex/deploy_validators, tests/integration","Runtime status is still spec_binding_pending_pack_m11_3; required artifact evidence not promoted. Checked: .github/workflows/deploy-validator.yml, .github/workflows/test-strategy.yml, convex/deploy_validators, tests/integration."
dsar_export_delivery_residency_bound,Sourcera_Master_Spec.md,67862,M.5.63 v7.2.0-REM Phase 9.3 Residency P1 addition (D-RES-003 / -005 / -006 / -007 / -009 / -010 closure; D-RES-008 stale-status sync),m11_3,`spec_binding_pending_pack_m11_3`,".github/workflows/deploy-validator.yml, .github/workflows/test-strategy.yml, convex/deploy_validators, tests/integration","Runtime status is still spec_binding_pending_pack_m11_3; required artifact evidence not promoted. Checked: .github/workflows/deploy-validator.yml, .github/workflows/test-strategy.yml, convex/deploy_validators, tests/integration."
observability_residency_routing_bound,Sourcera_Master_Spec.md,67863,M.5.63 v7.2.0-REM Phase 9.3 Residency P1 addition (D-RES-003 / -005 / -006 / -007 / -009 / -010 closure; D-RES-008 stale-status sync),m11_3,`spec_binding_pending_pack_m11_3`,".github/workflows/deploy-validator.yml, .github/workflows/test-strategy.yml, convex/deploy_validators, tests/integration","Runtime status is still spec_binding_pending_pack_m11_3; required artifact evidence not promoted. Checked: .github/workflows/deploy-validator.yml, .github/workflows/test-strategy.yml, convex/deploy_validators, tests/integration."
appendix_g_legacy_alias_retirement_enforced,Sourcera_Master_Spec.md,67877,M.5.64 v7.2.0-REM Phase 9.1 Appendix G Residual P1 addition (D-9.1-007 / -008 / -016 / -019 closure; D-9.1-002 adjacent P2 closure),m02_3,`spec_binding_pending_pack_m02_3`,tools/spec-lint/gates/appendix_g_legacy_alias_retirement_enforced.ts,Runtime status is still spec_binding_pending_pack_m02_3; required artifact evidence not promoted. Checked: tools/spec-lint/gates/appendix_g_legacy_alias_retirement_enforced.ts.
appendix_g_event_family_binding_exhaustive,Sourcera_Master_Spec.md,67878,M.5.64 v7.2.0-REM Phase 9.1 Appendix G Residual P1 addition (D-9.1-007 / -008 / -016 / -019 closure; D-9.1-002 adjacent P2 closure),m02_3,`spec_binding_pending_pack_m02_3`,tools/spec-lint/gates/appendix_g_event_family_binding_exhaustive.ts,Runtime status is still spec_binding_pending_pack_m02_3; required artifact evidence not promoted. Checked: tools/spec-lint/gates/appendix_g_event_family_binding_exhaustive.ts.
downgrade_excess_bucket_status_enum_canonical,Sourcera_Master_Spec.md,67890,M.5.65 v7.2.0-REM Phase 34.19 Residual Plan Upgrade / Downgrade P1 addition (D-34.19-006 / -007 / -009 / -010 / -018 closure; D-V7-004 / D-V7-009 overlap),m02_3,`spec_binding_pending_pack_m02_3`,tools/spec-lint/gates/downgrade_excess_bucket_status_enum_canonical.ts,Runtime status is still spec_binding_pending_pack_m02_3; required artifact evidence not promoted. Checked: tools/spec-lint/gates/downgrade_excess_bucket_status_enum_canonical.ts.
protected_asset_archive_state_canonical,Sourcera_Master_Spec.md,67891,M.5.65 v7.2.0-REM Phase 34.19 Residual Plan Upgrade / Downgrade P1 addition (D-34.19-006 / -007 / -009 / -010 / -018 closure; D-V7-004 / D-V7-009 overlap),m02_3,`spec_binding_pending_pack_m02_3`,tools/spec-lint/gates/protected_asset_archive_state_canonical.ts,Runtime status is still spec_binding_pending_pack_m02_3; required artifact evidence not promoted. Checked: tools/spec-lint/gates/protected_asset_archive_state_canonical.ts.
protected_asset_purge_guard,Sourcera_Master_Spec.md,67892,M.5.65 v7.2.0-REM Phase 34.19 Residual Plan Upgrade / Downgrade P1 addition (D-34.19-006 / -007 / -009 / -010 / -018 closure; D-V7-004 / D-V7-009 overlap),m02_3,`spec_binding_pending_pack_m02_3`,tools/spec-lint/gates/protected_asset_purge_guard.ts,Runtime status is still spec_binding_pending_pack_m02_3; required artifact evidence not promoted. Checked: tools/spec-lint/gates/protected_asset_purge_guard.ts.
plan_upgrade_carry_over_single_source,Sourcera_Master_Spec.md,67893,M.5.65 v7.2.0-REM Phase 34.19 Residual Plan Upgrade / Downgrade P1 addition (D-34.19-006 / -007 / -009 / -010 / -018 closure; D-V7-004 / D-V7-009 overlap),m02_3,`spec_binding_pending_pack_m02_3`,tools/spec-lint/gates/plan_upgrade_carry_over_single_source.ts,Runtime status is still spec_binding_pending_pack_m02_3; required artifact evidence not promoted. Checked: tools/spec-lint/gates/plan_upgrade_carry_over_single_source.ts.
downgrade_api_integration_bucket_classes_registered,Sourcera_Master_Spec.md,67894,M.5.65 v7.2.0-REM Phase 34.19 Residual Plan Upgrade / Downgrade P1 addition (D-34.19-006 / -007 / -009 / -010 / -018 closure; D-V7-004 / D-V7-009 overlap),m02_3,`spec_binding_pending_pack_m02_3`,tools/spec-lint/gates/downgrade_api_integration_bucket_classes_registered.ts,Runtime status is still spec_binding_pending_pack_m02_3; required artifact evidence not promoted. Checked: tools/spec-lint/gates/downgrade_api_integration_bucket_classes_registered.ts.
integration_export_contract_completeness,Sourcera_Master_Spec.md,67918,M.5.67 v7.2.0-REM Phase 8.2 Integration Export API P1 addition (D-8.2-019 closure),m02_3,`spec_binding_pending_pack_m02_3`,tools/spec-lint/gates/integration_export_contract_completeness.ts,Runtime status is still spec_binding_pending_pack_m02_3; required artifact evidence not promoted. Checked: tools/spec-lint/gates/integration_export_contract_completeness.ts.
integration_export_payload_allowlist,Sourcera_Master_Spec.md,67919,M.5.67 v7.2.0-REM Phase 8.2 Integration Export API P1 addition (D-8.2-019 closure),m11_3,`spec_binding_pending_pack_m11_3`,".github/workflows/deploy-validator.yml, .github/workflows/test-strategy.yml, convex/deploy_validators, tests/integration","Runtime status is still spec_binding_pending_pack_m11_3; required artifact evidence not promoted. Checked: .github/workflows/deploy-validator.yml, .github/workflows/test-strategy.yml, convex/deploy_validators, tests/integration."
integration_export_terminal_event_pairing,Sourcera_Master_Spec.md,67920,M.5.67 v7.2.0-REM Phase 8.2 Integration Export API P1 addition (D-8.2-019 closure),m02_3,`spec_binding_pending_pack_m02_3`,tools/spec-lint/gates/integration_export_terminal_event_pairing.ts,Runtime status is still spec_binding_pending_pack_m02_3; required artifact evidence not promoted. Checked: tools/spec-lint/gates/integration_export_terminal_event_pairing.ts.
core_api_endpoint_detail_completeness,Sourcera_Master_Spec.md,67932,M.5.68 v7.2.0-REM Phase 8.1 Core API Detail P1 addition (D-V8.1-001 closure),m02_3,`spec_binding_pending_pack_m02_3`,tools/spec-lint/gates/core_api_endpoint_detail_completeness.ts,Runtime status is still spec_binding_pending_pack_m02_3; required artifact evidence not promoted. Checked: tools/spec-lint/gates/core_api_endpoint_detail_completeness.ts.
core_api_error_code_registration_consistency,Sourcera_Master_Spec.md,67933,M.5.68 v7.2.0-REM Phase 8.1 Core API Detail P1 addition (D-V8.1-001 closure),m02_3,`spec_binding_pending_pack_m02_3`,tools/spec-lint/gates/core_api_error_code_registration_consistency.ts,Runtime status is still spec_binding_pending_pack_m02_3; required artifact evidence not promoted. Checked: tools/spec-lint/gates/core_api_error_code_registration_consistency.ts.
internal_comment_legacy_alias_no_shadow_schema,Sourcera_Master_Spec.md,67934,M.5.68 v7.2.0-REM Phase 8.1 Core API Detail P1 addition (D-V8.1-001 closure),m02_3,`spec_binding_pending_pack_m02_3`,tools/spec-lint/gates/internal_comment_legacy_alias_no_shadow_schema.ts,Runtime status is still spec_binding_pending_pack_m02_3; required artifact evidence not promoted. Checked: tools/spec-lint/gates/internal_comment_legacy_alias_no_shadow_schema.ts.
cmek_rotation_runtime_evidence,Sourcera_Master_Spec.md,67946,M.5.69 v7.1.1 Full-Scope Capability Remediation addition (2026-07-07),m11_3,`spec_binding_pending_pack_m11_3`,".github/workflows/deploy-validator.yml, .github/workflows/test-strategy.yml, convex/deploy_validators, tests/integration","Runtime status is still spec_binding_pending_pack_m11_3; required artifact evidence not promoted. Checked: .github/workflows/deploy-validator.yml, .github/workflows/test-strategy.yml, convex/deploy_validators, tests/integration."
field_encryption_plaintext_egress_guard,Sourcera_Master_Spec.md,67947,M.5.69 v7.1.1 Full-Scope Capability Remediation addition (2026-07-07),m11_3,`spec_binding_pending_pack_m11_3`,".github/workflows/deploy-validator.yml, .github/workflows/test-strategy.yml, convex/deploy_validators, tests/integration","Runtime status is still spec_binding_pending_pack_m11_3; required artifact evidence not promoted. Checked: .github/workflows/deploy-validator.yml, .github/workflows/test-strategy.yml, convex/deploy_validators, tests/integration."
rubric_version_score_immutability,Sourcera_Master_Spec.md,67948,M.5.69 v7.1.1 Full-Scope Capability Remediation addition (2026-07-07),m02_3,`spec_binding_pending_pack_m02_3`,tools/spec-lint/gates/rubric_version_score_immutability.ts,Runtime status is still spec_binding_pending_pack_m02_3; required artifact evidence not promoted. Checked: tools/spec-lint/gates/rubric_version_score_immutability.ts.
requirement_relation_same_workspace_guard,Sourcera_Master_Spec.md,67949,M.5.69 v7.1.1 Full-Scope Capability Remediation addition (2026-07-07),m02_3,`spec_binding_pending_pack_m02_3`,tools/spec-lint/gates/requirement_relation_same_workspace_guard.ts,Runtime status is still spec_binding_pending_pack_m02_3; required artifact evidence not promoted. Checked: tools/spec-lint/gates/requirement_relation_same_workspace_guard.ts.
pipeline_overlay_canonical_phase_mapping,Sourcera_Master_Spec.md,67950,M.5.69 v7.1.1 Full-Scope Capability Remediation addition (2026-07-07),m02_3,`spec_binding_pending_pack_m02_3`,tools/spec-lint/gates/pipeline_overlay_canonical_phase_mapping.ts,Runtime status is still spec_binding_pending_pack_m02_3; required artifact evidence not promoted. Checked: tools/spec-lint/gates/pipeline_overlay_canonical_phase_mapping.ts.
video_demo_transcript_pii_redaction,Sourcera_Master_Spec.md,67951,M.5.69 v7.1.1 Full-Scope Capability Remediation addition (2026-07-07),m21_3,`spec_binding_pending_pack_m21_3`,".github/workflows/marketplace-runtime.yml, convex/deploy_validators, tests/marketplace, tests/analytics","Runtime status is still spec_binding_pending_pack_m21_3; required artifact evidence not promoted. Checked: .github/workflows/marketplace-runtime.yml, convex/deploy_validators, tests/marketplace, tests/analytics."
localization_bundle_critical_string_coverage,Sourcera_Master_Spec.md,67952,M.5.69 v7.1.1 Full-Scope Capability Remediation addition (2026-07-07),m02_3,`spec_binding_pending_pack_m02_3`,tools/spec-lint/gates/localization_bundle_critical_string_coverage.ts,Runtime status is still spec_binding_pending_pack_m02_3; required artifact evidence not promoted. Checked: tools/spec-lint/gates/localization_bundle_critical_string_coverage.ts.
mobile_full_parity_closure,Sourcera_Master_Spec.md,67953,M.5.69 v7.1.1 Full-Scope Capability Remediation addition (2026-07-07),m21_3,`spec_binding_pending_pack_m21_3`,".github/workflows/marketplace-runtime.yml, convex/deploy_validators, tests/marketplace, tests/analytics","Runtime status is still spec_binding_pending_pack_m21_3; required artifact evidence not promoted. Checked: .github/workflows/marketplace-runtime.yml, convex/deploy_validators, tests/marketplace, tests/analytics."
