gate_id,line,section,anchor,runtime_status,owning_pack,missing_evidence,message
solo_deadline_countdown_renders_in_user_timezone,66756,M.5.4 Catalog index,m-5-4-catalog-index,spec_binding_pending_pack_m11_3,m11_3,".github/workflows/deploy-validator.yml, .github/workflows/test-strategy.yml, convex/deploy_validators, tests/integration","Runtime status is still spec_binding_pending_pack_m11_3; required artifact evidence not promoted. Checked: .github/workflows/deploy-validator.yml, .github/workflows/test-strategy.yml, convex/deploy_validators, tests/integration."
solo_mode_team_to_solo_blocked_with_stakeholders,66757,M.5.4 Catalog index,m-5-4-catalog-index,spec_binding_pending_pack_m11_3,m11_3,".github/workflows/deploy-validator.yml, .github/workflows/test-strategy.yml, convex/deploy_validators, tests/integration","Runtime status is still spec_binding_pending_pack_m11_3; required artifact evidence not promoted. Checked: .github/workflows/deploy-validator.yml, .github/workflows/test-strategy.yml, convex/deploy_validators, tests/integration."
solo_mode_chip_ribbon_suppression_buyer,66758,M.5.4 Catalog index,m-5-4-catalog-index,spec_binding_pending_pack_m11_3,m11_3,".github/workflows/deploy-validator.yml, .github/workflows/test-strategy.yml, convex/deploy_validators, tests/integration","Runtime status is still spec_binding_pending_pack_m11_3; required artifact evidence not promoted. Checked: .github/workflows/deploy-validator.yml, .github/workflows/test-strategy.yml, convex/deploy_validators, tests/integration."
console_bridge_no_defense_view_event_kinds,66760,M.5.4 Catalog index,m-5-4-catalog-index,spec_binding_pending_pack_m11_3,m11_3,".github/workflows/deploy-validator.yml, .github/workflows/test-strategy.yml, convex/deploy_validators, tests/integration","Runtime status is still spec_binding_pending_pack_m11_3; required artifact evidence not promoted. Checked: .github/workflows/deploy-validator.yml, .github/workflows/test-strategy.yml, convex/deploy_validators, tests/integration."
webhook_payload_no_selection_record_body,66761,M.5.4 Catalog index,m-5-4-catalog-index,spec_binding_pending_pack_m11_3,m11_3,".github/workflows/deploy-validator.yml, .github/workflows/test-strategy.yml, convex/deploy_validators, tests/integration","Runtime status is still spec_binding_pending_pack_m11_3; required artifact evidence not promoted. Checked: .github/workflows/deploy-validator.yml, .github/workflows/test-strategy.yml, convex/deploy_validators, tests/integration."
defense_view_regeneration_throttle_5min,66763,M.5.4 Catalog index,m-5-4-catalog-index,spec_binding_pending_pack_m11_3,m11_3,".github/workflows/deploy-validator.yml, .github/workflows/test-strategy.yml, convex/deploy_validators, tests/integration","Runtime status is still spec_binding_pending_pack_m11_3; required artifact evidence not promoted. Checked: .github/workflows/deploy-validator.yml, .github/workflows/test-strategy.yml, convex/deploy_validators, tests/integration."
pipeline_surface_compression_seller_always_compressed,66769,M.5.4 Catalog index,m-5-4-catalog-index,spec_binding_pending_pack_m11_3,m11_3,".github/workflows/deploy-validator.yml, .github/workflows/test-strategy.yml, convex/deploy_validators, tests/integration","Runtime status is still spec_binding_pending_pack_m11_3; required artifact evidence not promoted. Checked: .github/workflows/deploy-validator.yml, .github/workflows/test-strategy.yml, convex/deploy_validators, tests/integration."
pipeline_surface_compression_soft_gate_solo_only,66770,M.5.4 Catalog index,m-5-4-catalog-index,spec_binding_pending_pack_m11_3,m11_3,".github/workflows/deploy-validator.yml, .github/workflows/test-strategy.yml, convex/deploy_validators, tests/integration","Runtime status is still spec_binding_pending_pack_m11_3; required artifact evidence not promoted. Checked: .github/workflows/deploy-validator.yml, .github/workflows/test-strategy.yml, convex/deploy_validators, tests/integration."
eval_vertical_eval_starter_coverage,66772,M.5.4 Catalog index,m-5-4-catalog-index,spec_binding_pending_pack_m02_3,m02_3,tools/spec-lint/gates/eval_vertical_eval_starter_coverage.ts,Runtime status is still spec_binding_pending_pack_m02_3; required artifact evidence not promoted. Checked: tools/spec-lint/gates/eval_vertical_eval_starter_coverage.ts.
eval_starter_seed_schema_currency,66773,M.5.4 Catalog index,m-5-4-catalog-index,spec_binding_pending_pack_m02_3,m02_3,tools/spec-lint/gates/eval_starter_seed_schema_currency.ts,Runtime status is still spec_binding_pending_pack_m02_3; required artifact evidence not promoted. Checked: tools/spec-lint/gates/eval_starter_seed_schema_currency.ts.
eval_starter_seed_use_case_index_validity,66774,M.5.4 Catalog index,m-5-4-catalog-index,spec_binding_pending_pack_m02_3,m02_3,tools/spec-lint/gates/eval_starter_seed_use_case_index_validity.ts,Runtime status is still spec_binding_pending_pack_m02_3; required artifact evidence not promoted. Checked: tools/spec-lint/gates/eval_starter_seed_use_case_index_validity.ts.
eval_starter_marketplace_category_mapping_present,66775,M.5.4 Catalog index,m-5-4-catalog-index,spec_binding_pending_pack_m02_3,m02_3,tools/spec-lint/gates/eval_starter_marketplace_category_mapping_present.ts,Runtime status is still spec_binding_pending_pack_m02_3; required artifact evidence not promoted. Checked: tools/spec-lint/gates/eval_starter_marketplace_category_mapping_present.ts.
seller_maya_solo_free_copy_string_lint,66779,M.5.4 Catalog index,m-5-4-catalog-index,spec_binding_pending_pack_m11_3,m11_3,".github/workflows/deploy-validator.yml, .github/workflows/test-strategy.yml, convex/deploy_validators, tests/integration","Runtime status is still spec_binding_pending_pack_m11_3; required artifact evidence not promoted. Checked: .github/workflows/deploy-validator.yml, .github/workflows/test-strategy.yml, convex/deploy_validators, tests/integration."
seller_maya_chip_list_auto_publish_state_machine,66780,M.5.4 Catalog index,m-5-4-catalog-index,spec_binding_pending_pack_m11_3,m11_3,".github/workflows/deploy-validator.yml, .github/workflows/test-strategy.yml, convex/deploy_validators, tests/integration","Runtime status is still spec_binding_pending_pack_m11_3; required artifact evidence not promoted. Checked: .github/workflows/deploy-validator.yml, .github/workflows/test-strategy.yml, convex/deploy_validators, tests/integration."
seller_maya_match_score_three_label_compression,66781,M.5.4 Catalog index,m-5-4-catalog-index,spec_binding_pending_pack_m11_3,m11_3,".github/workflows/deploy-validator.yml, .github/workflows/test-strategy.yml, convex/deploy_validators, tests/integration","Runtime status is still spec_binding_pending_pack_m11_3; required artifact evidence not promoted. Checked: .github/workflows/deploy-validator.yml, .github/workflows/test-strategy.yml, convex/deploy_validators, tests/integration."
solo_charge_kind_registered,66784,M.5.4 Catalog index,m-5-4-catalog-index,spec_binding_pending_pack_m24_3,m24_3,".github/workflows/billing-runtime.yml, tests/billing, convex/deploy_validators","Runtime status is still spec_binding_pending_pack_m24_3; required artifact evidence not promoted. Checked: .github/workflows/billing-runtime.yml, tests/billing, convex/deploy_validators."
solo_dual_console_independent_invoicing,66785,M.5.4 Catalog index,m-5-4-catalog-index,spec_binding_pending_pack_m11_3,m11_3,".github/workflows/deploy-validator.yml, .github/workflows/test-strategy.yml, convex/deploy_validators, tests/integration","Runtime status is still spec_binding_pending_pack_m11_3; required artifact evidence not promoted. Checked: .github/workflows/deploy-validator.yml, .github/workflows/test-strategy.yml, convex/deploy_validators, tests/integration."
solo_plan_change_console_isolation,66786,M.5.4 Catalog index,m-5-4-catalog-index,spec_binding_pending_pack_m11_3,m11_3,".github/workflows/deploy-validator.yml, .github/workflows/test-strategy.yml, convex/deploy_validators, tests/integration","Runtime status is still spec_binding_pending_pack_m11_3; required artifact evidence not promoted. Checked: .github/workflows/deploy-validator.yml, .github/workflows/test-strategy.yml, convex/deploy_validators, tests/integration."
aiwallet_response_excludes_solo_envelope,66787,M.5.4 Catalog index,m-5-4-catalog-index,spec_binding_pending_pack_m11_3,m11_3,".github/workflows/deploy-validator.yml, .github/workflows/test-strategy.yml, convex/deploy_validators, tests/integration","Runtime status is still spec_binding_pending_pack_m11_3; required artifact evidence not promoted. Checked: .github/workflows/deploy-validator.yml, .github/workflows/test-strategy.yml, convex/deploy_validators, tests/integration."
solo_subscription_blocks_per_charge,66788,M.5.4 Catalog index,m-5-4-catalog-index,spec_binding_pending_pack_m11_3,m11_3,".github/workflows/deploy-validator.yml, .github/workflows/test-strategy.yml, convex/deploy_validators, tests/integration","Runtime status is still spec_binding_pending_pack_m11_3; required artifact evidence not promoted. Checked: .github/workflows/deploy-validator.yml, .github/workflows/test-strategy.yml, convex/deploy_validators, tests/integration."
solo_engine_metering_parity,66791,M.5.4 Catalog index,m-5-4-catalog-index,spec_binding_pending_pack_m11_3,m11_3,".github/workflows/deploy-validator.yml, .github/workflows/test-strategy.yml, convex/deploy_validators, tests/integration","Runtime status is still spec_binding_pending_pack_m11_3; required artifact evidence not promoted. Checked: .github/workflows/deploy-validator.yml, .github/workflows/test-strategy.yml, convex/deploy_validators, tests/integration."
solo_telemetry_no_customer_routing,66792,M.5.4 Catalog index,m-5-4-catalog-index,spec_binding_pending_pack_m11_3,m11_3,".github/workflows/deploy-validator.yml, .github/workflows/test-strategy.yml, convex/deploy_validators, tests/integration","Runtime status is still spec_binding_pending_pack_m11_3; required artifact evidence not promoted. Checked: .github/workflows/deploy-validator.yml, .github/workflows/test-strategy.yml, convex/deploy_validators, tests/integration."
solo_throttling_class_change_takes_effect_at_next_envelope_rollover,66795,M.5.4 Catalog index,m-5-4-catalog-index,spec_binding_pending_pack_m11_3,m11_3,".github/workflows/deploy-validator.yml, .github/workflows/test-strategy.yml, convex/deploy_validators, tests/integration","Runtime status is still spec_binding_pending_pack_m11_3; required artifact evidence not promoted. Checked: .github/workflows/deploy-validator.yml, .github/workflows/test-strategy.yml, convex/deploy_validators, tests/integration."
solo_envelope_per_console_isolation,66796,M.5.4 Catalog index,m-5-4-catalog-index,spec_binding_pending_pack_m11_3,m11_3,".github/workflows/deploy-validator.yml, .github/workflows/test-strategy.yml, convex/deploy_validators, tests/integration","Runtime status is still spec_binding_pending_pack_m11_3; required artifact evidence not promoted. Checked: .github/workflows/deploy-validator.yml, .github/workflows/test-strategy.yml, convex/deploy_validators, tests/integration."
solo_envelope_throttling_targets_low_priority_background_only,66798,M.5.4 Catalog index,m-5-4-catalog-index,spec_binding_pending_pack_m11_3,m11_3,".github/workflows/deploy-validator.yml, .github/workflows/test-strategy.yml, convex/deploy_validators, tests/integration","Runtime status is still spec_binding_pending_pack_m11_3; required artifact evidence not promoted. Checked: .github/workflows/deploy-validator.yml, .github/workflows/test-strategy.yml, convex/deploy_validators, tests/integration."
console_isolation_violation_no_data_path_use,66809,M.5.4 Catalog index,m-5-4-catalog-index,spec_binding_pending_pack_m11_3,m11_3,".github/workflows/deploy-validator.yml, .github/workflows/test-strategy.yml, convex/deploy_validators, tests/integration","Runtime status is still spec_binding_pending_pack_m11_3; required artifact evidence not promoted. Checked: .github/workflows/deploy-validator.yml, .github/workflows/test-strategy.yml, convex/deploy_validators, tests/integration."
vendor_opt_out_capability_layer_enforcement,66810,M.5.4 Catalog index,m-5-4-catalog-index,spec_binding_pending_pack_m11_3,m11_3,".github/workflows/deploy-validator.yml, .github/workflows/test-strategy.yml, convex/deploy_validators, tests/integration","Runtime status is still spec_binding_pending_pack_m11_3; required artifact evidence not promoted. Checked: .github/workflows/deploy-validator.yml, .github/workflows/test-strategy.yml, convex/deploy_validators, tests/integration."
audit_event_hash_chain_full_corpus_coverage,66846,M.5.4 Catalog index,m-5-4-catalog-index,spec_binding_pending_pack_m21_3,m21_3,".github/workflows/marketplace-runtime.yml, convex/deploy_validators, tests/marketplace, tests/analytics","Runtime status is still spec_binding_pending_pack_m21_3; required artifact evidence not promoted. Checked: .github/workflows/marketplace-runtime.yml, convex/deploy_validators, tests/marketplace, tests/analytics."
audit_event_break_glass_integrity_scan_triggered,66847,M.5.4 Catalog index,m-5-4-catalog-index,spec_binding_pending_pack_m21_3,m21_3,".github/workflows/marketplace-runtime.yml, convex/deploy_validators, tests/marketplace, tests/analytics","Runtime status is still spec_binding_pending_pack_m21_3; required artifact evidence not promoted. Checked: .github/workflows/marketplace-runtime.yml, convex/deploy_validators, tests/marketplace, tests/analytics."
auth_audit_event_emission_completeness,66848,M.5.4 Catalog index,m-5-4-catalog-index,spec_binding_pending_pack_m11_3,m11_3,".github/workflows/deploy-validator.yml, .github/workflows/test-strategy.yml, convex/deploy_validators, tests/integration","Runtime status is still spec_binding_pending_pack_m11_3; required artifact evidence not promoted. Checked: .github/workflows/deploy-validator.yml, .github/workflows/test-strategy.yml, convex/deploy_validators, tests/integration."
dsar_cascade_residency_partition_isolation,66849,M.5.4 Catalog index,m-5-4-catalog-index,spec_binding_pending_pack_m02_3,m02_3,tools/spec-lint/gates/dsar_cascade_residency_partition_isolation.ts,Runtime status is still spec_binding_pending_pack_m02_3; required artifact evidence not promoted. Checked: tools/spec-lint/gates/dsar_cascade_residency_partition_isolation.ts.
dsar_manifestly_unfounded_rejection_audit_emission,66854,M.5.4 Catalog index,m-5-4-catalog-index,spec_binding_pending_pack_m11_3,m11_3,".github/workflows/deploy-validator.yml, .github/workflows/test-strategy.yml, convex/deploy_validators, tests/integration","Runtime status is still spec_binding_pending_pack_m11_3; required artifact evidence not promoted. Checked: .github/workflows/deploy-validator.yml, .github/workflows/test-strategy.yml, convex/deploy_validators, tests/integration."
cross_org_guest_sso_bypass_blocked,66855,M.5.4 Catalog index,m-5-4-catalog-index,spec_binding_pending_pack_m11_3,m11_3,".github/workflows/deploy-validator.yml, .github/workflows/test-strategy.yml, convex/deploy_validators, tests/integration","Runtime status is still spec_binding_pending_pack_m11_3; required artifact evidence not promoted. Checked: .github/workflows/deploy-validator.yml, .github/workflows/test-strategy.yml, convex/deploy_validators, tests/integration."
workos_raw_attributes_not_consumed,66864,M.5.4 Catalog index,m-5-4-catalog-index,spec_binding_pending_pack_m02_3,m02_3,tools/spec-lint/gates/workos_raw_attributes_not_consumed.ts,Runtime status is still spec_binding_pending_pack_m02_3; required artifact evidence not promoted. Checked: tools/spec-lint/gates/workos_raw_attributes_not_consumed.ts.
workos_predefined_attributes_consumed,66865,M.5.4 Catalog index,m-5-4-catalog-index,spec_binding_pending_pack_m11_3,m11_3,".github/workflows/deploy-validator.yml, .github/workflows/test-strategy.yml, convex/deploy_validators, tests/integration","Runtime status is still spec_binding_pending_pack_m11_3; required artifact evidence not promoted. Checked: .github/workflows/deploy-validator.yml, .github/workflows/test-strategy.yml, convex/deploy_validators, tests/integration."
workos_groups_api_membership_consistency,66866,M.5.4 Catalog index,m-5-4-catalog-index,spec_binding_pending_pack_m11_3,m11_3,".github/workflows/deploy-validator.yml, .github/workflows/test-strategy.yml, convex/deploy_validators, tests/integration","Runtime status is still spec_binding_pending_pack_m11_3; required artifact evidence not promoted. Checked: .github/workflows/deploy-validator.yml, .github/workflows/test-strategy.yml, convex/deploy_validators, tests/integration."
workos_directory_group_role_assignment_precedence,66867,M.5.4 Catalog index,m-5-4-catalog-index,spec_binding_pending_pack_m11_3,m11_3,".github/workflows/deploy-validator.yml, .github/workflows/test-strategy.yml, convex/deploy_validators, tests/integration","Runtime status is still spec_binding_pending_pack_m11_3; required artifact evidence not promoted. Checked: .github/workflows/deploy-validator.yml, .github/workflows/test-strategy.yml, convex/deploy_validators, tests/integration."
dsar_cascade_aggregate_recompute_synchronous,66874,M.5.4 Catalog index,m-5-4-catalog-index,spec_binding_pending_pack_m11_3,m11_3,".github/workflows/deploy-validator.yml, .github/workflows/test-strategy.yml, convex/deploy_validators, tests/integration","Runtime status is still spec_binding_pending_pack_m11_3; required artifact evidence not promoted. Checked: .github/workflows/deploy-validator.yml, .github/workflows/test-strategy.yml, convex/deploy_validators, tests/integration."
dsar_cascade_aggregate_recompute_suppression_completeness,66875,M.5.4 Catalog index,m-5-4-catalog-index,spec_binding_pending_pack_m11_3,m11_3,".github/workflows/deploy-validator.yml, .github/workflows/test-strategy.yml, convex/deploy_validators, tests/integration","Runtime status is still spec_binding_pending_pack_m11_3; required artifact evidence not promoted. Checked: .github/workflows/deploy-validator.yml, .github/workflows/test-strategy.yml, convex/deploy_validators, tests/integration."
dsar_cascade_aggregate_recompute_backstop_drift,66876,M.5.4 Catalog index,m-5-4-catalog-index,spec_binding_pending_pack_m21_3,m21_3,".github/workflows/marketplace-runtime.yml, convex/deploy_validators, tests/marketplace, tests/analytics","Runtime status is still spec_binding_pending_pack_m21_3; required artifact evidence not promoted. Checked: .github/workflows/marketplace-runtime.yml, convex/deploy_validators, tests/marketplace, tests/analytics."
dsar_cascade_bridge_payload_body_pii_sweep_completeness,66877,M.5.4 Catalog index,m-5-4-catalog-index,spec_binding_pending_pack_m11_3,m11_3,".github/workflows/deploy-validator.yml, .github/workflows/test-strategy.yml, convex/deploy_validators, tests/integration","Runtime status is still spec_binding_pending_pack_m11_3; required artifact evidence not promoted. Checked: .github/workflows/deploy-validator.yml, .github/workflows/test-strategy.yml, convex/deploy_validators, tests/integration."
dsar_cascade_bridge_redaction_hash_recompute,66878,M.5.4 Catalog index,m-5-4-catalog-index,spec_binding_pending_pack_m11_3,m11_3,".github/workflows/deploy-validator.yml, .github/workflows/test-strategy.yml, convex/deploy_validators, tests/integration","Runtime status is still spec_binding_pending_pack_m11_3; required artifact evidence not promoted. Checked: .github/workflows/deploy-validator.yml, .github/workflows/test-strategy.yml, convex/deploy_validators, tests/integration."
bridge_payload_body_pii_sweep_buyer_seller_parity,66880,M.5.4 Catalog index,m-5-4-catalog-index,spec_binding_pending_pack_m11_3,m11_3,".github/workflows/deploy-validator.yml, .github/workflows/test-strategy.yml, convex/deploy_validators, tests/integration","Runtime status is still spec_binding_pending_pack_m11_3; required artifact evidence not promoted. Checked: .github/workflows/deploy-validator.yml, .github/workflows/test-strategy.yml, convex/deploy_validators, tests/integration."
dsar_cascade_partial_failure_pagerduty_sla,66881,M.5.4 Catalog index,m-5-4-catalog-index,spec_binding_pending_pack_m11_3,m11_3,".github/workflows/deploy-validator.yml, .github/workflows/test-strategy.yml, convex/deploy_validators, tests/integration","Runtime status is still spec_binding_pending_pack_m11_3; required artifact evidence not promoted. Checked: .github/workflows/deploy-validator.yml, .github/workflows/test-strategy.yml, convex/deploy_validators, tests/integration."
dsar_cascade_partial_failure_resume_sla_24h,66882,M.5.4 Catalog index,m-5-4-catalog-index,spec_binding_pending_pack_m11_3,m11_3,".github/workflows/deploy-validator.yml, .github/workflows/test-strategy.yml, convex/deploy_validators, tests/integration","Runtime status is still spec_binding_pending_pack_m11_3; required artifact evidence not promoted. Checked: .github/workflows/deploy-validator.yml, .github/workflows/test-strategy.yml, convex/deploy_validators, tests/integration."
dsar_cascade_statutory_ceiling_auto_escalation,66883,M.5.4 Catalog index,m-5-4-catalog-index,spec_binding_pending_pack_m11_3,m11_3,".github/workflows/deploy-validator.yml, .github/workflows/test-strategy.yml, convex/deploy_validators, tests/integration","Runtime status is still spec_binding_pending_pack_m11_3; required artifact evidence not promoted. Checked: .github/workflows/deploy-validator.yml, .github/workflows/test-strategy.yml, convex/deploy_validators, tests/integration."
dsar_cascade_per_row_idempotency_marker_completeness,66884,M.5.4 Catalog index,m-5-4-catalog-index,spec_binding_pending_pack_m02_3,m02_3,tools/spec-lint/gates/dsar_cascade_per_row_idempotency_marker_completeness.ts,Runtime status is still spec_binding_pending_pack_m02_3; required artifact evidence not promoted. Checked: tools/spec-lint/gates/dsar_cascade_per_row_idempotency_marker_completeness.ts.
dsar_cascade_pseudonym_epoch_consistency,66885,M.5.4 Catalog index,m-5-4-catalog-index,spec_binding_pending_pack_m11_3,m11_3,".github/workflows/deploy-validator.yml, .github/workflows/test-strategy.yml, convex/deploy_validators, tests/integration","Runtime status is still spec_binding_pending_pack_m11_3; required artifact evidence not promoted. Checked: .github/workflows/deploy-validator.yml, .github/workflows/test-strategy.yml, convex/deploy_validators, tests/integration."
dr_failover_residency_bound,66886,M.5.4 Catalog index,m-5-4-catalog-index,spec_binding_pending_pack_m21_3,m21_3,".github/workflows/marketplace-runtime.yml, convex/deploy_validators, tests/marketplace, tests/analytics","Runtime status is still spec_binding_pending_pack_m21_3; required artifact evidence not promoted. Checked: .github/workflows/marketplace-runtime.yml, convex/deploy_validators, tests/marketplace, tests/analytics."
dns_failover_target_residency_match,66887,M.5.4 Catalog index,m-5-4-catalog-index,spec_binding_pending_pack_m21_3,m21_3,".github/workflows/marketplace-runtime.yml, convex/deploy_validators, tests/marketplace, tests/analytics","Runtime status is still spec_binding_pending_pack_m21_3; required artifact evidence not promoted. Checked: .github/workflows/marketplace-runtime.yml, convex/deploy_validators, tests/marketplace, tests/analytics."
dr_failover_no_cross_residency,66888,M.5.4 Catalog index,m-5-4-catalog-index,spec_binding_pending_pack_m21_3,m21_3,".github/workflows/marketplace-runtime.yml, convex/deploy_validators, tests/marketplace, tests/analytics","Runtime status is still spec_binding_pending_pack_m21_3; required artifact evidence not promoted. Checked: .github/workflows/marketplace-runtime.yml, convex/deploy_validators, tests/marketplace, tests/analytics."
dr_restore_test_residency_partition,66889,M.5.4 Catalog index,m-5-4-catalog-index,spec_binding_pending_pack_m21_3,m21_3,".github/workflows/marketplace-runtime.yml, convex/deploy_validators, tests/marketplace, tests/analytics","Runtime status is still spec_binding_pending_pack_m21_3; required artifact evidence not promoted. Checked: .github/workflows/marketplace-runtime.yml, convex/deploy_validators, tests/marketplace, tests/analytics."
dr_game_day_overdue,66890,M.5.4 Catalog index,m-5-4-catalog-index,spec_binding_pending_pack_m21_3,m21_3,".github/workflows/marketplace-runtime.yml, convex/deploy_validators, tests/marketplace, tests/analytics","Runtime status is still spec_binding_pending_pack_m21_3; required artifact evidence not promoted. Checked: .github/workflows/marketplace-runtime.yml, convex/deploy_validators, tests/marketplace, tests/analytics."
backup_residency_partition_isolation,66891,M.5.4 Catalog index,m-5-4-catalog-index,spec_binding_pending_pack_m21_3,m21_3,".github/workflows/marketplace-runtime.yml, convex/deploy_validators, tests/marketplace, tests/analytics","Runtime status is still spec_binding_pending_pack_m21_3; required artifact evidence not promoted. Checked: .github/workflows/marketplace-runtime.yml, convex/deploy_validators, tests/marketplace, tests/analytics."
s3_replication_policy_residency_bound,66892,M.5.4 Catalog index,m-5-4-catalog-index,spec_binding_pending_pack_m21_3,m21_3,".github/workflows/marketplace-runtime.yml, convex/deploy_validators, tests/marketplace, tests/analytics","Runtime status is still spec_binding_pending_pack_m21_3; required artifact evidence not promoted. Checked: .github/workflows/marketplace-runtime.yml, convex/deploy_validators, tests/marketplace, tests/analytics."
s3_cross_region_replica_dpa_approval_required,66893,M.5.4 Catalog index,m-5-4-catalog-index,spec_binding_pending_pack_m21_3,m21_3,".github/workflows/marketplace-runtime.yml, convex/deploy_validators, tests/marketplace, tests/analytics","Runtime status is still spec_binding_pending_pack_m21_3; required artifact evidence not promoted. Checked: .github/workflows/marketplace-runtime.yml, convex/deploy_validators, tests/marketplace, tests/analytics."
backup_dsar_repseudonymization_completeness,66894,M.5.4 Catalog index,m-5-4-catalog-index,spec_binding_pending_pack_m21_3,m21_3,".github/workflows/marketplace-runtime.yml, convex/deploy_validators, tests/marketplace, tests/analytics","Runtime status is still spec_binding_pending_pack_m21_3; required artifact evidence not promoted. Checked: .github/workflows/marketplace-runtime.yml, convex/deploy_validators, tests/marketplace, tests/analytics."
dsar_excluded_snapshot_restore_blocked,66895,M.5.4 Catalog index,m-5-4-catalog-index,spec_binding_pending_pack_m21_3,m21_3,".github/workflows/marketplace-runtime.yml, convex/deploy_validators, tests/marketplace, tests/analytics","Runtime status is still spec_binding_pending_pack_m21_3; required artifact evidence not promoted. Checked: .github/workflows/marketplace-runtime.yml, convex/deploy_validators, tests/marketplace, tests/analytics."
snapshot_catalog_residency_partition,66896,M.5.4 Catalog index,m-5-4-catalog-index,spec_binding_pending_pack_m21_3,m21_3,".github/workflows/marketplace-runtime.yml, convex/deploy_validators, tests/marketplace, tests/analytics","Runtime status is still spec_binding_pending_pack_m21_3; required artifact evidence not promoted. Checked: .github/workflows/marketplace-runtime.yml, convex/deploy_validators, tests/marketplace, tests/analytics."
attachment_dsar_72h_binary_detach_sla,66897,M.5.4 Catalog index,m-5-4-catalog-index,spec_binding_pending_pack_m11_3,m11_3,".github/workflows/deploy-validator.yml, .github/workflows/test-strategy.yml, convex/deploy_validators, tests/integration","Runtime status is still spec_binding_pending_pack_m11_3; required artifact evidence not promoted. Checked: .github/workflows/deploy-validator.yml, .github/workflows/test-strategy.yml, convex/deploy_validators, tests/integration."
cost_base_recalc_notice_window_trajectory_gate,66906,M.5.4 Catalog index,m-5-4-catalog-index,spec_binding_pending_pack_m11_3,m11_3,".github/workflows/deploy-validator.yml, .github/workflows/test-strategy.yml, convex/deploy_validators, tests/integration","Runtime status is still spec_binding_pending_pack_m11_3; required artifact evidence not promoted. Checked: .github/workflows/deploy-validator.yml, .github/workflows/test-strategy.yml, convex/deploy_validators, tests/integration."
kb_bootstrap_per_org_concurrency_lock_active,66909,M.5.4 Catalog index,m-5-4-catalog-index,spec_binding_pending_pack_m11_3,m11_3,".github/workflows/deploy-validator.yml, .github/workflows/test-strategy.yml, convex/deploy_validators, tests/integration","Runtime status is still spec_binding_pending_pack_m11_3; required artifact evidence not promoted. Checked: .github/workflows/deploy-validator.yml, .github/workflows/test-strategy.yml, convex/deploy_validators, tests/integration."
bid_disqualification_cascade_active,66910,M.5.4 Catalog index,m-5-4-catalog-index,spec_binding_pending_pack_m11_3,m11_3,".github/workflows/deploy-validator.yml, .github/workflows/test-strategy.yml, convex/deploy_validators, tests/integration","Runtime status is still spec_binding_pending_pack_m11_3; required artifact evidence not promoted. Checked: .github/workflows/deploy-validator.yml, .github/workflows/test-strategy.yml, convex/deploy_validators, tests/integration."
wallet_read_role_gate_scope,66911,M.5.4 Catalog index,m-5-4-catalog-index,spec_binding_pending_pack_m11_3,m11_3,".github/workflows/deploy-validator.yml, .github/workflows/test-strategy.yml, convex/deploy_validators, tests/integration","Runtime status is still spec_binding_pending_pack_m11_3; required artifact evidence not promoted. Checked: .github/workflows/deploy-validator.yml, .github/workflows/test-strategy.yml, convex/deploy_validators, tests/integration."
committed_spend_single_pool_invariant,66912,M.5.4 Catalog index,m-5-4-catalog-index,spec_binding_pending_pack_m24_3,m24_3,".github/workflows/billing-runtime.yml, tests/billing, convex/deploy_validators","Runtime status is still spec_binding_pending_pack_m24_3; required artifact evidence not promoted. Checked: .github/workflows/billing-runtime.yml, tests/billing, convex/deploy_validators."
committed_spend_single_auto_renew_invariant,66913,M.5.4 Catalog index,m-5-4-catalog-index,spec_binding_pending_pack_m24_3,m24_3,".github/workflows/billing-runtime.yml, tests/billing, convex/deploy_validators","Runtime status is still spec_binding_pending_pack_m24_3; required artifact evidence not promoted. Checked: .github/workflows/billing-runtime.yml, tests/billing, convex/deploy_validators."
committed_spend_console_scope_consistency,66914,M.5.4 Catalog index,m-5-4-catalog-index,spec_binding_pending_pack_m24_3,m24_3,".github/workflows/billing-runtime.yml, tests/billing, convex/deploy_validators","Runtime status is still spec_binding_pending_pack_m24_3; required artifact evidence not promoted. Checked: .github/workflows/billing-runtime.yml, tests/billing, convex/deploy_validators."
accessibility_settings_preference_contract,66926,M.5.4 Catalog index,m-5-4-catalog-index,spec_binding_pending_pack_m11_3,m11_3,".github/workflows/deploy-validator.yml, .github/workflows/test-strategy.yml, convex/deploy_validators, tests/integration","Runtime status is still spec_binding_pending_pack_m11_3; required artifact evidence not promoted. Checked: .github/workflows/deploy-validator.yml, .github/workflows/test-strategy.yml, convex/deploy_validators, tests/integration."
no_hardcoded_directional_css,66929,M.5.4 Catalog index,m-5-4-catalog-index,spec_binding_pending_pack_m02_3,m02_3,tools/spec-lint/gates/no_hardcoded_directional_css.ts,Runtime status is still spec_binding_pending_pack_m02_3; required artifact evidence not promoted. Checked: tools/spec-lint/gates/no_hardcoded_directional_css.ts.
rtl_directionality_runtime_contract,66930,M.5.4 Catalog index,m-5-4-catalog-index,spec_binding_pending_pack_m11_3,m11_3,".github/workflows/deploy-validator.yml, .github/workflows/test-strategy.yml, convex/deploy_validators, tests/integration","Runtime status is still spec_binding_pending_pack_m11_3; required artifact evidence not promoted. Checked: .github/workflows/deploy-validator.yml, .github/workflows/test-strategy.yml, convex/deploy_validators, tests/integration."
locale_resolution_engine_contract,66931,M.5.4 Catalog index,m-5-4-catalog-index,spec_binding_pending_pack_m11_3,m11_3,".github/workflows/deploy-validator.yml, .github/workflows/test-strategy.yml, convex/deploy_validators, tests/integration","Runtime status is still spec_binding_pending_pack_m11_3; required artifact evidence not promoted. Checked: .github/workflows/deploy-validator.yml, .github/workflows/test-strategy.yml, convex/deploy_validators, tests/integration."
workspace_pulse_health_persistence_contract,66936,M.5.4 Catalog index,m-5-4-catalog-index,spec_binding_pending_pack_m11_3,m11_3,".github/workflows/deploy-validator.yml, .github/workflows/test-strategy.yml, convex/deploy_validators, tests/integration","Runtime status is still spec_binding_pending_pack_m11_3; required artifact evidence not promoted. Checked: .github/workflows/deploy-validator.yml, .github/workflows/test-strategy.yml, convex/deploy_validators, tests/integration."
seller_pulse_surface_engine_mapping,66940,M.5.4 Catalog index,m-5-4-catalog-index,spec_binding_pending_pack_m11_3,m11_3,".github/workflows/deploy-validator.yml, .github/workflows/test-strategy.yml, convex/deploy_validators, tests/integration","Runtime status is still spec_binding_pending_pack_m11_3; required artifact evidence not promoted. Checked: .github/workflows/deploy-validator.yml, .github/workflows/test-strategy.yml, convex/deploy_validators, tests/integration."
firecrawl_outage_progress_line_substitution,67093,M.5.12 V13 catalog additions (PLG / Growth / Analytics / Hero Moment),m-5-12-v13-additions,spec_binding_pending_pack_m02_3,m02_3,tools/spec-lint/gates/firecrawl_outage_progress_line_substitution.ts,Runtime status is still spec_binding_pending_pack_m02_3; required artifact evidence not promoted. Checked: tools/spec-lint/gates/firecrawl_outage_progress_line_substitution.ts.
kb_bootstrap_allowance_compensation_completeness,67094,M.5.12 V13 catalog additions (PLG / Growth / Analytics / Hero Moment),m-5-12-v13-additions,spec_binding_pending_pack_m02_3,m02_3,tools/spec-lint/gates/kb_bootstrap_allowance_compensation_completeness.ts,Runtime status is still spec_binding_pending_pack_m02_3; required artifact evidence not promoted. Checked: tools/spec-lint/gates/kb_bootstrap_allowance_compensation_completeness.ts.
buyer_activation_metric_canonical_consumer,67095,M.5.12 V13 catalog additions (PLG / Growth / Analytics / Hero Moment),m-5-12-v13-additions,spec_binding_pending_pack_m21_3,m21_3,".github/workflows/marketplace-runtime.yml, convex/deploy_validators, tests/marketplace, tests/analytics","Runtime status is still spec_binding_pending_pack_m21_3; required artifact evidence not promoted. Checked: .github/workflows/marketplace-runtime.yml, convex/deploy_validators, tests/marketplace, tests/analytics."
usage_dashboard_plan_gating_canonical_6_tier_consumer,67098,M.5.12 V13 catalog additions (PLG / Growth / Analytics / Hero Moment),m-5-12-v13-additions,spec_binding_pending_pack_m21_3,m21_3,".github/workflows/marketplace-runtime.yml, convex/deploy_validators, tests/marketplace, tests/analytics","Runtime status is still spec_binding_pending_pack_m21_3; required artifact evidence not promoted. Checked: .github/workflows/marketplace-runtime.yml, convex/deploy_validators, tests/marketplace, tests/analytics."
m16_same_domain_enforcement_dual_point_canonical,67101,M.5.12 V13 catalog additions (PLG / Growth / Analytics / Hero Moment),m-5-12-v13-additions,spec_binding_pending_pack_m02_3,m02_3,tools/spec-lint/gates/m16_same_domain_enforcement_dual_point_canonical.ts,Runtime status is still spec_binding_pending_pack_m02_3; required artifact evidence not promoted. Checked: tools/spec-lint/gates/m16_same_domain_enforcement_dual_point_canonical.ts.
solo_tier_buyer_hero_moment_slo_single_source,67108,M.5.12 V13 catalog additions (PLG / Growth / Analytics / Hero Moment),m-5-12-v13-additions,spec_binding_pending_pack_m21_3,m21_3,".github/workflows/marketplace-runtime.yml, convex/deploy_validators, tests/marketplace, tests/analytics","Runtime status is still spec_binding_pending_pack_m21_3; required artifact evidence not promoted. Checked: .github/workflows/marketplace-runtime.yml, convex/deploy_validators, tests/marketplace, tests/analytics."
dsar_erased_seller_excluded_from_recovery_cadence,67110,M.5.12 V13 catalog additions (PLG / Growth / Analytics / Hero Moment),m-5-12-v13-additions,spec_binding_pending_pack_m02_3,m02_3,tools/spec-lint/gates/dsar_erased_seller_excluded_from_recovery_cadence.ts,Runtime status is still spec_binding_pending_pack_m02_3; required artifact evidence not promoted. Checked: tools/spec-lint/gates/dsar_erased_seller_excluded_from_recovery_cadence.ts.
dsar_erased_buyer_excluded_from_recovery_cadence,67111,M.5.12 V13 catalog additions (PLG / Growth / Analytics / Hero Moment),m-5-12-v13-additions,spec_binding_pending_pack_m21_3,m21_3,".github/workflows/marketplace-runtime.yml, convex/deploy_validators, tests/marketplace, tests/analytics","Runtime status is still spec_binding_pending_pack_m21_3; required artifact evidence not promoted. Checked: .github/workflows/marketplace-runtime.yml, convex/deploy_validators, tests/marketplace, tests/analytics."
posthog_event_payload_single_source_per_event,67112,M.5.12 V13 catalog additions (PLG / Growth / Analytics / Hero Moment),m-5-12-v13-additions,spec_binding_pending_pack_m02_3,m02_3,tools/spec-lint/gates/posthog_event_payload_single_source_per_event.ts,Runtime status is still spec_binding_pending_pack_m02_3; required artifact evidence not promoted. Checked: tools/spec-lint/gates/posthog_event_payload_single_source_per_event.ts.
network_effects_dashboard_outage_render_contract,67114,M.5.12 V13 catalog additions (PLG / Growth / Analytics / Hero Moment),m-5-12-v13-additions,spec_binding_pending_pack_m02_3,m02_3,tools/spec-lint/gates/network_effects_dashboard_outage_render_contract.ts,Runtime status is still spec_binding_pending_pack_m02_3; required artifact evidence not promoted. Checked: tools/spec-lint/gates/network_effects_dashboard_outage_render_contract.ts.
network_effects_residency_partition_canonical_consumer,67115,M.5.12 V13 catalog additions (PLG / Growth / Analytics / Hero Moment),m-5-12-v13-additions,spec_binding_pending_pack_m21_3,m21_3,".github/workflows/marketplace-runtime.yml, convex/deploy_validators, tests/marketplace, tests/analytics","Runtime status is still spec_binding_pending_pack_m21_3; required artifact evidence not promoted. Checked: .github/workflows/marketplace-runtime.yml, convex/deploy_validators, tests/marketplace, tests/analytics."
entitlement_matrix_registry_binding_completeness,67148,M.5.14 v7.2.0-REM Phase 4 catalog additions (P0 Entitlement Registry),m-5-14-v72rem-phase-4-additions,spec_binding_pending_pack_m11_3,m11_3,".github/workflows/deploy-validator.yml, .github/workflows/test-strategy.yml, convex/deploy_validators, tests/integration","Runtime status is still spec_binding_pending_pack_m11_3; required artifact evidence not promoted. Checked: .github/workflows/deploy-validator.yml, .github/workflows/test-strategy.yml, convex/deploy_validators, tests/integration."
qa_suggestion_family_cardinality,67149,M.5.14 v7.2.0-REM Phase 4 catalog additions (P0 Entitlement Registry),m-5-14-v72rem-phase-4-additions,spec_binding_pending_pack_m11_3,m11_3,".github/workflows/deploy-validator.yml, .github/workflows/test-strategy.yml, convex/deploy_validators, tests/integration","Runtime status is still spec_binding_pending_pack_m11_3; required artifact evidence not promoted. Checked: .github/workflows/deploy-validator.yml, .github/workflows/test-strategy.yml, convex/deploy_validators, tests/integration."
qa_suggestion_family_outcome_contract_isolation,67150,M.5.14 v7.2.0-REM Phase 4 catalog additions (P0 Entitlement Registry),m-5-14-v72rem-phase-4-additions,spec_binding_pending_pack_m11_3,m11_3,".github/workflows/deploy-validator.yml, .github/workflows/test-strategy.yml, convex/deploy_validators, tests/integration","Runtime status is still spec_binding_pending_pack_m11_3; required artifact evidence not promoted. Checked: .github/workflows/deploy-validator.yml, .github/workflows/test-strategy.yml, convex/deploy_validators, tests/integration."
kb_suggestion_family_cardinality,67176,M.5.15 v7.2.0-REM Phase 4.2 catalog additions (P0 Entitlement Registry — D-EM-002 Closure + kb_suggestion Family-Rooted Sibling Split),m-5-15-v72rem-phase-4-2-additions,spec_binding_pending_pack_m11_3,m11_3,".github/workflows/deploy-validator.yml, .github/workflows/test-strategy.yml, convex/deploy_validators, tests/integration","Runtime status is still spec_binding_pending_pack_m11_3; required artifact evidence not promoted. Checked: .github/workflows/deploy-validator.yml, .github/workflows/test-strategy.yml, convex/deploy_validators, tests/integration."
kb_suggestion_family_outcome_contract_isolation,67177,M.5.15 v7.2.0-REM Phase 4.2 catalog additions (P0 Entitlement Registry — D-EM-002 Closure + kb_suggestion Family-Rooted Sibling Split),m-5-15-v72rem-phase-4-2-additions,spec_binding_pending_pack_m11_3,m11_3,".github/workflows/deploy-validator.yml, .github/workflows/test-strategy.yml, convex/deploy_validators, tests/integration","Runtime status is still spec_binding_pending_pack_m11_3; required artifact evidence not promoted. Checked: .github/workflows/deploy-validator.yml, .github/workflows/test-strategy.yml, convex/deploy_validators, tests/integration."
kb_suggestion_alias_console_resolution_integrity,67178,M.5.15 v7.2.0-REM Phase 4.2 catalog additions (P0 Entitlement Registry — D-EM-002 Closure + kb_suggestion Family-Rooted Sibling Split),m-5-15-v72rem-phase-4-2-additions,spec_binding_pending_pack_m11_3,m11_3,".github/workflows/deploy-validator.yml, .github/workflows/test-strategy.yml, convex/deploy_validators, tests/integration","Runtime status is still spec_binding_pending_pack_m11_3; required artifact evidence not promoted. Checked: .github/workflows/deploy-validator.yml, .github/workflows/test-strategy.yml, convex/deploy_validators, tests/integration."
first_pass_rfp_draft_outcome_contract_isolation,67202,M.5.16 v7.2.0-REM Phase 4.3 catalog additions (P0 Entitlement Registry — D-EM-003 Closure + first_pass_rfp_draft Per-Requirement Registry Row),m-5-16-v72rem-phase-4-3-additions,spec_binding_pending_pack_m11_3,m11_3,".github/workflows/deploy-validator.yml, .github/workflows/test-strategy.yml, convex/deploy_validators, tests/integration","Runtime status is still spec_binding_pending_pack_m11_3; required artifact evidence not promoted. Checked: .github/workflows/deploy-validator.yml, .github/workflows/test-strategy.yml, convex/deploy_validators, tests/integration."
legal_entity_residency_change_revenue_leak_test,67237,M.5.17 v7.2.0-REM Phase 5 catalog additions (P0 Residency & Legal-Entity Reconciliation — D-RES-004 Closure + Stripe Customer Atomic-Binding Protocol),m-5-17-v72rem-phase-5-additions,spec_binding_pending_pack_m24_3,m24_3,".github/workflows/billing-runtime.yml, tests/billing, convex/deploy_validators","Runtime status is still spec_binding_pending_pack_m24_3; required artifact evidence not promoted. Checked: .github/workflows/billing-runtime.yml, tests/billing, convex/deploy_validators."
org_custom_residency_label_required,67239,M.5.17 v7.2.0-REM Phase 5 catalog additions (P0 Residency & Legal-Entity Reconciliation — D-RES-004 Closure + Stripe Customer Atomic-Binding Protocol),m-5-17-v72rem-phase-5-additions,spec_binding_pending_pack_m11_3,m11_3,".github/workflows/deploy-validator.yml, .github/workflows/test-strategy.yml, convex/deploy_validators, tests/integration","Runtime status is still spec_binding_pending_pack_m11_3; required artifact evidence not promoted. Checked: .github/workflows/deploy-validator.yml, .github/workflows/test-strategy.yml, convex/deploy_validators, tests/integration."
solo_trial_one_per_org_lifetime,67324,M.5.21 v7.2.0-REM P1 Solo trial additions (D-14.1-002 / D-14.2-002 closure),m-5-21-v72rem-p1-solo-trial-additions,spec_binding_pending_pack_m02_3,m02_3,tools/spec-lint/gates/solo_trial_one_per_org_lifetime.ts,Runtime status is still spec_binding_pending_pack_m02_3; required artifact evidence not promoted. Checked: tools/spec-lint/gates/solo_trial_one_per_org_lifetime.ts.
solo_upgrade_cta_threshold_3_events_30d_subscription_immediate_per_eval_bid,67334,M.5.22 v7.2.0-REM P1 Solo throttling upgrade-CTA additions (D-14.1-003 / D-14.2-003 closure),m-5-22-v72rem-p1-solo-throttling-upgrade-cta-additions,spec_binding_pending_pack_m02_3,m02_3,tools/spec-lint/gates/solo_upgrade_cta_threshold_3_events_30d_subscription_immediate_per_eval_bid.ts,Runtime status is still spec_binding_pending_pack_m02_3; required artifact evidence not promoted. Checked: tools/spec-lint/gates/solo_upgrade_cta_threshold_3_events_30d_subscription_immediate_per_eval_bid.ts.
member_role_permission_completeness,67398,M.5.28 v7.2.0-REM Phase 3.1 RBAC Residual P1 addition (D-3.1-003 / D-3.1-004 / D-3.1-005 / D-3.1-007 / D-3.1-014 closure),m-5-28-v72rem-phase-3-1-rbac-residual-p1-addition,spec_binding_pending_pack_m11_3,m11_3,".github/workflows/deploy-validator.yml, .github/workflows/test-strategy.yml, convex/deploy_validators, tests/integration","Runtime status is still spec_binding_pending_pack_m11_3; required artifact evidence not promoted. Checked: .github/workflows/deploy-validator.yml, .github/workflows/test-strategy.yml, convex/deploy_validators, tests/integration."
org_admin_billing_read_consistency,67399,M.5.28 v7.2.0-REM Phase 3.1 RBAC Residual P1 addition (D-3.1-003 / D-3.1-004 / D-3.1-005 / D-3.1-007 / D-3.1-014 closure),m-5-28-v72rem-phase-3-1-rbac-residual-p1-addition,spec_binding_pending_pack_m11_3,m11_3,".github/workflows/deploy-validator.yml, .github/workflows/test-strategy.yml, convex/deploy_validators, tests/integration","Runtime status is still spec_binding_pending_pack_m11_3; required artifact evidence not promoted. Checked: .github/workflows/deploy-validator.yml, .github/workflows/test-strategy.yml, convex/deploy_validators, tests/integration."
buyer_console_role_permission_completeness,67400,M.5.28 v7.2.0-REM Phase 3.1 RBAC Residual P1 addition (D-3.1-003 / D-3.1-004 / D-3.1-005 / D-3.1-007 / D-3.1-014 closure),m-5-28-v72rem-phase-3-1-rbac-residual-p1-addition,spec_binding_pending_pack_m11_3,m11_3,".github/workflows/deploy-validator.yml, .github/workflows/test-strategy.yml, convex/deploy_validators, tests/integration","Runtime status is still spec_binding_pending_pack_m11_3; required artifact evidence not promoted. Checked: .github/workflows/deploy-validator.yml, .github/workflows/test-strategy.yml, convex/deploy_validators, tests/integration."
seller_console_role_permission_completeness,67401,M.5.28 v7.2.0-REM Phase 3.1 RBAC Residual P1 addition (D-3.1-003 / D-3.1-004 / D-3.1-005 / D-3.1-007 / D-3.1-014 closure),m-5-28-v72rem-phase-3-1-rbac-residual-p1-addition,spec_binding_pending_pack_m11_3,m11_3,".github/workflows/deploy-validator.yml, .github/workflows/test-strategy.yml, convex/deploy_validators, tests/integration","Runtime status is still spec_binding_pending_pack_m11_3; required artifact evidence not promoted. Checked: .github/workflows/deploy-validator.yml, .github/workflows/test-strategy.yml, convex/deploy_validators, tests/integration."
console_bridge_redaction_kind_completeness,67411,M.5.29 v7.2.0-REM Phase 2.2 Firewall P1 addition (D-2.2-041 closure),m-5-29-v72rem-phase-2-2-firewall-p1-addition,spec_binding_pending_pack_m02_3,m02_3,tools/spec-lint/gates/console_bridge_redaction_kind_completeness.ts,Runtime status is still spec_binding_pending_pack_m02_3; required artifact evidence not promoted. Checked: tools/spec-lint/gates/console_bridge_redaction_kind_completeness.ts.
seller_onboarding_reactivation_single_source,67421,M.5.30 v7.2.0-REM Phase 5.7 Seller Onboarding Lifecycle P1 addition (D-5.7-002 / D-5.7-003 closure),m-5-30-v72rem-phase-5-7-seller-onboarding-lifecycle-p1-addition,spec_binding_pending_pack_m11_3,m11_3,".github/workflows/deploy-validator.yml, .github/workflows/test-strategy.yml, convex/deploy_validators, tests/integration","Runtime status is still spec_binding_pending_pack_m11_3; required artifact evidence not promoted. Checked: .github/workflows/deploy-validator.yml, .github/workflows/test-strategy.yml, convex/deploy_validators, tests/integration."
seller_onboarding_staleness_window_single_source,67422,M.5.30 v7.2.0-REM Phase 5.7 Seller Onboarding Lifecycle P1 addition (D-5.7-002 / D-5.7-003 closure),m-5-30-v72rem-phase-5-7-seller-onboarding-lifecycle-p1-addition,spec_binding_pending_pack_m11_3,m11_3,".github/workflows/deploy-validator.yml, .github/workflows/test-strategy.yml, convex/deploy_validators, tests/integration","Runtime status is still spec_binding_pending_pack_m11_3; required artifact evidence not promoted. Checked: .github/workflows/deploy-validator.yml, .github/workflows/test-strategy.yml, convex/deploy_validators, tests/integration."
email_bounce_complaint_suppression_runtime,67599,"M.5.45 v7.2.0-REM Phase 41 Email Domain P1 addition (D-41-001 through D-41-008, D-41-012, D-41-014 closure)",m-5-45-v72rem-phase-41-email-domain-p1-addition,spec_binding_pending_pack_m02_3,m02_3,tools/spec-lint/gates/email_bounce_complaint_suppression_runtime.ts,Runtime status is still spec_binding_pending_pack_m02_3; required artifact evidence not promoted. Checked: tools/spec-lint/gates/email_bounce_complaint_suppression_runtime.ts.
contest_window_db_trigger_present,67616,M.5.46 v7.2.0-REM Phase CONS Pricing Core P1 addition (D-CONS-003 through D-CONS-013 closure),m-5-46-v72rem-phase-cons-pricing-core-p1-addition,spec_binding_pending_pack_m11_3,m11_3,".github/workflows/deploy-validator.yml, .github/workflows/test-strategy.yml, convex/deploy_validators, tests/integration","Runtime status is still spec_binding_pending_pack_m11_3; required artifact evidence not promoted. Checked: .github/workflows/deploy-validator.yml, .github/workflows/test-strategy.yml, convex/deploy_validators, tests/integration."
free_allowance_plan_entitlement_partitioning,67617,M.5.46 v7.2.0-REM Phase CONS Pricing Core P1 addition (D-CONS-003 through D-CONS-013 closure),m-5-46-v72rem-phase-cons-pricing-core-p1-addition,spec_binding_pending_pack_m11_3,m11_3,".github/workflows/deploy-validator.yml, .github/workflows/test-strategy.yml, convex/deploy_validators, tests/integration","Runtime status is still spec_binding_pending_pack_m11_3; required artifact evidence not promoted. Checked: .github/workflows/deploy-validator.yml, .github/workflows/test-strategy.yml, convex/deploy_validators, tests/integration."
wallet_auto_topup_period_cap_counter_completeness,67620,M.5.46 v7.2.0-REM Phase CONS Pricing Core P1 addition (D-CONS-003 through D-CONS-013 closure),m-5-46-v72rem-phase-cons-pricing-core-p1-addition,spec_binding_pending_pack_m11_3,m11_3,".github/workflows/deploy-validator.yml, .github/workflows/test-strategy.yml, convex/deploy_validators, tests/integration","Runtime status is still spec_binding_pending_pack_m11_3; required artifact evidence not promoted. Checked: .github/workflows/deploy-validator.yml, .github/workflows/test-strategy.yml, convex/deploy_validators, tests/integration."
buyer_inbox_pulse_api_contract_completeness,67634,"M.5.47 v7.2.0-REM Phase 4.11 Inbox and Pulse P1 continuation addition (D-4.11-006, D-4.11-008 through D-4.11-016 closure)",m-5-47-v72rem-phase-4-11-inbox-and-pulse-p1-continuation-addition,spec_binding_pending_pack_m02_3,m02_3,tools/spec-lint/gates/buyer_inbox_pulse_api_contract_completeness.ts,Runtime status is still spec_binding_pending_pack_m02_3; required artifact evidence not promoted. Checked: tools/spec-lint/gates/buyer_inbox_pulse_api_contract_completeness.ts.
inbox_pulse_plan_gating_coverage,67636,"M.5.47 v7.2.0-REM Phase 4.11 Inbox and Pulse P1 continuation addition (D-4.11-006, D-4.11-008 through D-4.11-016 closure)",m-5-47-v72rem-phase-4-11-inbox-and-pulse-p1-continuation-addition,spec_binding_pending_pack_m02_3,m02_3,tools/spec-lint/gates/inbox_pulse_plan_gating_coverage.ts,Runtime status is still spec_binding_pending_pack_m02_3; required artifact evidence not promoted. Checked: tools/spec-lint/gates/inbox_pulse_plan_gating_coverage.ts.
pulse_digest_summary_firewall,67637,"M.5.47 v7.2.0-REM Phase 4.11 Inbox and Pulse P1 continuation addition (D-4.11-006, D-4.11-008 through D-4.11-016 closure)",m-5-47-v72rem-phase-4-11-inbox-and-pulse-p1-continuation-addition,spec_binding_pending_pack_m11_3,m11_3,".github/workflows/deploy-validator.yml, .github/workflows/test-strategy.yml, convex/deploy_validators, tests/integration","Runtime status is still spec_binding_pending_pack_m11_3; required artifact evidence not promoted. Checked: .github/workflows/deploy-validator.yml, .github/workflows/test-strategy.yml, convex/deploy_validators, tests/integration."
pulse_digest_day_enum_canonicality,67639,"M.5.47 v7.2.0-REM Phase 4.11 Inbox and Pulse P1 continuation addition (D-4.11-006, D-4.11-008 through D-4.11-016 closure)",m-5-47-v72rem-phase-4-11-inbox-and-pulse-p1-continuation-addition,spec_binding_pending_pack_m02_3,m02_3,tools/spec-lint/gates/pulse_digest_day_enum_canonicality.ts,Runtime status is still spec_binding_pending_pack_m02_3; required artifact evidence not promoted. Checked: tools/spec-lint/gates/pulse_digest_day_enum_canonicality.ts.
inbox_mutation_idempotency_contract,67640,"M.5.47 v7.2.0-REM Phase 4.11 Inbox and Pulse P1 continuation addition (D-4.11-006, D-4.11-008 through D-4.11-016 closure)",m-5-47-v72rem-phase-4-11-inbox-and-pulse-p1-continuation-addition,spec_binding_pending_pack_m11_3,m11_3,".github/workflows/deploy-validator.yml, .github/workflows/test-strategy.yml, convex/deploy_validators, tests/integration","Runtime status is still spec_binding_pending_pack_m11_3; required artifact evidence not promoted. Checked: .github/workflows/deploy-validator.yml, .github/workflows/test-strategy.yml, convex/deploy_validators, tests/integration."
pulse_dependency_degraded_mode_contract,67641,"M.5.47 v7.2.0-REM Phase 4.11 Inbox and Pulse P1 continuation addition (D-4.11-006, D-4.11-008 through D-4.11-016 closure)",m-5-47-v72rem-phase-4-11-inbox-and-pulse-p1-continuation-addition,spec_binding_pending_pack_m02_3,m02_3,tools/spec-lint/gates/pulse_dependency_degraded_mode_contract.ts,Runtime status is still spec_binding_pending_pack_m02_3; required artifact evidence not promoted. Checked: tools/spec-lint/gates/pulse_dependency_degraded_mode_contract.ts.
agent_threshold_config_contract_completeness,67653,M.5.48 v7.2.0-REM Phase 4.12 Agent Core P1 addition (D-4.12-001 / -013 / -018 / -019 / -025 / -029 / -035 closure),m-5-48-v72rem-phase-4-12-agent-core-p1-addition,spec_binding_pending_pack_m02_3,m02_3,tools/spec-lint/gates/agent_threshold_config_contract_completeness.ts,Runtime status is still spec_binding_pending_pack_m02_3; required artifact evidence not promoted. Checked: tools/spec-lint/gates/agent_threshold_config_contract_completeness.ts.
agent_feedback_no_model_training,67654,M.5.48 v7.2.0-REM Phase 4.12 Agent Core P1 addition (D-4.12-001 / -013 / -018 / -019 / -025 / -029 / -035 closure),m-5-48-v72rem-phase-4-12-agent-core-p1-addition,spec_binding_pending_pack_m11_3,m11_3,".github/workflows/deploy-validator.yml, .github/workflows/test-strategy.yml, convex/deploy_validators, tests/integration","Runtime status is still spec_binding_pending_pack_m11_3; required artifact evidence not promoted. Checked: .github/workflows/deploy-validator.yml, .github/workflows/test-strategy.yml, convex/deploy_validators, tests/integration."
agent_prompt_injection_catalog_consistency,67655,M.5.48 v7.2.0-REM Phase 4.12 Agent Core P1 addition (D-4.12-001 / -013 / -018 / -019 / -025 / -029 / -035 closure),m-5-48-v72rem-phase-4-12-agent-core-p1-addition,spec_binding_pending_pack_m02_3,m02_3,tools/spec-lint/gates/agent_prompt_injection_catalog_consistency.ts,Runtime status is still spec_binding_pending_pack_m02_3; required artifact evidence not promoted. Checked: tools/spec-lint/gates/agent_prompt_injection_catalog_consistency.ts.
custom_agent_instructions_contract_completeness,67656,M.5.48 v7.2.0-REM Phase 4.12 Agent Core P1 addition (D-4.12-001 / -013 / -018 / -019 / -025 / -029 / -035 closure),m-5-48-v72rem-phase-4-12-agent-core-p1-addition,spec_binding_pending_pack_m02_3,m02_3,tools/spec-lint/gates/custom_agent_instructions_contract_completeness.ts,Runtime status is still spec_binding_pending_pack_m02_3; required artifact evidence not promoted. Checked: tools/spec-lint/gates/custom_agent_instructions_contract_completeness.ts.
agent_output_surface_registry_consistency,67657,M.5.48 v7.2.0-REM Phase 4.12 Agent Core P1 addition (D-4.12-001 / -013 / -018 / -019 / -025 / -029 / -035 closure),m-5-48-v72rem-phase-4-12-agent-core-p1-addition,spec_binding_pending_pack_m02_3,m02_3,tools/spec-lint/gates/agent_output_surface_registry_consistency.ts,Runtime status is still spec_binding_pending_pack_m02_3; required artifact evidence not promoted. Checked: tools/spec-lint/gates/agent_output_surface_registry_consistency.ts.
policy_ingestion_partial_resume_idempotency,67671,M.5.49 v7.2.0-REM Phase 12 Policy Ingestion P1 addition (D-12-001 / -003 / -005 / -007 / -009 / -010 / -011 / -013 / -018 / -022 closure),m-5-49-v72rem-phase-12-policy-ingestion-p1-addition,spec_binding_pending_pack_m11_3,m11_3,".github/workflows/deploy-validator.yml, .github/workflows/test-strategy.yml, convex/deploy_validators, tests/integration","Runtime status is still spec_binding_pending_pack_m11_3; required artifact evidence not promoted. Checked: .github/workflows/deploy-validator.yml, .github/workflows/test-strategy.yml, convex/deploy_validators, tests/integration."
policy_ingestion_parent_child_settlement,67673,M.5.49 v7.2.0-REM Phase 12 Policy Ingestion P1 addition (D-12-001 / -003 / -005 / -007 / -009 / -010 / -011 / -013 / -018 / -022 closure),m-5-49-v72rem-phase-12-policy-ingestion-p1-addition,spec_binding_pending_pack_m11_3,m11_3,".github/workflows/deploy-validator.yml, .github/workflows/test-strategy.yml, convex/deploy_validators, tests/integration","Runtime status is still spec_binding_pending_pack_m11_3; required artifact evidence not promoted. Checked: .github/workflows/deploy-validator.yml, .github/workflows/test-strategy.yml, convex/deploy_validators, tests/integration."
policy_ingestion_buyer_console_firewall,67675,M.5.49 v7.2.0-REM Phase 12 Policy Ingestion P1 addition (D-12-001 / -003 / -005 / -007 / -009 / -010 / -011 / -013 / -018 / -022 closure),m-5-49-v72rem-phase-12-policy-ingestion-p1-addition,spec_binding_pending_pack_m11_3,m11_3,".github/workflows/deploy-validator.yml, .github/workflows/test-strategy.yml, convex/deploy_validators, tests/integration","Runtime status is still spec_binding_pending_pack_m11_3; required artifact evidence not promoted. Checked: .github/workflows/deploy-validator.yml, .github/workflows/test-strategy.yml, convex/deploy_validators, tests/integration."
workspace_template_idempotency_atomicity,67690,M.5.50 v7.2.0-REM Phase 4.10 Template Library API/Event P1 addition (D-4.10-006 / -007 / -008 / -016 closure),m-5-50-v72rem-phase-4-10-template-library-api-event-p1-addition,spec_binding_pending_pack_m11_3,m11_3,".github/workflows/deploy-validator.yml, .github/workflows/test-strategy.yml, convex/deploy_validators, tests/integration","Runtime status is still spec_binding_pending_pack_m11_3; required artifact evidence not promoted. Checked: .github/workflows/deploy-validator.yml, .github/workflows/test-strategy.yml, convex/deploy_validators, tests/integration."
scenario_modeling_entity_contract_resolution,67702,M.5.51 v7.2.0-REM Phase 4.5 Scenario Modeling P1 addition (D-4.5-002 / -003 / -004 / -005 / -006 / -007 / -009 / -011 / -015 closure),m-5-51-v72rem-phase-4-5-scenario-modeling-p1-addition,spec_binding_pending_pack_m02_3,m02_3,tools/spec-lint/gates/scenario_modeling_entity_contract_resolution.ts,Runtime status is still spec_binding_pending_pack_m02_3; required artifact evidence not promoted. Checked: tools/spec-lint/gates/scenario_modeling_entity_contract_resolution.ts.
scenario_modeling_plan_cap_single_source,67703,M.5.51 v7.2.0-REM Phase 4.5 Scenario Modeling P1 addition (D-4.5-002 / -003 / -004 / -005 / -006 / -007 / -009 / -011 / -015 closure),m-5-51-v72rem-phase-4-5-scenario-modeling-p1-addition,spec_binding_pending_pack_m02_3,m02_3,tools/spec-lint/gates/scenario_modeling_plan_cap_single_source.ts,Runtime status is still spec_binding_pending_pack_m02_3; required artifact evidence not promoted. Checked: tools/spec-lint/gates/scenario_modeling_plan_cap_single_source.ts.
scenario_modeling_endpoint_contract_completeness,67704,M.5.51 v7.2.0-REM Phase 4.5 Scenario Modeling P1 addition (D-4.5-002 / -003 / -004 / -005 / -006 / -007 / -009 / -011 / -015 closure),m-5-51-v72rem-phase-4-5-scenario-modeling-p1-addition,spec_binding_pending_pack_m02_3,m02_3,tools/spec-lint/gates/scenario_modeling_endpoint_contract_completeness.ts,Runtime status is still spec_binding_pending_pack_m02_3; required artifact evidence not promoted. Checked: tools/spec-lint/gates/scenario_modeling_endpoint_contract_completeness.ts.
scenario_modeling_event_catalog_consistency,67705,M.5.51 v7.2.0-REM Phase 4.5 Scenario Modeling P1 addition (D-4.5-002 / -003 / -004 / -005 / -006 / -007 / -009 / -011 / -015 closure),m-5-51-v72rem-phase-4-5-scenario-modeling-p1-addition,spec_binding_pending_pack_m02_3,m02_3,tools/spec-lint/gates/scenario_modeling_event_catalog_consistency.ts,Runtime status is still spec_binding_pending_pack_m02_3; required artifact evidence not promoted. Checked: tools/spec-lint/gates/scenario_modeling_event_catalog_consistency.ts.
scenario_modeling_lifecycle_state_machine,67706,M.5.51 v7.2.0-REM Phase 4.5 Scenario Modeling P1 addition (D-4.5-002 / -003 / -004 / -005 / -006 / -007 / -009 / -011 / -015 closure),m-5-51-v72rem-phase-4-5-scenario-modeling-p1-addition,spec_binding_pending_pack_m02_3,m02_3,tools/spec-lint/gates/scenario_modeling_lifecycle_state_machine.ts,Runtime status is still spec_binding_pending_pack_m02_3; required artifact evidence not promoted. Checked: tools/spec-lint/gates/scenario_modeling_lifecycle_state_machine.ts.
scenario_modeling_aioperation_settlement,67707,M.5.51 v7.2.0-REM Phase 4.5 Scenario Modeling P1 addition (D-4.5-002 / -003 / -004 / -005 / -006 / -007 / -009 / -011 / -015 closure),m-5-51-v72rem-phase-4-5-scenario-modeling-p1-addition,spec_binding_pending_pack_m11_3,m11_3,".github/workflows/deploy-validator.yml, .github/workflows/test-strategy.yml, convex/deploy_validators, tests/integration","Runtime status is still spec_binding_pending_pack_m11_3; required artifact evidence not promoted. Checked: .github/workflows/deploy-validator.yml, .github/workflows/test-strategy.yml, convex/deploy_validators, tests/integration."
scenario_modeling_appendix_m_surface_coverage,67708,M.5.51 v7.2.0-REM Phase 4.5 Scenario Modeling P1 addition (D-4.5-002 / -003 / -004 / -005 / -006 / -007 / -009 / -011 / -015 closure),m-5-51-v72rem-phase-4-5-scenario-modeling-p1-addition,spec_binding_pending_pack_m02_3,m02_3,tools/spec-lint/gates/scenario_modeling_appendix_m_surface_coverage.ts,Runtime status is still spec_binding_pending_pack_m02_3; required artifact evidence not promoted. Checked: tools/spec-lint/gates/scenario_modeling_appendix_m_surface_coverage.ts.
entitlement_matrix_non_ai_runtime_branching,67723,M.5.52 v7.2.0-REM Phase EM Entitlement Matrix P1 addition (D-EM-005 / -006 / -007 / -009 / -010 / -011 / -013 / -014 / -018 closure),m-5-52-v72rem-phase-em-entitlement-matrix-p1-addition,spec_binding_pending_pack_m11_3,m11_3,".github/workflows/deploy-validator.yml, .github/workflows/test-strategy.yml, convex/deploy_validators, tests/integration","Runtime status is still spec_binding_pending_pack_m11_3; required artifact evidence not promoted. Checked: .github/workflows/deploy-validator.yml, .github/workflows/test-strategy.yml, convex/deploy_validators, tests/integration."
qa_thread_numeric_single_source,67750,M.5.54 v7.2.0-REM Phase 4.9 Q&A Residual P1 addition (D-4.9-010 / D-4.9-011 / D-4.9-014 closure),m-5-54-v72rem-phase-4-9-qa-residual-p1-addition,spec_binding_pending_pack_m02_3,m02_3,tools/spec-lint/gates/qa_thread_numeric_single_source.ts,Runtime status is still spec_binding_pending_pack_m02_3; required artifact evidence not promoted. Checked: tools/spec-lint/gates/qa_thread_numeric_single_source.ts.
appendix_m_qa_section_completeness,67751,M.5.54 v7.2.0-REM Phase 4.9 Q&A Residual P1 addition (D-4.9-010 / D-4.9-011 / D-4.9-014 closure),m-5-54-v72rem-phase-4-9-qa-residual-p1-addition,spec_binding_pending_pack_m02_3,m02_3,tools/spec-lint/gates/appendix_m_qa_section_completeness.ts,Runtime status is still spec_binding_pending_pack_m02_3; required artifact evidence not promoted. Checked: tools/spec-lint/gates/appendix_m_qa_section_completeness.ts.
appendix_m_qa_phase_and_tier_consistency,67752,M.5.54 v7.2.0-REM Phase 4.9 Q&A Residual P1 addition (D-4.9-010 / D-4.9-011 / D-4.9-014 closure),m-5-54-v72rem-phase-4-9-qa-residual-p1-addition,spec_binding_pending_pack_m02_3,m02_3,tools/spec-lint/gates/appendix_m_qa_phase_and_tier_consistency.ts,Runtime status is still spec_binding_pending_pack_m02_3; required artifact evidence not promoted. Checked: tools/spec-lint/gates/appendix_m_qa_phase_and_tier_consistency.ts.
qa_suggestion_cross_console_firewall_boundary,67753,M.5.54 v7.2.0-REM Phase 4.9 Q&A Residual P1 addition (D-4.9-010 / D-4.9-011 / D-4.9-014 closure),m-5-54-v72rem-phase-4-9-qa-residual-p1-addition,spec_binding_pending_pack_m11_3,m11_3,".github/workflows/deploy-validator.yml, .github/workflows/test-strategy.yml, convex/deploy_validators, tests/integration","Runtime status is still spec_binding_pending_pack_m11_3; required artifact evidence not promoted. Checked: .github/workflows/deploy-validator.yml, .github/workflows/test-strategy.yml, convex/deploy_validators, tests/integration."
marketplace_match_score_entity_field_table_completeness,67765,M.5.55 v7.2.0-REM Phase 6.2 Match Score Entity P1 addition (D-6.2-001 / D-6.2-006 closure),m-5-55-v72rem-phase-6-2-match-score-entity-p1-addition,spec_binding_pending_pack_m02_3,m02_3,tools/spec-lint/gates/marketplace_match_score_entity_field_table_completeness.ts,Runtime status is still spec_binding_pending_pack_m02_3; required artifact evidence not promoted. Checked: tools/spec-lint/gates/marketplace_match_score_entity_field_table_completeness.ts.
marketplace_match_score_forward_reference_resolution,67766,M.5.55 v7.2.0-REM Phase 6.2 Match Score Entity P1 addition (D-6.2-001 / D-6.2-006 closure),m-5-55-v72rem-phase-6-2-match-score-entity-p1-addition,spec_binding_pending_pack_m02_3,m02_3,tools/spec-lint/gates/marketplace_match_score_forward_reference_resolution.ts,Runtime status is still spec_binding_pending_pack_m02_3; required artifact evidence not promoted. Checked: tools/spec-lint/gates/marketplace_match_score_forward_reference_resolution.ts.
marketplace_match_score_snapshot_tuple_uniqueness,67767,M.5.55 v7.2.0-REM Phase 6.2 Match Score Entity P1 addition (D-6.2-001 / D-6.2-006 closure),m-5-55-v72rem-phase-6-2-match-score-entity-p1-addition,spec_binding_pending_pack_m11_3,m11_3,".github/workflows/deploy-validator.yml, .github/workflows/test-strategy.yml, convex/deploy_validators, tests/integration","Runtime status is still spec_binding_pending_pack_m11_3; required artifact evidence not promoted. Checked: .github/workflows/deploy-validator.yml, .github/workflows/test-strategy.yml, convex/deploy_validators, tests/integration."
marketplace_proactive_offer_entity_contract_completeness,67779,M.5.56 v7.2.0-REM Phase 6.2 MarketplaceProactiveOffer P1 addition (D-6.2-015 closure),m-5-56-v72rem-phase-6-2-marketplaceproactiveoffer-p1-addition,spec_binding_pending_pack_m02_3,m02_3,tools/spec-lint/gates/marketplace_proactive_offer_entity_contract_completeness.ts,Runtime status is still spec_binding_pending_pack_m02_3; required artifact evidence not promoted. Checked: tools/spec-lint/gates/marketplace_proactive_offer_entity_contract_completeness.ts.
marketplace_proactive_offer_offer_kind_channel_split,67780,M.5.56 v7.2.0-REM Phase 6.2 MarketplaceProactiveOffer P1 addition (D-6.2-015 closure),m-5-56-v72rem-phase-6-2-marketplaceproactiveoffer-p1-addition,spec_binding_pending_pack_m02_3,m02_3,tools/spec-lint/gates/marketplace_proactive_offer_offer_kind_channel_split.ts,Runtime status is still spec_binding_pending_pack_m02_3; required artifact evidence not promoted. Checked: tools/spec-lint/gates/marketplace_proactive_offer_offer_kind_channel_split.ts.
marketplace_proactive_offer_pre_acceptance_redaction,67781,M.5.56 v7.2.0-REM Phase 6.2 MarketplaceProactiveOffer P1 addition (D-6.2-015 closure),m-5-56-v72rem-phase-6-2-marketplaceproactiveoffer-p1-addition,spec_binding_pending_pack_m11_3,m11_3,".github/workflows/deploy-validator.yml, .github/workflows/test-strategy.yml, convex/deploy_validators, tests/integration","Runtime status is still spec_binding_pending_pack_m11_3; required artifact evidence not promoted. Checked: .github/workflows/deploy-validator.yml, .github/workflows/test-strategy.yml, convex/deploy_validators, tests/integration."
marketplace_proactive_offer_lifecycle_state_machine,67782,M.5.56 v7.2.0-REM Phase 6.2 MarketplaceProactiveOffer P1 addition (D-6.2-015 closure),m-5-56-v72rem-phase-6-2-marketplaceproactiveoffer-p1-addition,spec_binding_pending_pack_m11_3,m11_3,".github/workflows/deploy-validator.yml, .github/workflows/test-strategy.yml, convex/deploy_validators, tests/integration","Runtime status is still spec_binding_pending_pack_m11_3; required artifact evidence not promoted. Checked: .github/workflows/deploy-validator.yml, .github/workflows/test-strategy.yml, convex/deploy_validators, tests/integration."
mcp_tool_catalog_diagram_consistency,67794,M.5.57 v7.2.0-REM Phase 5.2 KB / MCP P1 addition (D-5.2-001 / D-5.2-002 / D-5.2-003 / D-5.2-004 / D-5.2-005 / D-5.2-009 / D-5.2-017 / D-5.2-021 closure),m-5-57-v72rem-phase-5-2-kb-mcp-p1-addition,spec_binding_pending_pack_m02_3,m02_3,tools/spec-lint/gates/mcp_tool_catalog_diagram_consistency.ts,Runtime status is still spec_binding_pending_pack_m02_3; required artifact evidence not promoted. Checked: tools/spec-lint/gates/mcp_tool_catalog_diagram_consistency.ts.
kb_review_cadence_default_single_source,67795,M.5.57 v7.2.0-REM Phase 5.2 KB / MCP P1 addition (D-5.2-001 / D-5.2-002 / D-5.2-003 / D-5.2-004 / D-5.2-005 / D-5.2-009 / D-5.2-017 / D-5.2-021 closure),m-5-57-v72rem-phase-5-2-kb-mcp-p1-addition,spec_binding_pending_pack_m02_3,m02_3,tools/spec-lint/gates/kb_review_cadence_default_single_source.ts,Runtime status is still spec_binding_pending_pack_m02_3; required artifact evidence not promoted. Checked: tools/spec-lint/gates/kb_review_cadence_default_single_source.ts.
kb_lifecycle_state_alias_contract,67796,M.5.57 v7.2.0-REM Phase 5.2 KB / MCP P1 addition (D-5.2-001 / D-5.2-002 / D-5.2-003 / D-5.2-004 / D-5.2-005 / D-5.2-009 / D-5.2-017 / D-5.2-021 closure),m-5-57-v72rem-phase-5-2-kb-mcp-p1-addition,spec_binding_pending_pack_m02_3,m02_3,tools/spec-lint/gates/kb_lifecycle_state_alias_contract.ts,Runtime status is still spec_binding_pending_pack_m02_3; required artifact evidence not promoted. Checked: tools/spec-lint/gates/kb_lifecycle_state_alias_contract.ts.
kb_retrieve_freshness_enum_completeness,67797,M.5.57 v7.2.0-REM Phase 5.2 KB / MCP P1 addition (D-5.2-001 / D-5.2-002 / D-5.2-003 / D-5.2-004 / D-5.2-005 / D-5.2-009 / D-5.2-017 / D-5.2-021 closure),m-5-57-v72rem-phase-5-2-kb-mcp-p1-addition,spec_binding_pending_pack_m02_3,m02_3,tools/spec-lint/gates/kb_retrieve_freshness_enum_completeness.ts,Runtime status is still spec_binding_pending_pack_m02_3; required artifact evidence not promoted. Checked: tools/spec-lint/gates/kb_retrieve_freshness_enum_completeness.ts.
mcp_session_token_record_entity_home,67798,M.5.57 v7.2.0-REM Phase 5.2 KB / MCP P1 addition (D-5.2-001 / D-5.2-002 / D-5.2-003 / D-5.2-004 / D-5.2-005 / D-5.2-009 / D-5.2-017 / D-5.2-021 closure),m-5-57-v72rem-phase-5-2-kb-mcp-p1-addition,spec_binding_pending_pack_m11_3,m11_3,".github/workflows/deploy-validator.yml, .github/workflows/test-strategy.yml, convex/deploy_validators, tests/integration","Runtime status is still spec_binding_pending_pack_m11_3; required artifact evidence not promoted. Checked: .github/workflows/deploy-validator.yml, .github/workflows/test-strategy.yml, convex/deploy_validators, tests/integration."
kb_mcp_webhook_alert_catalog_completeness,67799,M.5.57 v7.2.0-REM Phase 5.2 KB / MCP P1 addition (D-5.2-001 / D-5.2-002 / D-5.2-003 / D-5.2-004 / D-5.2-005 / D-5.2-009 / D-5.2-017 / D-5.2-021 closure),m-5-57-v72rem-phase-5-2-kb-mcp-p1-addition,spec_binding_pending_pack_m11_3,m11_3,".github/workflows/deploy-validator.yml, .github/workflows/test-strategy.yml, convex/deploy_validators, tests/integration","Runtime status is still spec_binding_pending_pack_m11_3; required artifact evidence not promoted. Checked: .github/workflows/deploy-validator.yml, .github/workflows/test-strategy.yml, convex/deploy_validators, tests/integration."
seller_profile_public_field_contract_completeness,67811,M.5.58 v7.2.0-REM Phase 5.6 Seller Profiles / Public Pages P1 addition (D-5.6-001 / -002 / -003 / -004 / -005 / -006 / -007 / -008 / -009 / -010 / -019 / -020 / -021 closure),m-5-58-v72rem-phase-5-6-seller-public-pages-p1-addition,spec_binding_pending_pack_m02_3,m02_3,tools/spec-lint/gates/seller_profile_public_field_contract_completeness.ts,Runtime status is still spec_binding_pending_pack_m02_3; required artifact evidence not promoted. Checked: tools/spec-lint/gates/seller_profile_public_field_contract_completeness.ts.
verification_tier_criteria_single_source,67812,M.5.58 v7.2.0-REM Phase 5.6 Seller Profiles / Public Pages P1 addition (D-5.6-001 / -002 / -003 / -004 / -005 / -006 / -007 / -008 / -009 / -010 / -019 / -020 / -021 closure),m-5-58-v72rem-phase-5-6-seller-public-pages-p1-addition,spec_binding_pending_pack_m02_3,m02_3,tools/spec-lint/gates/verification_tier_criteria_single_source.ts,Runtime status is still spec_binding_pending_pack_m02_3; required artifact evidence not promoted. Checked: tools/spec-lint/gates/verification_tier_criteria_single_source.ts.
capability_declaration_section_26_no_shadow_schema,67813,M.5.58 v7.2.0-REM Phase 5.6 Seller Profiles / Public Pages P1 addition (D-5.6-001 / -002 / -003 / -004 / -005 / -006 / -007 / -008 / -009 / -010 / -019 / -020 / -021 closure),m-5-58-v72rem-phase-5-6-seller-public-pages-p1-addition,spec_binding_pending_pack_m02_3,m02_3,tools/spec-lint/gates/capability_declaration_section_26_no_shadow_schema.ts,Runtime status is still spec_binding_pending_pack_m02_3; required artifact evidence not promoted. Checked: tools/spec-lint/gates/capability_declaration_section_26_no_shadow_schema.ts.
seller_page_enrichment_capability_id_single_source,67814,M.5.58 v7.2.0-REM Phase 5.6 Seller Profiles / Public Pages P1 addition (D-5.6-001 / -002 / -003 / -004 / -005 / -006 / -007 / -008 / -009 / -010 / -019 / -020 / -021 closure),m-5-58-v72rem-phase-5-6-seller-public-pages-p1-addition,spec_binding_pending_pack_m02_3,m02_3,tools/spec-lint/gates/seller_page_enrichment_capability_id_single_source.ts,Runtime status is still spec_binding_pending_pack_m02_3; required artifact evidence not promoted. Checked: tools/spec-lint/gates/seller_page_enrichment_capability_id_single_source.ts.
seller_software_transfer_request_entity_home,67815,M.5.58 v7.2.0-REM Phase 5.6 Seller Profiles / Public Pages P1 addition (D-5.6-001 / -002 / -003 / -004 / -005 / -006 / -007 / -008 / -009 / -010 / -019 / -020 / -021 closure),m-5-58-v72rem-phase-5-6-seller-public-pages-p1-addition,spec_binding_pending_pack_m11_3,m11_3,".github/workflows/deploy-validator.yml, .github/workflows/test-strategy.yml, convex/deploy_validators, tests/integration","Runtime status is still spec_binding_pending_pack_m11_3; required artifact evidence not promoted. Checked: .github/workflows/deploy-validator.yml, .github/workflows/test-strategy.yml, convex/deploy_validators, tests/integration."
seller_software_unclaimed_stub_render_mode,67816,M.5.58 v7.2.0-REM Phase 5.6 Seller Profiles / Public Pages P1 addition (D-5.6-001 / -002 / -003 / -004 / -005 / -006 / -007 / -008 / -009 / -010 / -019 / -020 / -021 closure),m-5-58-v72rem-phase-5-6-seller-public-pages-p1-addition,spec_binding_pending_pack_m02_3,m02_3,tools/spec-lint/gates/seller_software_unclaimed_stub_render_mode.ts,Runtime status is still spec_binding_pending_pack_m02_3; required artifact evidence not promoted. Checked: tools/spec-lint/gates/seller_software_unclaimed_stub_render_mode.ts.
opt_out_http_response_single_source,67817,M.5.58 v7.2.0-REM Phase 5.6 Seller Profiles / Public Pages P1 addition (D-5.6-001 / -002 / -003 / -004 / -005 / -006 / -007 / -008 / -009 / -010 / -019 / -020 / -021 closure),m-5-58-v72rem-phase-5-6-seller-public-pages-p1-addition,spec_binding_pending_pack_m02_3,m02_3,tools/spec-lint/gates/opt_out_http_response_single_source.ts,Runtime status is still spec_binding_pending_pack_m02_3; required artifact evidence not promoted. Checked: tools/spec-lint/gates/opt_out_http_response_single_source.ts.
responsive_breakpoint_enum_registry_completeness,67829,M.5.59 v7.2.0-REM Phase 38 Responsive / Mobile P1 addition (D-38-001 / -002 / -003 / -004 / -005 / -006 / -009 / -020 closure),m-5-59-v72rem-phase-38-responsive-mobile-p1-addition,spec_binding_pending_pack_m02_3,m02_3,tools/spec-lint/gates/responsive_breakpoint_enum_registry_completeness.ts,Runtime status is still spec_binding_pending_pack_m02_3; required artifact evidence not promoted. Checked: tools/spec-lint/gates/responsive_breakpoint_enum_registry_completeness.ts.
responsive_posthog_event_catalog_completeness,67830,M.5.59 v7.2.0-REM Phase 38 Responsive / Mobile P1 addition (D-38-001 / -002 / -003 / -004 / -005 / -006 / -009 / -020 closure),m-5-59-v72rem-phase-38-responsive-mobile-p1-addition,spec_binding_pending_pack_m02_3,m02_3,tools/spec-lint/gates/responsive_posthog_event_catalog_completeness.ts,Runtime status is still spec_binding_pending_pack_m02_3; required artifact evidence not promoted. Checked: tools/spec-lint/gates/responsive_posthog_event_catalog_completeness.ts.
responsive_mobile_error_catalog_completeness,67831,M.5.59 v7.2.0-REM Phase 38 Responsive / Mobile P1 addition (D-38-001 / -002 / -003 / -004 / -005 / -006 / -009 / -020 closure),m-5-59-v72rem-phase-38-responsive-mobile-p1-addition,spec_binding_pending_pack_m02_3,m02_3,tools/spec-lint/gates/responsive_mobile_error_catalog_completeness.ts,Runtime status is still spec_binding_pending_pack_m02_3; required artifact evidence not promoted. Checked: tools/spec-lint/gates/responsive_mobile_error_catalog_completeness.ts.
responsive_design_appendix_m_surface_coverage,67832,M.5.59 v7.2.0-REM Phase 38 Responsive / Mobile P1 addition (D-38-001 / -002 / -003 / -004 / -005 / -006 / -009 / -020 closure),m-5-59-v72rem-phase-38-responsive-mobile-p1-addition,spec_binding_pending_pack_m02_3,m02_3,tools/spec-lint/gates/responsive_design_appendix_m_surface_coverage.ts,Runtime status is still spec_binding_pending_pack_m02_3; required artifact evidence not promoted. Checked: tools/spec-lint/gates/responsive_design_appendix_m_surface_coverage.ts.
responsive_conformance_suite,67833,M.5.59 v7.2.0-REM Phase 38 Responsive / Mobile P1 addition (D-38-001 / -002 / -003 / -004 / -005 / -006 / -009 / -020 closure),m-5-59-v72rem-phase-38-responsive-mobile-p1-addition,spec_binding_pending_pack_m21_3,m21_3,".github/workflows/marketplace-runtime.yml, convex/deploy_validators, tests/marketplace, tests/analytics","Runtime status is still spec_binding_pending_pack_m21_3; required artifact evidence not promoted. Checked: .github/workflows/marketplace-runtime.yml, convex/deploy_validators, tests/marketplace, tests/analytics."
tap_count_probe,67834,M.5.59 v7.2.0-REM Phase 38 Responsive / Mobile P1 addition (D-38-001 / -002 / -003 / -004 / -005 / -006 / -009 / -020 closure),m-5-59-v72rem-phase-38-responsive-mobile-p1-addition,spec_binding_pending_pack_m21_3,m21_3,".github/workflows/marketplace-runtime.yml, convex/deploy_validators, tests/marketplace, tests/analytics","Runtime status is still spec_binding_pending_pack_m21_3; required artifact evidence not promoted. Checked: .github/workflows/marketplace-runtime.yml, convex/deploy_validators, tests/marketplace, tests/analytics."
feature_parity_matrix_completeness,67835,M.5.59 v7.2.0-REM Phase 38 Responsive / Mobile P1 addition (D-38-001 / -002 / -003 / -004 / -005 / -006 / -009 / -020 closure),m-5-59-v72rem-phase-38-responsive-mobile-p1-addition,spec_binding_pending_pack_m02_3,m02_3,tools/spec-lint/gates/feature_parity_matrix_completeness.ts,Runtime status is still spec_binding_pending_pack_m02_3; required artifact evidence not promoted. Checked: tools/spec-lint/gates/feature_parity_matrix_completeness.ts.
spec_matrix_lint,67837,M.5.59 v7.2.0-REM Phase 38 Responsive / Mobile P1 addition (D-38-001 / -002 / -003 / -004 / -005 / -006 / -009 / -020 closure),m-5-59-v72rem-phase-38-responsive-mobile-p1-addition,spec_binding_pending_pack_m02_3,m02_3,tools/spec-lint/gates/spec_matrix_lint.ts,Runtime status is still spec_binding_pending_pack_m02_3; required artifact evidence not promoted. Checked: tools/spec-lint/gates/spec_matrix_lint.ts.
responsive_mobile_ci_gate_catalog_completeness,67838,M.5.59 v7.2.0-REM Phase 38 Responsive / Mobile P1 addition (D-38-001 / -002 / -003 / -004 / -005 / -006 / -009 / -020 closure),m-5-59-v72rem-phase-38-responsive-mobile-p1-addition,spec_binding_pending_pack_m02_3,m02_3,tools/spec-lint/gates/responsive_mobile_ci_gate_catalog_completeness.ts,Runtime status is still spec_binding_pending_pack_m02_3; required artifact evidence not promoted. Checked: tools/spec-lint/gates/responsive_mobile_ci_gate_catalog_completeness.ts.
responsive_dashboard_anchor_resolution,67839,M.5.59 v7.2.0-REM Phase 38 Responsive / Mobile P1 addition (D-38-001 / -002 / -003 / -004 / -005 / -006 / -009 / -020 closure),m-5-59-v72rem-phase-38-responsive-mobile-p1-addition,spec_binding_pending_pack_m02_3,m02_3,tools/spec-lint/gates/responsive_dashboard_anchor_resolution.ts,Runtime status is still spec_binding_pending_pack_m02_3; required artifact evidence not promoted. Checked: tools/spec-lint/gates/responsive_dashboard_anchor_resolution.ts.
responsive_mobile_performance_budget_single_source,67840,M.5.59 v7.2.0-REM Phase 38 Responsive / Mobile P1 addition (D-38-001 / -002 / -003 / -004 / -005 / -006 / -009 / -020 closure),m-5-59-v72rem-phase-38-responsive-mobile-p1-addition,spec_binding_pending_pack_m02_3,m02_3,tools/spec-lint/gates/responsive_mobile_performance_budget_single_source.ts,Runtime status is still spec_binding_pending_pack_m02_3; required artifact evidence not promoted. Checked: tools/spec-lint/gates/responsive_mobile_performance_budget_single_source.ts.
cross_console_shared_ui_preference_firewall,67841,M.5.59 v7.2.0-REM Phase 38 Responsive / Mobile P1 addition (D-38-001 / -002 / -003 / -004 / -005 / -006 / -009 / -020 closure),m-5-59-v72rem-phase-38-responsive-mobile-p1-addition,spec_binding_pending_pack_m11_3,m11_3,".github/workflows/deploy-validator.yml, .github/workflows/test-strategy.yml, convex/deploy_validators, tests/integration","Runtime status is still spec_binding_pending_pack_m11_3; required artifact evidence not promoted. Checked: .github/workflows/deploy-validator.yml, .github/workflows/test-strategy.yml, convex/deploy_validators, tests/integration."
core_web_vitals_in_app_singleton,67853,M.5.60 v7.2.0-REM Phase 44 Performance / Solo P1 addition (D-44-001 / -003 / -005 / -006 / -008 closure),m-5-60-v72rem-phase-44-performance-solo-p1-addition,spec_binding_pending_pack_m02_3,m02_3,tools/spec-lint/gates/core_web_vitals_in_app_singleton.ts,Runtime status is still spec_binding_pending_pack_m02_3; required artifact evidence not promoted. Checked: tools/spec-lint/gates/core_web_vitals_in_app_singleton.ts.
core_web_vitals_in_app_lighthouse_ci,67854,M.5.60 v7.2.0-REM Phase 44 Performance / Solo P1 addition (D-44-001 / -003 / -005 / -006 / -008 closure),m-5-60-v72rem-phase-44-performance-solo-p1-addition,spec_binding_pending_pack_m21_3,m21_3,".github/workflows/marketplace-runtime.yml, convex/deploy_validators, tests/marketplace, tests/analytics","Runtime status is still spec_binding_pending_pack_m21_3; required artifact evidence not promoted. Checked: .github/workflows/marketplace-runtime.yml, convex/deploy_validators, tests/marketplace, tests/analytics."
api_latency_p95_regression,67855,M.5.60 v7.2.0-REM Phase 44 Performance / Solo P1 addition (D-44-001 / -003 / -005 / -006 / -008 closure),m-5-60-v72rem-phase-44-performance-solo-p1-addition,spec_binding_pending_pack_m11_3,m11_3,".github/workflows/deploy-validator.yml, .github/workflows/test-strategy.yml, convex/deploy_validators, tests/integration","Runtime status is still spec_binding_pending_pack_m11_3; required artifact evidence not promoted. Checked: .github/workflows/deploy-validator.yml, .github/workflows/test-strategy.yml, convex/deploy_validators, tests/integration."
convex_reactivity_slo_regression,67856,M.5.60 v7.2.0-REM Phase 44 Performance / Solo P1 addition (D-44-001 / -003 / -005 / -006 / -008 closure),m-5-60-v72rem-phase-44-performance-solo-p1-addition,spec_binding_pending_pack_m11_3,m11_3,".github/workflows/deploy-validator.yml, .github/workflows/test-strategy.yml, convex/deploy_validators, tests/integration","Runtime status is still spec_binding_pending_pack_m11_3; required artifact evidence not promoted. Checked: .github/workflows/deploy-validator.yml, .github/workflows/test-strategy.yml, convex/deploy_validators, tests/integration."
agent_budget_breach,67857,M.5.60 v7.2.0-REM Phase 44 Performance / Solo P1 addition (D-44-001 / -003 / -005 / -006 / -008 closure),m-5-60-v72rem-phase-44-performance-solo-p1-addition,spec_binding_pending_pack_m11_3,m11_3,".github/workflows/deploy-validator.yml, .github/workflows/test-strategy.yml, convex/deploy_validators, tests/integration","Runtime status is still spec_binding_pending_pack_m11_3; required artifact evidence not promoted. Checked: .github/workflows/deploy-validator.yml, .github/workflows/test-strategy.yml, convex/deploy_validators, tests/integration."
load_test_sla_breach,67858,M.5.60 v7.2.0-REM Phase 44 Performance / Solo P1 addition (D-44-001 / -003 / -005 / -006 / -008 closure),m-5-60-v72rem-phase-44-performance-solo-p1-addition,spec_binding_pending_pack_m21_3,m21_3,".github/workflows/marketplace-runtime.yml, convex/deploy_validators, tests/marketplace, tests/analytics","Runtime status is still spec_binding_pending_pack_m21_3; required artifact evidence not promoted. Checked: .github/workflows/marketplace-runtime.yml, convex/deploy_validators, tests/marketplace, tests/analytics."
bundle_size_budget_in_app,67859,M.5.60 v7.2.0-REM Phase 44 Performance / Solo P1 addition (D-44-001 / -003 / -005 / -006 / -008 closure),m-5-60-v72rem-phase-44-performance-solo-p1-addition,spec_binding_pending_pack_m21_3,m21_3,".github/workflows/marketplace-runtime.yml, convex/deploy_validators, tests/marketplace, tests/analytics","Runtime status is still spec_binding_pending_pack_m21_3; required artifact evidence not promoted. Checked: .github/workflows/marketplace-runtime.yml, convex/deploy_validators, tests/marketplace, tests/analytics."
agent_cost_authority_no_section44_inline_restatement,67860,M.5.60 v7.2.0-REM Phase 44 Performance / Solo P1 addition (D-44-001 / -003 / -005 / -006 / -008 closure),m-5-60-v72rem-phase-44-performance-solo-p1-addition,spec_binding_pending_pack_m02_3,m02_3,tools/spec-lint/gates/agent_cost_authority_no_section44_inline_restatement.ts,Runtime status is still spec_binding_pending_pack_m02_3; required artifact evidence not promoted. Checked: tools/spec-lint/gates/agent_cost_authority_no_section44_inline_restatement.ts.
solo_tier_surface_treatment_appendix_m_coverage,67861,M.5.60 v7.2.0-REM Phase 44 Performance / Solo P1 addition (D-44-001 / -003 / -005 / -006 / -008 closure),m-5-60-v72rem-phase-44-performance-solo-p1-addition,spec_binding_pending_pack_m02_3,m02_3,tools/spec-lint/gates/solo_tier_surface_treatment_appendix_m_coverage.ts,Runtime status is still spec_binding_pending_pack_m02_3; required artifact evidence not promoted. Checked: tools/spec-lint/gates/solo_tier_surface_treatment_appendix_m_coverage.ts.
solo_absorption_cap_enforced,67862,M.5.60 v7.2.0-REM Phase 44 Performance / Solo P1 addition (D-44-001 / -003 / -005 / -006 / -008 closure),m-5-60-v72rem-phase-44-performance-solo-p1-addition,spec_binding_pending_pack_m11_3,m11_3,".github/workflows/deploy-validator.yml, .github/workflows/test-strategy.yml, convex/deploy_validators, tests/integration","Runtime status is still spec_binding_pending_pack_m11_3; required artifact evidence not promoted. Checked: .github/workflows/deploy-validator.yml, .github/workflows/test-strategy.yml, convex/deploy_validators, tests/integration."
solo_absorption_cap_event_catalog_completeness,67863,M.5.60 v7.2.0-REM Phase 44 Performance / Solo P1 addition (D-44-001 / -003 / -005 / -006 / -008 closure),m-5-60-v72rem-phase-44-performance-solo-p1-addition,spec_binding_pending_pack_m02_3,m02_3,tools/spec-lint/gates/solo_absorption_cap_event_catalog_completeness.ts,Runtime status is still spec_binding_pending_pack_m02_3; required artifact evidence not promoted. Checked: tools/spec-lint/gates/solo_absorption_cap_event_catalog_completeness.ts.
solo_absorption_cap_counter_state_contract,67864,M.5.60 v7.2.0-REM Phase 44 Performance / Solo P1 addition (D-44-001 / -003 / -005 / -006 / -008 closure),m-5-60-v72rem-phase-44-performance-solo-p1-addition,spec_binding_pending_pack_m11_3,m11_3,".github/workflows/deploy-validator.yml, .github/workflows/test-strategy.yml, convex/deploy_validators, tests/integration","Runtime status is still spec_binding_pending_pack_m11_3; required artifact evidence not promoted. Checked: .github/workflows/deploy-validator.yml, .github/workflows/test-strategy.yml, convex/deploy_validators, tests/integration."
bid_workspace_deal_size_band_firewall,67880,M.5.61 v7.2.0-REM Phase DEC Decision-Divergence P1 addition (D-DEC-001 / -002 / -004 / -005 / -007 / -008 closure),m-5-61-v72rem-phase-dec-decision-divergence-p1-addition,spec_binding_pending_pack_m11_3,m11_3,".github/workflows/deploy-validator.yml, .github/workflows/test-strategy.yml, convex/deploy_validators, tests/integration","Runtime status is still spec_binding_pending_pack_m11_3; required artifact evidence not promoted. Checked: .github/workflows/deploy-validator.yml, .github/workflows/test-strategy.yml, convex/deploy_validators, tests/integration."
first_pass_high_stakes_band_only,67881,M.5.61 v7.2.0-REM Phase DEC Decision-Divergence P1 addition (D-DEC-001 / -002 / -004 / -005 / -007 / -008 closure),m-5-61-v72rem-phase-dec-decision-divergence-p1-addition,spec_binding_pending_pack_m11_3,m11_3,".github/workflows/deploy-validator.yml, .github/workflows/test-strategy.yml, convex/deploy_validators, tests/integration","Runtime status is still spec_binding_pending_pack_m11_3; required artifact evidence not promoted. Checked: .github/workflows/deploy-validator.yml, .github/workflows/test-strategy.yml, convex/deploy_validators, tests/integration."
pro_trial_no_refund_after_vendor_notification,67882,M.5.61 v7.2.0-REM Phase DEC Decision-Divergence P1 addition (D-DEC-001 / -002 / -004 / -005 / -007 / -008 closure),m-5-61-v72rem-phase-dec-decision-divergence-p1-addition,spec_binding_pending_pack_m11_3,m11_3,".github/workflows/deploy-validator.yml, .github/workflows/test-strategy.yml, convex/deploy_validators, tests/integration","Runtime status is still spec_binding_pending_pack_m11_3; required artifact evidence not promoted. Checked: .github/workflows/deploy-validator.yml, .github/workflows/test-strategy.yml, convex/deploy_validators, tests/integration."
wallet_autotopup_ops_override_bounds,67883,M.5.61 v7.2.0-REM Phase DEC Decision-Divergence P1 addition (D-DEC-001 / -002 / -004 / -005 / -007 / -008 closure),m-5-61-v72rem-phase-dec-decision-divergence-p1-addition,spec_binding_pending_pack_m11_3,m11_3,".github/workflows/deploy-validator.yml, .github/workflows/test-strategy.yml, convex/deploy_validators, tests/integration","Runtime status is still spec_binding_pending_pack_m11_3; required artifact evidence not promoted. Checked: .github/workflows/deploy-validator.yml, .github/workflows/test-strategy.yml, convex/deploy_validators, tests/integration."
wallet_autotopup_override_api_surface_guard,67884,M.5.61 v7.2.0-REM Phase DEC Decision-Divergence P1 addition (D-DEC-001 / -002 / -004 / -005 / -007 / -008 closure),m-5-61-v72rem-phase-dec-decision-divergence-p1-addition,spec_binding_pending_pack_m02_3,m02_3,tools/spec-lint/gates/wallet_autotopup_override_api_surface_guard.ts,Runtime status is still spec_binding_pending_pack_m02_3; required artifact evidence not promoted. Checked: tools/spec-lint/gates/wallet_autotopup_override_api_surface_guard.ts.
wallet_free_free_additive_pool,67885,M.5.61 v7.2.0-REM Phase DEC Decision-Divergence P1 addition (D-DEC-001 / -002 / -004 / -005 / -007 / -008 closure),m-5-61-v72rem-phase-dec-decision-divergence-p1-addition,spec_binding_pending_pack_m11_3,m11_3,".github/workflows/deploy-validator.yml, .github/workflows/test-strategy.yml, convex/deploy_validators, tests/integration","Runtime status is still spec_binding_pending_pack_m11_3; required artifact evidence not promoted. Checked: .github/workflows/deploy-validator.yml, .github/workflows/test-strategy.yml, convex/deploy_validators, tests/integration."
wallet_free_paid_additive_pool_solo_exception,67886,M.5.61 v7.2.0-REM Phase DEC Decision-Divergence P1 addition (D-DEC-001 / -002 / -004 / -005 / -007 / -008 closure),m-5-61-v72rem-phase-dec-decision-divergence-p1-addition,spec_binding_pending_pack_m11_3,m11_3,".github/workflows/deploy-validator.yml, .github/workflows/test-strategy.yml, convex/deploy_validators, tests/integration","Runtime status is still spec_binding_pending_pack_m11_3; required artifact evidence not promoted. Checked: .github/workflows/deploy-validator.yml, .github/workflows/test-strategy.yml, convex/deploy_validators, tests/integration."
seller_solo_onboarding_consumption_invisibility,67898,M.5.62 v7.2.0-REM Phase 5.7 Seller Onboarding Residual P1 addition (D-5.7-006 / -008 / -009 / -011 / -015 / -016 / -024 closure),m-5-62-v72rem-phase-5-7-seller-onboarding-residual-p1-addition,spec_binding_pending_pack_m11_3,m11_3,".github/workflows/deploy-validator.yml, .github/workflows/test-strategy.yml, convex/deploy_validators, tests/integration","Runtime status is still spec_binding_pending_pack_m11_3; required artifact evidence not promoted. Checked: .github/workflows/deploy-validator.yml, .github/workflows/test-strategy.yml, convex/deploy_validators, tests/integration."
seller_solo_per_bid_charge_stage_binding,67899,M.5.62 v7.2.0-REM Phase 5.7 Seller Onboarding Residual P1 addition (D-5.7-006 / -008 / -009 / -011 / -015 / -016 / -024 closure),m-5-62-v72rem-phase-5-7-seller-onboarding-residual-p1-addition,spec_binding_pending_pack_m11_3,m11_3,".github/workflows/deploy-validator.yml, .github/workflows/test-strategy.yml, convex/deploy_validators, tests/integration","Runtime status is still spec_binding_pending_pack_m11_3; required artifact evidence not promoted. Checked: .github/workflows/deploy-validator.yml, .github/workflows/test-strategy.yml, convex/deploy_validators, tests/integration."
seller_onboarding_dropoff_recovery_registry_complete,67900,M.5.62 v7.2.0-REM Phase 5.7 Seller Onboarding Residual P1 addition (D-5.7-006 / -008 / -009 / -011 / -015 / -016 / -024 closure),m-5-62-v72rem-phase-5-7-seller-onboarding-residual-p1-addition,spec_binding_pending_pack_m02_3,m02_3,tools/spec-lint/gates/seller_onboarding_dropoff_recovery_registry_complete.ts,Runtime status is still spec_binding_pending_pack_m02_3; required artifact evidence not promoted. Checked: tools/spec-lint/gates/seller_onboarding_dropoff_recovery_registry_complete.ts.
seller_onboarding_activation_events_use_51_envelope,67901,M.5.62 v7.2.0-REM Phase 5.7 Seller Onboarding Residual P1 addition (D-5.7-006 / -008 / -009 / -011 / -015 / -016 / -024 closure),m-5-62-v72rem-phase-5-7-seller-onboarding-residual-p1-addition,spec_binding_pending_pack_m02_3,m02_3,tools/spec-lint/gates/seller_onboarding_activation_events_use_51_envelope.ts,Runtime status is still spec_binding_pending_pack_m02_3; required artifact evidence not promoted. Checked: tools/spec-lint/gates/seller_onboarding_activation_events_use_51_envelope.ts.
seller_onboarding_conversion_moment_kind_canonical,67902,M.5.62 v7.2.0-REM Phase 5.7 Seller Onboarding Residual P1 addition (D-5.7-006 / -008 / -009 / -011 / -015 / -016 / -024 closure),m-5-62-v72rem-phase-5-7-seller-onboarding-residual-p1-addition,spec_binding_pending_pack_m02_3,m02_3,tools/spec-lint/gates/seller_onboarding_conversion_moment_kind_canonical.ts,Runtime status is still spec_binding_pending_pack_m02_3; required artifact evidence not promoted. Checked: tools/spec-lint/gates/seller_onboarding_conversion_moment_kind_canonical.ts.
seller_onboarding_provider_outage_visible,67903,M.5.62 v7.2.0-REM Phase 5.7 Seller Onboarding Residual P1 addition (D-5.7-006 / -008 / -009 / -011 / -015 / -016 / -024 closure),m-5-62-v72rem-phase-5-7-seller-onboarding-residual-p1-addition,spec_binding_pending_pack_m11_3,m11_3,".github/workflows/deploy-validator.yml, .github/workflows/test-strategy.yml, convex/deploy_validators, tests/integration","Runtime status is still spec_binding_pending_pack_m11_3; required artifact evidence not promoted. Checked: .github/workflows/deploy-validator.yml, .github/workflows/test-strategy.yml, convex/deploy_validators, tests/integration."
seller_onboarding_stage3_abandonment_allowance_not_debited,67904,M.5.62 v7.2.0-REM Phase 5.7 Seller Onboarding Residual P1 addition (D-5.7-006 / -008 / -009 / -011 / -015 / -016 / -024 closure),m-5-62-v72rem-phase-5-7-seller-onboarding-residual-p1-addition,spec_binding_pending_pack_m11_3,m11_3,".github/workflows/deploy-validator.yml, .github/workflows/test-strategy.yml, convex/deploy_validators, tests/integration","Runtime status is still spec_binding_pending_pack_m11_3; required artifact evidence not promoted. Checked: .github/workflows/deploy-validator.yml, .github/workflows/test-strategy.yml, convex/deploy_validators, tests/integration."
audit_event_residency_partitioning_bound,67921,M.5.63 v7.2.0-REM Phase 9.3 Residency P1 addition (D-RES-003 / -005 / -006 / -007 / -009 / -010 closure; D-RES-008 stale-status sync),m-5-63-v72rem-phase-9-3-residency-p1-addition,spec_binding_pending_pack_m11_3,m11_3,".github/workflows/deploy-validator.yml, .github/workflows/test-strategy.yml, convex/deploy_validators, tests/integration","Runtime status is still spec_binding_pending_pack_m11_3; required artifact evidence not promoted. Checked: .github/workflows/deploy-validator.yml, .github/workflows/test-strategy.yml, convex/deploy_validators, tests/integration."
dsar_export_delivery_residency_bound,67922,M.5.63 v7.2.0-REM Phase 9.3 Residency P1 addition (D-RES-003 / -005 / -006 / -007 / -009 / -010 closure; D-RES-008 stale-status sync),m-5-63-v72rem-phase-9-3-residency-p1-addition,spec_binding_pending_pack_m11_3,m11_3,".github/workflows/deploy-validator.yml, .github/workflows/test-strategy.yml, convex/deploy_validators, tests/integration","Runtime status is still spec_binding_pending_pack_m11_3; required artifact evidence not promoted. Checked: .github/workflows/deploy-validator.yml, .github/workflows/test-strategy.yml, convex/deploy_validators, tests/integration."
observability_residency_routing_bound,67923,M.5.63 v7.2.0-REM Phase 9.3 Residency P1 addition (D-RES-003 / -005 / -006 / -007 / -009 / -010 closure; D-RES-008 stale-status sync),m-5-63-v72rem-phase-9-3-residency-p1-addition,spec_binding_pending_pack_m11_3,m11_3,".github/workflows/deploy-validator.yml, .github/workflows/test-strategy.yml, convex/deploy_validators, tests/integration","Runtime status is still spec_binding_pending_pack_m11_3; required artifact evidence not promoted. Checked: .github/workflows/deploy-validator.yml, .github/workflows/test-strategy.yml, convex/deploy_validators, tests/integration."
appendix_g_legacy_alias_retirement_enforced,67937,M.5.64 v7.2.0-REM Phase 9.1 Appendix G Residual P1 addition (D-9.1-007 / -008 / -016 / -019 closure; D-9.1-002 adjacent P2 closure),m-5-64-v72rem-phase-9-1-appendix-g-residual-p1-addition,spec_binding_pending_pack_m02_3,m02_3,tools/spec-lint/gates/appendix_g_legacy_alias_retirement_enforced.ts,Runtime status is still spec_binding_pending_pack_m02_3; required artifact evidence not promoted. Checked: tools/spec-lint/gates/appendix_g_legacy_alias_retirement_enforced.ts.
appendix_g_event_family_binding_exhaustive,67938,M.5.64 v7.2.0-REM Phase 9.1 Appendix G Residual P1 addition (D-9.1-007 / -008 / -016 / -019 closure; D-9.1-002 adjacent P2 closure),m-5-64-v72rem-phase-9-1-appendix-g-residual-p1-addition,spec_binding_pending_pack_m02_3,m02_3,tools/spec-lint/gates/appendix_g_event_family_binding_exhaustive.ts,Runtime status is still spec_binding_pending_pack_m02_3; required artifact evidence not promoted. Checked: tools/spec-lint/gates/appendix_g_event_family_binding_exhaustive.ts.
downgrade_excess_bucket_status_enum_canonical,67950,M.5.65 v7.2.0-REM Phase 34.19 Residual Plan Upgrade / Downgrade P1 addition (D-34.19-006 / -007 / -009 / -010 / -018 closure; D-V7-004 / D-V7-009 overlap),m-5-65-v72rem-phase-34-19-residual-plan-upgrade-downgrade-p1-addition,spec_binding_pending_pack_m02_3,m02_3,tools/spec-lint/gates/downgrade_excess_bucket_status_enum_canonical.ts,Runtime status is still spec_binding_pending_pack_m02_3; required artifact evidence not promoted. Checked: tools/spec-lint/gates/downgrade_excess_bucket_status_enum_canonical.ts.
protected_asset_archive_state_canonical,67951,M.5.65 v7.2.0-REM Phase 34.19 Residual Plan Upgrade / Downgrade P1 addition (D-34.19-006 / -007 / -009 / -010 / -018 closure; D-V7-004 / D-V7-009 overlap),m-5-65-v72rem-phase-34-19-residual-plan-upgrade-downgrade-p1-addition,spec_binding_pending_pack_m02_3,m02_3,tools/spec-lint/gates/protected_asset_archive_state_canonical.ts,Runtime status is still spec_binding_pending_pack_m02_3; required artifact evidence not promoted. Checked: tools/spec-lint/gates/protected_asset_archive_state_canonical.ts.
protected_asset_purge_guard,67952,M.5.65 v7.2.0-REM Phase 34.19 Residual Plan Upgrade / Downgrade P1 addition (D-34.19-006 / -007 / -009 / -010 / -018 closure; D-V7-004 / D-V7-009 overlap),m-5-65-v72rem-phase-34-19-residual-plan-upgrade-downgrade-p1-addition,spec_binding_pending_pack_m02_3,m02_3,tools/spec-lint/gates/protected_asset_purge_guard.ts,Runtime status is still spec_binding_pending_pack_m02_3; required artifact evidence not promoted. Checked: tools/spec-lint/gates/protected_asset_purge_guard.ts.
plan_upgrade_carry_over_single_source,67953,M.5.65 v7.2.0-REM Phase 34.19 Residual Plan Upgrade / Downgrade P1 addition (D-34.19-006 / -007 / -009 / -010 / -018 closure; D-V7-004 / D-V7-009 overlap),m-5-65-v72rem-phase-34-19-residual-plan-upgrade-downgrade-p1-addition,spec_binding_pending_pack_m02_3,m02_3,tools/spec-lint/gates/plan_upgrade_carry_over_single_source.ts,Runtime status is still spec_binding_pending_pack_m02_3; required artifact evidence not promoted. Checked: tools/spec-lint/gates/plan_upgrade_carry_over_single_source.ts.
downgrade_api_integration_bucket_classes_registered,67954,M.5.65 v7.2.0-REM Phase 34.19 Residual Plan Upgrade / Downgrade P1 addition (D-34.19-006 / -007 / -009 / -010 / -018 closure; D-V7-004 / D-V7-009 overlap),m-5-65-v72rem-phase-34-19-residual-plan-upgrade-downgrade-p1-addition,spec_binding_pending_pack_m02_3,m02_3,tools/spec-lint/gates/downgrade_api_integration_bucket_classes_registered.ts,Runtime status is still spec_binding_pending_pack_m02_3; required artifact evidence not promoted. Checked: tools/spec-lint/gates/downgrade_api_integration_bucket_classes_registered.ts.
integration_export_contract_completeness,67978,M.5.67 v7.2.0-REM Phase 8.2 Integration Export API P1 addition (D-8.2-019 closure),m-5-67-v72rem-phase-8-2-integration-export-api-p1-addition,spec_binding_pending_pack_m02_3,m02_3,tools/spec-lint/gates/integration_export_contract_completeness.ts,Runtime status is still spec_binding_pending_pack_m02_3; required artifact evidence not promoted. Checked: tools/spec-lint/gates/integration_export_contract_completeness.ts.
integration_export_payload_allowlist,67979,M.5.67 v7.2.0-REM Phase 8.2 Integration Export API P1 addition (D-8.2-019 closure),m-5-67-v72rem-phase-8-2-integration-export-api-p1-addition,spec_binding_pending_pack_m11_3,m11_3,".github/workflows/deploy-validator.yml, .github/workflows/test-strategy.yml, convex/deploy_validators, tests/integration","Runtime status is still spec_binding_pending_pack_m11_3; required artifact evidence not promoted. Checked: .github/workflows/deploy-validator.yml, .github/workflows/test-strategy.yml, convex/deploy_validators, tests/integration."
integration_export_terminal_event_pairing,67980,M.5.67 v7.2.0-REM Phase 8.2 Integration Export API P1 addition (D-8.2-019 closure),m-5-67-v72rem-phase-8-2-integration-export-api-p1-addition,spec_binding_pending_pack_m02_3,m02_3,tools/spec-lint/gates/integration_export_terminal_event_pairing.ts,Runtime status is still spec_binding_pending_pack_m02_3; required artifact evidence not promoted. Checked: tools/spec-lint/gates/integration_export_terminal_event_pairing.ts.
core_api_endpoint_detail_completeness,67992,M.5.68 v7.2.0-REM Phase 8.1 Core API Detail P1 addition (D-V8.1-001 closure),m-5-68-v72rem-phase-8-1-core-api-detail-p1-addition,spec_binding_pending_pack_m02_3,m02_3,tools/spec-lint/gates/core_api_endpoint_detail_completeness.ts,Runtime status is still spec_binding_pending_pack_m02_3; required artifact evidence not promoted. Checked: tools/spec-lint/gates/core_api_endpoint_detail_completeness.ts.
core_api_error_code_registration_consistency,67993,M.5.68 v7.2.0-REM Phase 8.1 Core API Detail P1 addition (D-V8.1-001 closure),m-5-68-v72rem-phase-8-1-core-api-detail-p1-addition,spec_binding_pending_pack_m02_3,m02_3,tools/spec-lint/gates/core_api_error_code_registration_consistency.ts,Runtime status is still spec_binding_pending_pack_m02_3; required artifact evidence not promoted. Checked: tools/spec-lint/gates/core_api_error_code_registration_consistency.ts.
internal_comment_legacy_alias_no_shadow_schema,67994,M.5.68 v7.2.0-REM Phase 8.1 Core API Detail P1 addition (D-V8.1-001 closure),m-5-68-v72rem-phase-8-1-core-api-detail-p1-addition,spec_binding_pending_pack_m02_3,m02_3,tools/spec-lint/gates/internal_comment_legacy_alias_no_shadow_schema.ts,Runtime status is still spec_binding_pending_pack_m02_3; required artifact evidence not promoted. Checked: tools/spec-lint/gates/internal_comment_legacy_alias_no_shadow_schema.ts.
cmek_rotation_runtime_evidence,68006,M.5.69 v7.1.1 Full-Scope Capability Remediation addition (2026-07-07),m-5-69-v711-full-scope-capability-remediation-addition,spec_binding_pending_pack_m11_3,m11_3,".github/workflows/deploy-validator.yml, .github/workflows/test-strategy.yml, convex/deploy_validators, tests/integration","Runtime status is still spec_binding_pending_pack_m11_3; required artifact evidence not promoted. Checked: .github/workflows/deploy-validator.yml, .github/workflows/test-strategy.yml, convex/deploy_validators, tests/integration."
field_encryption_plaintext_egress_guard,68007,M.5.69 v7.1.1 Full-Scope Capability Remediation addition (2026-07-07),m-5-69-v711-full-scope-capability-remediation-addition,spec_binding_pending_pack_m11_3,m11_3,".github/workflows/deploy-validator.yml, .github/workflows/test-strategy.yml, convex/deploy_validators, tests/integration","Runtime status is still spec_binding_pending_pack_m11_3; required artifact evidence not promoted. Checked: .github/workflows/deploy-validator.yml, .github/workflows/test-strategy.yml, convex/deploy_validators, tests/integration."
rubric_version_score_immutability,68008,M.5.69 v7.1.1 Full-Scope Capability Remediation addition (2026-07-07),m-5-69-v711-full-scope-capability-remediation-addition,spec_binding_pending_pack_m02_3,m02_3,tools/spec-lint/gates/rubric_version_score_immutability.ts,Runtime status is still spec_binding_pending_pack_m02_3; required artifact evidence not promoted. Checked: tools/spec-lint/gates/rubric_version_score_immutability.ts.
requirement_relation_same_workspace_guard,68009,M.5.69 v7.1.1 Full-Scope Capability Remediation addition (2026-07-07),m-5-69-v711-full-scope-capability-remediation-addition,spec_binding_pending_pack_m02_3,m02_3,tools/spec-lint/gates/requirement_relation_same_workspace_guard.ts,Runtime status is still spec_binding_pending_pack_m02_3; required artifact evidence not promoted. Checked: tools/spec-lint/gates/requirement_relation_same_workspace_guard.ts.
pipeline_overlay_canonical_phase_mapping,68010,M.5.69 v7.1.1 Full-Scope Capability Remediation addition (2026-07-07),m-5-69-v711-full-scope-capability-remediation-addition,spec_binding_pending_pack_m02_3,m02_3,tools/spec-lint/gates/pipeline_overlay_canonical_phase_mapping.ts,Runtime status is still spec_binding_pending_pack_m02_3; required artifact evidence not promoted. Checked: tools/spec-lint/gates/pipeline_overlay_canonical_phase_mapping.ts.
video_demo_transcript_pii_redaction,68011,M.5.69 v7.1.1 Full-Scope Capability Remediation addition (2026-07-07),m-5-69-v711-full-scope-capability-remediation-addition,spec_binding_pending_pack_m21_3,m21_3,".github/workflows/marketplace-runtime.yml, convex/deploy_validators, tests/marketplace, tests/analytics","Runtime status is still spec_binding_pending_pack_m21_3; required artifact evidence not promoted. Checked: .github/workflows/marketplace-runtime.yml, convex/deploy_validators, tests/marketplace, tests/analytics."
localization_bundle_critical_string_coverage,68012,M.5.69 v7.1.1 Full-Scope Capability Remediation addition (2026-07-07),m-5-69-v711-full-scope-capability-remediation-addition,spec_binding_pending_pack_m02_3,m02_3,tools/spec-lint/gates/localization_bundle_critical_string_coverage.ts,Runtime status is still spec_binding_pending_pack_m02_3; required artifact evidence not promoted. Checked: tools/spec-lint/gates/localization_bundle_critical_string_coverage.ts.
mobile_full_parity_closure,68013,M.5.69 v7.1.1 Full-Scope Capability Remediation addition (2026-07-07),m-5-69-v711-full-scope-capability-remediation-addition,spec_binding_pending_pack_m21_3,m21_3,".github/workflows/marketplace-runtime.yml, convex/deploy_validators, tests/marketplace, tests/analytics","Runtime status is still spec_binding_pending_pack_m21_3; required artifact evidence not promoted. Checked: .github/workflows/marketplace-runtime.yml, convex/deploy_validators, tests/marketplace, tests/analytics."
