id,file,line,section,severity,source_phase,runtime_status,owning_pack,row_class_or_scope,assertion,missing_evidence,evidence_artifact_status,message
solo_deadline_countdown_renders_in_user_timezone,Sourcera_Master_Spec.md,67091,M.5.4 Catalog index {#m-5-4-catalog-index},blocker,14.4 (v7.1.1 D-V711-009 amendment),`spec_binding_pending_pack_m11_3`,m11_3,Buyer Workspace Solo surface deadline-countdown render tests.,"When `Workspace.evaluation_owner_mode=solo`, the single deadline countdown MUST render the next phase-bound deadline in `User.timezone` with fallback to `Org.timezone`, locale formatting per §41, and the user's 24h-vs-12h preference.",".github/workflows/deploy-validator.yml, .github/workflows/test-strategy.yml, convex/deploy_validators, tests/integration",.github/workflows/deploy-validator.yml:missing; .github/workflows/test-strategy.yml:missing; convex/deploy_validators:missing; tests/integration:missing,"Runtime status is still spec_binding_pending_pack_m11_3; required artifact evidence not promoted. Checked: .github/workflows/deploy-validator.yml, .github/workflows/test-strategy.yml, convex/deploy_validators, tests/integration."
solo_mode_team_to_solo_blocked_with_stakeholders,Sourcera_Master_Spec.md,67092,M.5.4 Catalog index {#m-5-4-catalog-index},blocker,14.4,`spec_binding_pending_pack_m11_3`,m11_3,Workspace `evaluation_owner_mode` mutation handler.,A `team → solo` transition request MUST be rejected with HTTP 422 and `evaluation_owner_mode_team_to_solo_blocked_stakeholders_present` (Appendix I — Phase 14.14) when the Workspace has any non-guest stakeholder member.,".github/workflows/deploy-validator.yml, .github/workflows/test-strategy.yml, convex/deploy_validators, tests/integration",.github/workflows/deploy-validator.yml:missing; .github/workflows/test-strategy.yml:missing; convex/deploy_validators:missing; tests/integration:missing,"Runtime status is still spec_binding_pending_pack_m11_3; required artifact evidence not promoted. Checked: .github/workflows/deploy-validator.yml, .github/workflows/test-strategy.yml, convex/deploy_validators, tests/integration."
solo_mode_chip_ribbon_suppression_buyer,Sourcera_Master_Spec.md,67093,M.5.4 Catalog index {#m-5-4-catalog-index},blocker,14.4,`spec_binding_pending_pack_m11_3`,m11_3,Buyer Workspace surface tests.,"When `Workspace.evaluation_owner_mode=solo`, the §3.3.1 13-phase chip ribbon MUST NOT render; the §5.2.19 PipelineSurface 4-step bar MUST render; this MUST hold regardless of plan tier.",".github/workflows/deploy-validator.yml, .github/workflows/test-strategy.yml, convex/deploy_validators, tests/integration",.github/workflows/deploy-validator.yml:missing; .github/workflows/test-strategy.yml:missing; convex/deploy_validators:missing; tests/integration:missing,"Runtime status is still spec_binding_pending_pack_m11_3; required artifact evidence not promoted. Checked: .github/workflows/deploy-validator.yml, .github/workflows/test-strategy.yml, convex/deploy_validators, tests/integration."
console_bridge_no_defense_view_event_kinds,Sourcera_Master_Spec.md,67095,M.5.4 Catalog index {#m-5-4-catalog-index},blocker,14.5 [V11],`spec_binding_pending_pack_m11_3`,m11_3,"`Sourcera_Master_Spec.md` §4.7.1 Console Bridge Event `event_kind` enum (spec-side, PR-lint); Console Bridge Event apply-handler registry (runtime, deploy-validator); webhook subscription registry (runtime, deploy-validator). Sibling-scope harmonized with `console_bridge_no_dsar_event_kinds`, `console_bridge_no_group_event_kinds`, `console_bridge_no_dsar_v9_event_kinds` per D-11V-002 remediation.","No Console Bridge Event `event_kind` value MAY name a Defense-View-Domain event (`defense_view.generated`, `defense_view.regenerated`, `defense_view.regenerated_due_to_source_change`). Webhook subscription registration with `defense_view.*` event kinds from a seller-console session MUST return HTTP 404. Spec-side §4.7.1 enum addition AND runtime registry addition both trigger.",".github/workflows/deploy-validator.yml, .github/workflows/test-strategy.yml, convex/deploy_validators, tests/integration",.github/workflows/deploy-validator.yml:missing; .github/workflows/test-strategy.yml:missing; convex/deploy_validators:missing; tests/integration:missing,"Runtime status is still spec_binding_pending_pack_m11_3; required artifact evidence not promoted. Checked: .github/workflows/deploy-validator.yml, .github/workflows/test-strategy.yml, convex/deploy_validators, tests/integration."
webhook_payload_no_selection_record_body,Sourcera_Master_Spec.md,67096,M.5.4 Catalog index {#m-5-4-catalog-index},blocker,14.5,`spec_binding_pending_pack_m11_3`,m11_3,Webhook delivery serializers for `defense_view.generated` / `defense_view.regenerated`.,"Webhook payload MUST carry only metadata (`defense_view_id`, `workspace_id`, `selection_record_id`, `selection_record_hash`, `confidence_score`, `aioperation_id`, `generated_at`); MUST NOT carry `recommendation_text`, `top_reasons`, `material_risks`, `cfo_summary_md`, or any synthesized text content.",".github/workflows/deploy-validator.yml, .github/workflows/test-strategy.yml, convex/deploy_validators, tests/integration",.github/workflows/deploy-validator.yml:missing; .github/workflows/test-strategy.yml:missing; convex/deploy_validators:missing; tests/integration:missing,"Runtime status is still spec_binding_pending_pack_m11_3; required artifact evidence not promoted. Checked: .github/workflows/deploy-validator.yml, .github/workflows/test-strategy.yml, convex/deploy_validators, tests/integration."
defense_view_regeneration_throttle_5min,Sourcera_Master_Spec.md,67098,M.5.4 Catalog index {#m-5-4-catalog-index},blocker,14.5,`spec_binding_pending_pack_m11_3`,m11_3,Defense View regeneration handler.,A second `POST .../defense-view/regenerate` within 5 minutes of the prior regeneration MUST be rejected with HTTP 429 `regeneration_throttle`.,".github/workflows/deploy-validator.yml, .github/workflows/test-strategy.yml, convex/deploy_validators, tests/integration",.github/workflows/deploy-validator.yml:missing; .github/workflows/test-strategy.yml:missing; convex/deploy_validators:missing; tests/integration:missing,"Runtime status is still spec_binding_pending_pack_m11_3; required artifact evidence not promoted. Checked: .github/workflows/deploy-validator.yml, .github/workflows/test-strategy.yml, convex/deploy_validators, tests/integration."
pipeline_surface_compression_seller_always_compressed,Sourcera_Master_Spec.md,67104,M.5.4 Catalog index {#m-5-4-catalog-index},blocker,14.6,`spec_binding_pending_pack_m11_3`,m11_3,Seller-console rendering tests.,No Seller-console code path MAY render the 13-phase chip ribbon (§3.3.1) under any plan tier or state.,".github/workflows/deploy-validator.yml, .github/workflows/test-strategy.yml, convex/deploy_validators, tests/integration",.github/workflows/deploy-validator.yml:missing; .github/workflows/test-strategy.yml:missing; convex/deploy_validators:missing; tests/integration:missing,"Runtime status is still spec_binding_pending_pack_m11_3; required artifact evidence not promoted. Checked: .github/workflows/deploy-validator.yml, .github/workflows/test-strategy.yml, convex/deploy_validators, tests/integration."
pipeline_surface_compression_soft_gate_solo_only,Sourcera_Master_Spec.md,67105,M.5.4 Catalog index {#m-5-4-catalog-index},blocker,14.6,`spec_binding_pending_pack_m11_3`,m11_3,Phase Advancement handler tests.,The soft-gate toast path MUST be reachable only from the four-step compressed bar AND only when `softGatesEnabled=true`. Hard-gate modal path remains the §10.16 Team-Mode default.,".github/workflows/deploy-validator.yml, .github/workflows/test-strategy.yml, convex/deploy_validators, tests/integration",.github/workflows/deploy-validator.yml:missing; .github/workflows/test-strategy.yml:missing; convex/deploy_validators:missing; tests/integration:missing,"Runtime status is still spec_binding_pending_pack_m11_3; required artifact evidence not promoted. Checked: .github/workflows/deploy-validator.yml, .github/workflows/test-strategy.yml, convex/deploy_validators, tests/integration."
seller_maya_solo_free_copy_string_lint,Sourcera_Master_Spec.md,67114,M.5.4 Catalog index {#m-5-4-catalog-index},blocker,14.8 [V11],`spec_binding_pending_pack_m11_3`,m11_3,"Seller surfaces under `plan_tier ∈ {seller_free, seller_solo}`.","Copy strings ""Pending review"", ""AIWallet"", ""AIOperation"", ""match score number"", ""rejected (cost-priced)"", ""value_price_cents"", ""engine-absorbed envelope"" MUST NOT render in any Solo / Free seller surface.",".github/workflows/deploy-validator.yml, .github/workflows/test-strategy.yml, convex/deploy_validators, tests/integration",.github/workflows/deploy-validator.yml:missing; .github/workflows/test-strategy.yml:missing; convex/deploy_validators:missing; tests/integration:missing,"Runtime status is still spec_binding_pending_pack_m11_3; required artifact evidence not promoted. Checked: .github/workflows/deploy-validator.yml, .github/workflows/test-strategy.yml, convex/deploy_validators, tests/integration."
seller_maya_chip_list_auto_publish_state_machine,Sourcera_Master_Spec.md,67115,M.5.4 Catalog index {#m-5-4-catalog-index},blocker,14.8 [V11],`spec_binding_pending_pack_m11_3`,m11_3,CapabilityDeclaration write handler tests.,"A `(none) → published` transition under `pending_review_reason = solo_free_auto_publish` MUST be permitted only when the four §4.4.4 row 7a preconditions hold (`kb_to_capability_suggestion` origin, `plan_tier=seller_free OR seller_solo`, evidence-overlap rule passes, no SIM quarantine on `canonical_capability_id`). Failure of any precondition routes through the existing `(none) → pending_review → published` path.",".github/workflows/deploy-validator.yml, .github/workflows/test-strategy.yml, convex/deploy_validators, tests/integration",.github/workflows/deploy-validator.yml:missing; .github/workflows/test-strategy.yml:missing; convex/deploy_validators:missing; tests/integration:missing,"Runtime status is still spec_binding_pending_pack_m11_3; required artifact evidence not promoted. Checked: .github/workflows/deploy-validator.yml, .github/workflows/test-strategy.yml, convex/deploy_validators, tests/integration."
seller_maya_match_score_three_label_compression,Sourcera_Master_Spec.md,67116,M.5.4 Catalog index {#m-5-4-catalog-index},blocker,14.8 [V11],`spec_binding_pending_pack_m11_3`,m11_3,Marketplace Match Score rendering tests.,"On `plan_tier ∈ {seller_free, seller_solo}` the Match Score MUST render as one of `Strong match` / `Likely match` / `Weak match`; the `insufficient_signal` engine bucket MUST surface as `Weak match` plus the annotation copy. The numeric `MarketplaceMatchScoreSnapshot` engine row MUST continue to write unchanged.",".github/workflows/deploy-validator.yml, .github/workflows/test-strategy.yml, convex/deploy_validators, tests/integration",.github/workflows/deploy-validator.yml:missing; .github/workflows/test-strategy.yml:missing; convex/deploy_validators:missing; tests/integration:missing,"Runtime status is still spec_binding_pending_pack_m11_3; required artifact evidence not promoted. Checked: .github/workflows/deploy-validator.yml, .github/workflows/test-strategy.yml, convex/deploy_validators, tests/integration."
solo_charge_kind_registered,Sourcera_Master_Spec.md,67119,M.5.4 Catalog index {#m-5-4-catalog-index},blocker,14.9,`spec_binding_pending_pack_m24_3`,m24_3,Appendix J `billing_event_charge_kind` enum.,"Values `solo_per_eval`, `solo_per_bid`, `solo_charge_refunded`, `solo_subscription_started`, `solo_subscription_renewed`, `solo_subscription_canceled` MUST be present in the enum AND must round-trip through Stripe meter-event mapping per §34.10.5.",".github/workflows/billing-runtime.yml, tests/billing, convex/deploy_validators",.github/workflows/billing-runtime.yml:missing; tests/billing:missing; convex/deploy_validators:missing,"Runtime status is still spec_binding_pending_pack_m24_3; required artifact evidence not promoted. Checked: .github/workflows/billing-runtime.yml, tests/billing, convex/deploy_validators."
solo_dual_console_independent_invoicing,Sourcera_Master_Spec.md,67120,M.5.4 Catalog index {#m-5-4-catalog-index},blocker,14.9,`spec_binding_pending_pack_m11_3`,m11_3,Stripe billing-cycle integration test.,An Org holding `Buyer Solo + Seller Solo` MUST receive two separate Stripe Subscription invoices each billing cycle (one per console); no bundle discount; no contract collapse.,".github/workflows/deploy-validator.yml, .github/workflows/test-strategy.yml, convex/deploy_validators, tests/integration",.github/workflows/deploy-validator.yml:missing; .github/workflows/test-strategy.yml:missing; convex/deploy_validators:missing; tests/integration:missing,"Runtime status is still spec_binding_pending_pack_m11_3; required artifact evidence not promoted. Checked: .github/workflows/deploy-validator.yml, .github/workflows/test-strategy.yml, convex/deploy_validators, tests/integration."
solo_plan_change_console_isolation,Sourcera_Master_Spec.md,67121,M.5.4 Catalog index {#m-5-4-catalog-index},blocker,14.9,`spec_binding_pending_pack_m11_3`,m11_3,Plan-change handler tests.,"A plan change on one Solo console (e.g., `Buyer Solo → Buyer Starter`) MUST NOT modify the contralateral console's plan tier.",".github/workflows/deploy-validator.yml, .github/workflows/test-strategy.yml, convex/deploy_validators, tests/integration",.github/workflows/deploy-validator.yml:missing; .github/workflows/test-strategy.yml:missing; convex/deploy_validators:missing; tests/integration:missing,"Runtime status is still spec_binding_pending_pack_m11_3; required artifact evidence not promoted. Checked: .github/workflows/deploy-validator.yml, .github/workflows/test-strategy.yml, convex/deploy_validators, tests/integration."
aiwallet_response_excludes_solo_envelope,Sourcera_Master_Spec.md,67122,M.5.4 Catalog index {#m-5-4-catalog-index},blocker,14.9,`spec_binding_pending_pack_m11_3`,m11_3,`GET /v1/orgs/{org_id}/wallet` API response schema.,"The wallet API response MUST exclude the Solo engine-absorbed envelope from every customer-facing counter (`budget_value_dollars`, `consumed_value_dollars`, `overage_cap_value_dollars`, `remaining_value_dollars`).",".github/workflows/deploy-validator.yml, .github/workflows/test-strategy.yml, convex/deploy_validators, tests/integration",.github/workflows/deploy-validator.yml:missing; .github/workflows/test-strategy.yml:missing; convex/deploy_validators:missing; tests/integration:missing,"Runtime status is still spec_binding_pending_pack_m11_3; required artifact evidence not promoted. Checked: .github/workflows/deploy-validator.yml, .github/workflows/test-strategy.yml, convex/deploy_validators, tests/integration."
solo_subscription_blocks_per_charge,Sourcera_Master_Spec.md,67123,M.5.4 Catalog index {#m-5-4-catalog-index},blocker,14.9,`spec_binding_pending_pack_m11_3`,m11_3,Solo per-eval / per-bid charge handler tests.,A per-eval / per-bid Stripe charge attempt on an Org with an active Solo subscription on the same console MUST be rejected with HTTP 422 (`solo_subscription_active_per_eval_charge_blocked` / `solo_subscription_active_per_bid_charge_blocked`).,".github/workflows/deploy-validator.yml, .github/workflows/test-strategy.yml, convex/deploy_validators, tests/integration",.github/workflows/deploy-validator.yml:missing; .github/workflows/test-strategy.yml:missing; convex/deploy_validators:missing; tests/integration:missing,"Runtime status is still spec_binding_pending_pack_m11_3; required artifact evidence not promoted. Checked: .github/workflows/deploy-validator.yml, .github/workflows/test-strategy.yml, convex/deploy_validators, tests/integration."
solo_engine_metering_parity,Sourcera_Master_Spec.md,67126,M.5.4 Catalog index {#m-5-4-catalog-index},blocker,14.10 [V11],`spec_binding_pending_pack_m11_3`,m11_3,AIOperation write handler tests.,"Every Solo AIOperation MUST pass through the standard `value_price_cents` / `cost_price_cents` / Outcome Resolver path identically to non-Solo operations. The `solo_envelope_blocked` flag is a surface-state indicator, not an engine-bypass.",".github/workflows/deploy-validator.yml, .github/workflows/test-strategy.yml, convex/deploy_validators, tests/integration",.github/workflows/deploy-validator.yml:missing; .github/workflows/test-strategy.yml:missing; convex/deploy_validators:missing; tests/integration:missing,"Runtime status is still spec_binding_pending_pack_m11_3; required artifact evidence not promoted. Checked: .github/workflows/deploy-validator.yml, .github/workflows/test-strategy.yml, convex/deploy_validators, tests/integration."
solo_telemetry_no_customer_routing,Sourcera_Master_Spec.md,67127,M.5.4 Catalog index {#m-5-4-catalog-index},blocker,14.10 [V11],`spec_binding_pending_pack_m11_3`,m11_3,Webhook delivery + in-app inbox + email dispatch + PostHog payload routing.,"The five §44.6.5 telemetry events (`solo.envelope.throttling_engaged`, `solo.envelope.throttling_cleared`, `solo.envelope.exhausted`, `solo.envelope.absorption_cap_reached`, `solo.capability.envelope_no_block_invoked`) MUST route Ops-only — never to Solo-Org webhook subscribers, in-app inbox, or email.",".github/workflows/deploy-validator.yml, .github/workflows/test-strategy.yml, convex/deploy_validators, tests/integration",.github/workflows/deploy-validator.yml:missing; .github/workflows/test-strategy.yml:missing; convex/deploy_validators:missing; tests/integration:missing,"Runtime status is still spec_binding_pending_pack_m11_3; required artifact evidence not promoted. Checked: .github/workflows/deploy-validator.yml, .github/workflows/test-strategy.yml, convex/deploy_validators, tests/integration."
solo_throttling_class_change_takes_effect_at_next_envelope_rollover,Sourcera_Master_Spec.md,67130,M.5.4 Catalog index {#m-5-4-catalog-index},blocker,14.10,`spec_binding_pending_pack_m11_3`,m11_3,CapabilityRegistryEntry mutation handler tests.,Updates to a CapabilityRegistryEntry's `surface_throttling_class` MUST NOT take effect mid-envelope-window for any Solo Org currently in that window; the new classification applies at the next envelope rollover.,".github/workflows/deploy-validator.yml, .github/workflows/test-strategy.yml, convex/deploy_validators, tests/integration",.github/workflows/deploy-validator.yml:missing; .github/workflows/test-strategy.yml:missing; convex/deploy_validators:missing; tests/integration:missing,"Runtime status is still spec_binding_pending_pack_m11_3; required artifact evidence not promoted. Checked: .github/workflows/deploy-validator.yml, .github/workflows/test-strategy.yml, convex/deploy_validators, tests/integration."
solo_envelope_per_console_isolation,Sourcera_Master_Spec.md,67131,M.5.4 Catalog index {#m-5-4-catalog-index},blocker,14.10,`spec_binding_pending_pack_m11_3`,m11_3,Throttling-state computation tests.,A `Buyer Solo + Seller Solo` Org MUST have independent throttling states per console; one console's exhaustion MUST NOT throttle the other.,".github/workflows/deploy-validator.yml, .github/workflows/test-strategy.yml, convex/deploy_validators, tests/integration",.github/workflows/deploy-validator.yml:missing; .github/workflows/test-strategy.yml:missing; convex/deploy_validators:missing; tests/integration:missing,"Runtime status is still spec_binding_pending_pack_m11_3; required artifact evidence not promoted. Checked: .github/workflows/deploy-validator.yml, .github/workflows/test-strategy.yml, convex/deploy_validators, tests/integration."
solo_envelope_throttling_targets_low_priority_background_only,Sourcera_Master_Spec.md,67133,M.5.4 Catalog index {#m-5-4-catalog-index},blocker,14.10,`spec_binding_pending_pack_m11_3`,m11_3,Throttling-engagement tests.,"Capabilities with `surface_throttling_class ∈ {active_workflow, never_throttle}` MUST NEVER be suppressed by Solo envelope throttling; capabilities in `low_priority_background` MUST be suppressed at threshold breach.",".github/workflows/deploy-validator.yml, .github/workflows/test-strategy.yml, convex/deploy_validators, tests/integration",.github/workflows/deploy-validator.yml:missing; .github/workflows/test-strategy.yml:missing; convex/deploy_validators:missing; tests/integration:missing,"Runtime status is still spec_binding_pending_pack_m11_3; required artifact evidence not promoted. Checked: .github/workflows/deploy-validator.yml, .github/workflows/test-strategy.yml, convex/deploy_validators, tests/integration."
console_isolation_violation_no_data_path_use,Sourcera_Master_Spec.md,67144,M.5.4 Catalog index {#m-5-4-catalog-index},blocker,V8.4,`spec_binding_pending_pack_m11_3`,m11_3,Sourcera codebase static-analysis pass against every endpoint that returns `console_isolation_violation`.,The code MUST NOT be returned from any data-bearing endpoint (any §32.5 / §32.8 / §32.9 endpoint that reads or writes Org / Workspace / Bid Workspace / Capability data). Data paths MUST return HTTP 404 (subkind `firewall_non_leak`) per §7.2.,".github/workflows/deploy-validator.yml, .github/workflows/test-strategy.yml, convex/deploy_validators, tests/integration",.github/workflows/deploy-validator.yml:missing; .github/workflows/test-strategy.yml:missing; convex/deploy_validators:missing; tests/integration:missing,"Runtime status is still spec_binding_pending_pack_m11_3; required artifact evidence not promoted. Checked: .github/workflows/deploy-validator.yml, .github/workflows/test-strategy.yml, convex/deploy_validators, tests/integration."
vendor_opt_out_capability_layer_enforcement,Sourcera_Master_Spec.md,67145,M.5.4 Catalog index {#m-5-4-catalog-index},blocker,V8.4,`spec_binding_pending_pack_m11_3`,m11_3,§4.8.1 capability-invocation handler tests.,"Every customer-billed AIOperation handler MUST consult the §4.4.8 Vendor Opt-Out Registry pre-write; on a matching scope, MUST return HTTP 403 `vendor_opt_out_blocks_capability` rather than execute the AIOperation.",".github/workflows/deploy-validator.yml, .github/workflows/test-strategy.yml, convex/deploy_validators, tests/integration",.github/workflows/deploy-validator.yml:missing; .github/workflows/test-strategy.yml:missing; convex/deploy_validators:missing; tests/integration:missing,"Runtime status is still spec_binding_pending_pack_m11_3; required artifact evidence not promoted. Checked: .github/workflows/deploy-validator.yml, .github/workflows/test-strategy.yml, convex/deploy_validators, tests/integration."
audit_event_hash_chain_full_corpus_coverage,Sourcera_Master_Spec.md,67181,M.5.4 Catalog index {#m-5-4-catalog-index},blocker,3V,`spec_binding_pending_pack_m21_3`,m21_3,§42.6.1 `audit_event_hash_chain_scan` job runtime telemetry.,Coverage ≥ 99.9% (rows_scanned / rows_in_partition) per partition per scan-pass.,".github/workflows/marketplace-runtime.yml, convex/deploy_validators, tests/marketplace, tests/analytics",.github/workflows/marketplace-runtime.yml:missing; convex/deploy_validators:missing; tests/marketplace:missing; tests/analytics:missing,"Runtime status is still spec_binding_pending_pack_m21_3; required artifact evidence not promoted. Checked: .github/workflows/marketplace-runtime.yml, convex/deploy_validators, tests/marketplace, tests/analytics."
audit_event_break_glass_integrity_scan_triggered,Sourcera_Master_Spec.md,67182,M.5.4 Catalog index {#m-5-4-catalog-index},blocker,3V,`spec_binding_pending_pack_m21_3`,m21_3,§50.2.4 ¶4 break-glass `session_closed` event handler.,Closure MUST trigger per-Org integrity scan within 1 hour.,".github/workflows/marketplace-runtime.yml, convex/deploy_validators, tests/marketplace, tests/analytics",.github/workflows/marketplace-runtime.yml:missing; convex/deploy_validators:missing; tests/marketplace:missing; tests/analytics:missing,"Runtime status is still spec_binding_pending_pack_m21_3; required artifact evidence not promoted. Checked: .github/workflows/marketplace-runtime.yml, convex/deploy_validators, tests/marketplace, tests/analytics."
auth_audit_event_emission_completeness,Sourcera_Master_Spec.md,67183,M.5.4 Catalog index {#m-5-4-catalog-index},blocker,3V,`spec_binding_pending_pack_m11_3`,m11_3,Authentication path test coverage.,"Every successful / failed login, MFA factor lifecycle, recovery-code-use, account-lockout, session-revocation, password-reset, SSO assertion, SCIM event MUST emit the corresponding `auth.*` AuditEvent within the §6.7.6 SLA window.",".github/workflows/deploy-validator.yml, .github/workflows/test-strategy.yml, convex/deploy_validators, tests/integration",.github/workflows/deploy-validator.yml:missing; .github/workflows/test-strategy.yml:missing; convex/deploy_validators:missing; tests/integration:missing,"Runtime status is still spec_binding_pending_pack_m11_3; required artifact evidence not promoted. Checked: .github/workflows/deploy-validator.yml, .github/workflows/test-strategy.yml, convex/deploy_validators, tests/integration."
dsar_cascade_residency_partition_isolation,Sourcera_Master_Spec.md,67184,M.5.4 Catalog index {#m-5-4-catalog-index},blocker,3V,`spec_binding_pending_pack_m02_3`,m02_3,DSAR cascade-walker code paths (static analysis).,"Cascade walker code paths MUST NOT issue cross-region reads; per-region forks honor `DSARRequest.data_residency_region`; Pattern B User-row pseudonymization MUST execute only in `User.home_residency_region`, with non-home forks waiting on source-region projection-redaction confirmation.",tools/spec-lint/gates/dsar_cascade_residency_partition_isolation.ts,tools/spec-lint/gates/dsar_cascade_residency_partition_isolation.ts:missing,Runtime status is still spec_binding_pending_pack_m02_3; required artifact evidence not promoted. Checked: tools/spec-lint/gates/dsar_cascade_residency_partition_isolation.ts.
dsar_manifestly_unfounded_rejection_audit_emission,Sourcera_Master_Spec.md,67191,M.5.4 Catalog index {#m-5-4-catalog-index},blocker,3V,`spec_binding_pending_pack_m11_3`,m11_3,DSARRequest state-transition handler tests.,Every `manifestly_unfounded_rejected` transition MUST emit `dsar.rejected_manifestly_unfounded` AuditEvent with `trigger_condition` + `rejection_rationale` + `dual_signoff_actors[]`.,".github/workflows/deploy-validator.yml, .github/workflows/test-strategy.yml, convex/deploy_validators, tests/integration",.github/workflows/deploy-validator.yml:missing; .github/workflows/test-strategy.yml:missing; convex/deploy_validators:missing; tests/integration:missing,"Runtime status is still spec_binding_pending_pack_m11_3; required artifact evidence not promoted. Checked: .github/workflows/deploy-validator.yml, .github/workflows/test-strategy.yml, convex/deploy_validators, tests/integration."
cross_org_guest_sso_bypass_blocked,Sourcera_Master_Spec.md,67192,M.5.4 Catalog index {#m-5-4-catalog-index},blocker,3V,`spec_binding_pending_pack_m11_3`,m11_3,§6.5.1 email-domain-match check at §6.5 email+password authentication.,"Every email+password attempt MUST run the email-domain-match check against verified-domain claims of every Org other than the inviting Org; on match, return HTTP 403 `sso_bypass_blocked_email_domain_match`.",".github/workflows/deploy-validator.yml, .github/workflows/test-strategy.yml, convex/deploy_validators, tests/integration",.github/workflows/deploy-validator.yml:missing; .github/workflows/test-strategy.yml:missing; convex/deploy_validators:missing; tests/integration:missing,"Runtime status is still spec_binding_pending_pack_m11_3; required artifact evidence not promoted. Checked: .github/workflows/deploy-validator.yml, .github/workflows/test-strategy.yml, convex/deploy_validators, tests/integration."
workos_raw_attributes_not_consumed,Sourcera_Master_Spec.md,67201,M.5.4 Catalog index {#m-5-4-catalog-index},blocker,3V+ (WorkOS integration),`spec_binding_pending_pack_m02_3`,m02_3,Sourcera codebase static-analysis pass.,No code path MAY read `Directory User.raw_attributes` (deprecated effective 2026-04-15). Consume `custom_attributes` and predefined attributes only.,tools/spec-lint/gates/workos_raw_attributes_not_consumed.ts,tools/spec-lint/gates/workos_raw_attributes_not_consumed.ts:missing,Runtime status is still spec_binding_pending_pack_m02_3; required artifact evidence not promoted. Checked: tools/spec-lint/gates/workos_raw_attributes_not_consumed.ts.
workos_predefined_attributes_consumed,Sourcera_Master_Spec.md,67202,M.5.4 Catalog index {#m-5-4-catalog-index},blocker,3V+,`spec_binding_pending_pack_m11_3`,m11_3,SCIM webhook handler tests.,"The SCIM webhook handler MUST populate `display_name`, `employee_number`, `manager_id`, `manager_name`, `phone_numbers_json`, `organization_attribute` on the §4.2.3 User row within 60 seconds of `user_updated` webhook delivery.",".github/workflows/deploy-validator.yml, .github/workflows/test-strategy.yml, convex/deploy_validators, tests/integration",.github/workflows/deploy-validator.yml:missing; .github/workflows/test-strategy.yml:missing; convex/deploy_validators:missing; tests/integration:missing,"Runtime status is still spec_binding_pending_pack_m11_3; required artifact evidence not promoted. Checked: .github/workflows/deploy-validator.yml, .github/workflows/test-strategy.yml, convex/deploy_validators, tests/integration."
workos_groups_api_membership_consistency,Sourcera_Master_Spec.md,67203,M.5.4 Catalog index {#m-5-4-catalog-index},blocker,3V+,`spec_binding_pending_pack_m11_3`,m11_3,WorkOS Groups API webhook delivery integration tests.,"Every `group.created` / `group.updated` / `group.deleted` / `group.member.added` / `group.member.removed` webhook MUST be reflected on §4.2.5 Group row + §4.2.2 OrgMembership.`workos_group_ids` array within 60 seconds. Property test on a 1,000-event synthetic stream.",".github/workflows/deploy-validator.yml, .github/workflows/test-strategy.yml, convex/deploy_validators, tests/integration",.github/workflows/deploy-validator.yml:missing; .github/workflows/test-strategy.yml:missing; convex/deploy_validators:missing; tests/integration:missing,"Runtime status is still spec_binding_pending_pack_m11_3; required artifact evidence not promoted. Checked: .github/workflows/deploy-validator.yml, .github/workflows/test-strategy.yml, convex/deploy_validators, tests/integration."
workos_directory_group_role_assignment_precedence,Sourcera_Master_Spec.md,67204,M.5.4 Catalog index {#m-5-4-catalog-index},blocker,3V+,`spec_binding_pending_pack_m11_3`,m11_3,Role-resolution code paths (static analysis + property test).,"When a member holds both SCIM directory-group → role and SSO-assertion-driven role bindings, the SCIM directory-group binding MUST take precedence per WorkOS April 2026 contract.",".github/workflows/deploy-validator.yml, .github/workflows/test-strategy.yml, convex/deploy_validators, tests/integration",.github/workflows/deploy-validator.yml:missing; .github/workflows/test-strategy.yml:missing; convex/deploy_validators:missing; tests/integration:missing,"Runtime status is still spec_binding_pending_pack_m11_3; required artifact evidence not promoted. Checked: .github/workflows/deploy-validator.yml, .github/workflows/test-strategy.yml, convex/deploy_validators, tests/integration."
dsar_cascade_aggregate_recompute_synchronous,Sourcera_Master_Spec.md,67211,M.5.4 Catalog index {#m-5-4-catalog-index},blocker,V9,`spec_binding_pending_pack_m11_3`,m11_3,DSAR cascade-walker code paths + cascade-transaction property tests.,Cascade walker MUST emit `dsar.cascade.aggregate_recompute_required` per affected cohort tuple before advancing to `dsar.cascade.row_redacted`; per-cohort recompute MUST complete within P99 ≤ 60 seconds. Recompute failure MUST emit `dsar_cascade_aggregate_recompute_failed` (HTTP 503) and route to §6.8.4.6 partial-failure path.,".github/workflows/deploy-validator.yml, .github/workflows/test-strategy.yml, convex/deploy_validators, tests/integration",.github/workflows/deploy-validator.yml:missing; .github/workflows/test-strategy.yml:missing; convex/deploy_validators:missing; tests/integration:missing,"Runtime status is still spec_binding_pending_pack_m11_3; required artifact evidence not promoted. Checked: .github/workflows/deploy-validator.yml, .github/workflows/test-strategy.yml, convex/deploy_validators, tests/integration."
dsar_cascade_aggregate_recompute_suppression_completeness,Sourcera_Master_Spec.md,67212,M.5.4 Catalog index {#m-5-4-catalog-index},blocker,V9,`spec_binding_pending_pack_m11_3`,m11_3,QA test pack against §4.4.18 / §4.4.12 / §4.4.15 / §4.4.16 entity recompute mutations.,Cohort recompute that drives post-recompute cohort size below per-entity `k_anon_floor` MUST suppress the cell within the cascade transaction.,".github/workflows/deploy-validator.yml, .github/workflows/test-strategy.yml, convex/deploy_validators, tests/integration",.github/workflows/deploy-validator.yml:missing; .github/workflows/test-strategy.yml:missing; convex/deploy_validators:missing; tests/integration:missing,"Runtime status is still spec_binding_pending_pack_m11_3; required artifact evidence not promoted. Checked: .github/workflows/deploy-validator.yml, .github/workflows/test-strategy.yml, convex/deploy_validators, tests/integration."
dsar_cascade_aggregate_recompute_backstop_drift,Sourcera_Master_Spec.md,67213,M.5.4 Catalog index {#m-5-4-catalog-index},blocker,V9,`spec_binding_pending_pack_m21_3`,m21_3,Datadog metric on the §4.4.18 / §4.4.12 / §4.4.15 / §4.4.16 nightly sweep.,The nightly defense-in-depth backstop sweep MUST emit `dsar_cascade_aggregate_recompute_backstop_drift = 0` per scan-pass; positive values indicate a synchronous-cascade miss and trigger SEV-3 PagerDuty alert.,".github/workflows/marketplace-runtime.yml, convex/deploy_validators, tests/marketplace, tests/analytics",.github/workflows/marketplace-runtime.yml:missing; convex/deploy_validators:missing; tests/marketplace:missing; tests/analytics:missing,"Runtime status is still spec_binding_pending_pack_m21_3; required artifact evidence not promoted. Checked: .github/workflows/marketplace-runtime.yml, convex/deploy_validators, tests/marketplace, tests/analytics."
dsar_cascade_bridge_payload_body_pii_sweep_completeness,Sourcera_Master_Spec.md,67214,M.5.4 Catalog index {#m-5-4-catalog-index},blocker,V9,`spec_binding_pending_pack_m11_3`,m11_3,DSAR cascade-walker code paths + cascade-transaction property tests.,Cascade walker MUST invoke §48.4.4 PII detector on every free-text field listed in §6.8.4.5 sweep scope for every Bridge Event row in the cascade plan. Sweep failure MUST emit `dsar_cascade_body_pii_sweep_failed` (HTTP 503) and route to §6.8.4.6 partial-failure path.,".github/workflows/deploy-validator.yml, .github/workflows/test-strategy.yml, convex/deploy_validators, tests/integration",.github/workflows/deploy-validator.yml:missing; .github/workflows/test-strategy.yml:missing; convex/deploy_validators:missing; tests/integration:missing,"Runtime status is still spec_binding_pending_pack_m11_3; required artifact evidence not promoted. Checked: .github/workflows/deploy-validator.yml, .github/workflows/test-strategy.yml, convex/deploy_validators, tests/integration."
dsar_cascade_bridge_redaction_hash_recompute,Sourcera_Master_Spec.md,67215,M.5.4 Catalog index {#m-5-4-catalog-index},blocker,V9,`spec_binding_pending_pack_m11_3`,m11_3,Bridge Event row write tests post-cascade.,Detected PII spans replaced with `[REDACTED_DSAR]` sentinel MUST trigger `redaction_verification_hash` recomputation per §4.7.1.1.,".github/workflows/deploy-validator.yml, .github/workflows/test-strategy.yml, convex/deploy_validators, tests/integration",.github/workflows/deploy-validator.yml:missing; .github/workflows/test-strategy.yml:missing; convex/deploy_validators:missing; tests/integration:missing,"Runtime status is still spec_binding_pending_pack_m11_3; required artifact evidence not promoted. Checked: .github/workflows/deploy-validator.yml, .github/workflows/test-strategy.yml, convex/deploy_validators, tests/integration."
bridge_payload_body_pii_sweep_buyer_seller_parity,Sourcera_Master_Spec.md,67217,M.5.4 Catalog index {#m-5-4-catalog-index},blocker,V9,`spec_binding_pending_pack_m11_3`,m11_3,QA test pack against §22.3.1 + §6.8.4.5 sweep paths.,Buyer-side body-redaction sweep (§6.8.4.5) and seller-side body-redaction sweep (§22.3.1) MUST produce structurally-symmetric `redaction_state` post-cascade for matched Q&A bodies and Bridge Event payloads.,".github/workflows/deploy-validator.yml, .github/workflows/test-strategy.yml, convex/deploy_validators, tests/integration",.github/workflows/deploy-validator.yml:missing; .github/workflows/test-strategy.yml:missing; convex/deploy_validators:missing; tests/integration:missing,"Runtime status is still spec_binding_pending_pack_m11_3; required artifact evidence not promoted. Checked: .github/workflows/deploy-validator.yml, .github/workflows/test-strategy.yml, convex/deploy_validators, tests/integration."
dsar_cascade_partial_failure_pagerduty_sla,Sourcera_Master_Spec.md,67218,M.5.4 Catalog index {#m-5-4-catalog-index},blocker,V9,`spec_binding_pending_pack_m11_3`,m11_3,Datadog synthetic test against `dsar.cascade.partial_failure` event emission + PagerDuty webhook.,`dsar.cascade.partial_failure` MUST trigger PagerDuty page on `dsar-ops` queue at SEV-2 within 60 seconds of pause.,".github/workflows/deploy-validator.yml, .github/workflows/test-strategy.yml, convex/deploy_validators, tests/integration",.github/workflows/deploy-validator.yml:missing; .github/workflows/test-strategy.yml:missing; convex/deploy_validators:missing; tests/integration:missing,"Runtime status is still spec_binding_pending_pack_m11_3; required artifact evidence not promoted. Checked: .github/workflows/deploy-validator.yml, .github/workflows/test-strategy.yml, convex/deploy_validators, tests/integration."
dsar_cascade_partial_failure_resume_sla_24h,Sourcera_Master_Spec.md,67219,M.5.4 Catalog index {#m-5-4-catalog-index},blocker,V9,`spec_binding_pending_pack_m11_3`,m11_3,DSAR cascade `pause_started_at` → `dsar.cascade.resume` SLA telemetry.,Ops-review resume SLA = 24 hours from `pause_started_at`; SLA breach MUST fire `dsar_cascade_partial_failure_sla_breach` Datadog alarm SEV-1 and page `dsar-ops-escalation`.,".github/workflows/deploy-validator.yml, .github/workflows/test-strategy.yml, convex/deploy_validators, tests/integration",.github/workflows/deploy-validator.yml:missing; .github/workflows/test-strategy.yml:missing; convex/deploy_validators:missing; tests/integration:missing,"Runtime status is still spec_binding_pending_pack_m11_3; required artifact evidence not promoted. Checked: .github/workflows/deploy-validator.yml, .github/workflows/test-strategy.yml, convex/deploy_validators, tests/integration."
dsar_cascade_statutory_ceiling_auto_escalation,Sourcera_Master_Spec.md,67220,M.5.4 Catalog index {#m-5-4-catalog-index},blocker,V9,`spec_binding_pending_pack_m11_3`,m11_3,DSAR cascade cumulative-pause computation tests.,Cumulative pause-duration breach of the 30-day SLA MUST auto-escalate to §6.8.6 extension path with subject notification within 72h; cumulative breach of 90-day statutory ceiling MUST administratively close the cascade and open the supervisory-authority notification path.,".github/workflows/deploy-validator.yml, .github/workflows/test-strategy.yml, convex/deploy_validators, tests/integration",.github/workflows/deploy-validator.yml:missing; .github/workflows/test-strategy.yml:missing; convex/deploy_validators:missing; tests/integration:missing,"Runtime status is still spec_binding_pending_pack_m11_3; required artifact evidence not promoted. Checked: .github/workflows/deploy-validator.yml, .github/workflows/test-strategy.yml, convex/deploy_validators, tests/integration."
dsar_cascade_pseudonym_epoch_consistency,Sourcera_Master_Spec.md,67222,M.5.4 Catalog index {#m-5-4-catalog-index},blocker,V9,`spec_binding_pending_pack_m11_3`,m11_3,DSARRequest schema + User schema + Pattern B re-pseudonymization workflow tests.,DSARRequest MUST carry `pseudonym_epoch_id_at_cascade`; User MUST carry `pseudonym_epoch_id`; cascade idempotency check binds both via `WHERE dsar_redacted_under_request_id = $request_id AND pseudonym_epoch_id_at_cascade = $current_epoch`.,".github/workflows/deploy-validator.yml, .github/workflows/test-strategy.yml, convex/deploy_validators, tests/integration",.github/workflows/deploy-validator.yml:missing; .github/workflows/test-strategy.yml:missing; convex/deploy_validators:missing; tests/integration:missing,"Runtime status is still spec_binding_pending_pack_m11_3; required artifact evidence not promoted. Checked: .github/workflows/deploy-validator.yml, .github/workflows/test-strategy.yml, convex/deploy_validators, tests/integration."
dr_failover_residency_bound,Sourcera_Master_Spec.md,67223,M.5.4 Catalog index {#m-5-4-catalog-index},blocker,V9,`spec_binding_pending_pack_m21_3`,m21_3,Convex deployment topology static analysis at deploy time.,"The Convex deployment configuration MUST declare same-residency replica pairs for every residency partition listed in §1.6 (`us`, `eu`, `apac`, `custom`). Cross-residency replica configurations rejected at deploy time.",".github/workflows/marketplace-runtime.yml, convex/deploy_validators, tests/marketplace, tests/analytics",.github/workflows/marketplace-runtime.yml:missing; convex/deploy_validators:missing; tests/marketplace:missing; tests/analytics:missing,"Runtime status is still spec_binding_pending_pack_m21_3; required artifact evidence not promoted. Checked: .github/workflows/marketplace-runtime.yml, convex/deploy_validators, tests/marketplace, tests/analytics."
dns_failover_target_residency_match,Sourcera_Master_Spec.md,67224,M.5.4 Catalog index {#m-5-4-catalog-index},blocker,V9,`spec_binding_pending_pack_m21_3`,m21_3,Datadog synthetic chaos test (quarterly).,DNS failover MUST target a same-residency replica only; cross-residency DNS failover events constitute a property-test failure.,".github/workflows/marketplace-runtime.yml, convex/deploy_validators, tests/marketplace, tests/analytics",.github/workflows/marketplace-runtime.yml:missing; convex/deploy_validators:missing; tests/marketplace:missing; tests/analytics:missing,"Runtime status is still spec_binding_pending_pack_m21_3; required artifact evidence not promoted. Checked: .github/workflows/marketplace-runtime.yml, convex/deploy_validators, tests/marketplace, tests/analytics."
dr_failover_no_cross_residency,Sourcera_Master_Spec.md,67225,M.5.4 Catalog index {#m-5-4-catalog-index},blocker,V9,`spec_binding_pending_pack_m21_3`,m21_3,QA chaos test against concurrent same-residency primary + replica outage.,Concurrent outage MUST degrade to read-only with `residency_failover_blocked` (HTTP 503) on writes; cross-residency failover is forbidden.,".github/workflows/marketplace-runtime.yml, convex/deploy_validators, tests/marketplace, tests/analytics",.github/workflows/marketplace-runtime.yml:missing; convex/deploy_validators:missing; tests/marketplace:missing; tests/analytics:missing,"Runtime status is still spec_binding_pending_pack_m21_3; required artifact evidence not promoted. Checked: .github/workflows/marketplace-runtime.yml, convex/deploy_validators, tests/marketplace, tests/analytics."
dr_restore_test_residency_partition,Sourcera_Master_Spec.md,67226,M.5.4 Catalog index {#m-5-4-catalog-index},blocker,V9,`spec_binding_pending_pack_m21_3`,m21_3,Quarterly DR restore-test runtime telemetry.,Per-region staging-restore stacks MUST exist for every residency partition; quarterly DR test restores MUST execute against the matching residency staging stack only.,".github/workflows/marketplace-runtime.yml, convex/deploy_validators, tests/marketplace, tests/analytics",.github/workflows/marketplace-runtime.yml:missing; convex/deploy_validators:missing; tests/marketplace:missing; tests/analytics:missing,"Runtime status is still spec_binding_pending_pack_m21_3; required artifact evidence not promoted. Checked: .github/workflows/marketplace-runtime.yml, convex/deploy_validators, tests/marketplace, tests/analytics."
dr_game_day_overdue,Sourcera_Master_Spec.md,67227,M.5.4 Catalog index {#m-5-4-catalog-index},blocker,V9,`spec_binding_pending_pack_m21_3`,m21_3,Quarterly DR game-day cadence Datadog alarm.,Per-region game-day rehearsal MUST execute quarterly per residency partition; missed game-day fires Datadog SEV-3 alarm.,".github/workflows/marketplace-runtime.yml, convex/deploy_validators, tests/marketplace, tests/analytics",.github/workflows/marketplace-runtime.yml:missing; convex/deploy_validators:missing; tests/marketplace:missing; tests/analytics:missing,"Runtime status is still spec_binding_pending_pack_m21_3; required artifact evidence not promoted. Checked: .github/workflows/marketplace-runtime.yml, convex/deploy_validators, tests/marketplace, tests/analytics."
backup_residency_partition_isolation,Sourcera_Master_Spec.md,67228,M.5.4 Catalog index {#m-5-4-catalog-index},blocker,V9,`spec_binding_pending_pack_m21_3`,m21_3,Convex backup-topology static analysis at deploy time.,Convex snapshot blobs MUST be stored in the same residency region as the source shard; cross-region snapshot replication forbidden.,".github/workflows/marketplace-runtime.yml, convex/deploy_validators, tests/marketplace, tests/analytics",.github/workflows/marketplace-runtime.yml:missing; convex/deploy_validators:missing; tests/marketplace:missing; tests/analytics:missing,"Runtime status is still spec_binding_pending_pack_m21_3; required artifact evidence not promoted. Checked: .github/workflows/marketplace-runtime.yml, convex/deploy_validators, tests/marketplace, tests/analytics."
s3_replication_policy_residency_bound,Sourcera_Master_Spec.md,67229,M.5.4 Catalog index {#m-5-4-catalog-index},blocker,V9 [V11],`spec_binding_pending_pack_m21_3`,m21_3,Terraform IaC static analysis at apply time.,S3 replication policies MUST target same-residency replica buckets only; cross-region replica configurations rejected with `residency_backup_replication_blocked` (HTTP 422).,".github/workflows/marketplace-runtime.yml, convex/deploy_validators, tests/marketplace, tests/analytics",.github/workflows/marketplace-runtime.yml:missing; convex/deploy_validators:missing; tests/marketplace:missing; tests/analytics:missing,"Runtime status is still spec_binding_pending_pack_m21_3; required artifact evidence not promoted. Checked: .github/workflows/marketplace-runtime.yml, convex/deploy_validators, tests/marketplace, tests/analytics."
s3_cross_region_replica_dpa_approval_required,Sourcera_Master_Spec.md,67230,M.5.4 Catalog index {#m-5-4-catalog-index},blocker,V9,`spec_binding_pending_pack_m21_3`,m21_3,Terraform IaC apply hook + AuditEvent emission check.,"Cross-region replica policy override MUST emit `org.residency.cross_region_replica_approved` AuditEvent prior to IaC apply; absent approval, IaC apply fails.",".github/workflows/marketplace-runtime.yml, convex/deploy_validators, tests/marketplace, tests/analytics",.github/workflows/marketplace-runtime.yml:missing; convex/deploy_validators:missing; tests/marketplace:missing; tests/analytics:missing,"Runtime status is still spec_binding_pending_pack_m21_3; required artifact evidence not promoted. Checked: .github/workflows/marketplace-runtime.yml, convex/deploy_validators, tests/marketplace, tests/analytics."
backup_dsar_repseudonymization_completeness,Sourcera_Master_Spec.md,67231,M.5.4 Catalog index {#m-5-4-catalog-index},blocker,V9,`spec_binding_pending_pack_m21_3`,m21_3,DSAR fulfillment QA test pack.,Cascade MUST emit `dsar.cascade.backup_repseudonymization_required` on cascade-target blob set computation; the cascade does NOT mark fulfillment until `dsar.cascade.backup_repseudonymization_completed` (in-place) OR `dsar.cascade.backup_repseudonymization_completed_via_exclusion` fires.,".github/workflows/marketplace-runtime.yml, convex/deploy_validators, tests/marketplace, tests/analytics",.github/workflows/marketplace-runtime.yml:missing; convex/deploy_validators:missing; tests/marketplace:missing; tests/analytics:missing,"Runtime status is still spec_binding_pending_pack_m21_3; required artifact evidence not promoted. Checked: .github/workflows/marketplace-runtime.yml, convex/deploy_validators, tests/marketplace, tests/analytics."
dsar_excluded_snapshot_restore_blocked,Sourcera_Master_Spec.md,67232,M.5.4 Catalog index {#m-5-4-catalog-index},blocker,V9,`spec_binding_pending_pack_m21_3`,m21_3,Backup-restore handler tests.,Restore from a `dsar_excluded_snapshots` blob MUST reject with `restore_from_dsar_excluded_snapshot_blocked` (HTTP 403).,".github/workflows/marketplace-runtime.yml, convex/deploy_validators, tests/marketplace, tests/analytics",.github/workflows/marketplace-runtime.yml:missing; convex/deploy_validators:missing; tests/marketplace:missing; tests/analytics:missing,"Runtime status is still spec_binding_pending_pack_m21_3; required artifact evidence not promoted. Checked: .github/workflows/marketplace-runtime.yml, convex/deploy_validators, tests/marketplace, tests/analytics."
snapshot_catalog_residency_partition,Sourcera_Master_Spec.md,67233,M.5.4 Catalog index {#m-5-4-catalog-index},blocker,V9,`spec_binding_pending_pack_m21_3`,m21_3,Snapshot catalog read-path static analysis + integration tests.,Per-region snapshot retention catalogs MUST be residency-bound; cross-region catalog reads from customer surfaces blocked.,".github/workflows/marketplace-runtime.yml, convex/deploy_validators, tests/marketplace, tests/analytics",.github/workflows/marketplace-runtime.yml:missing; convex/deploy_validators:missing; tests/marketplace:missing; tests/analytics:missing,"Runtime status is still spec_binding_pending_pack_m21_3; required artifact evidence not promoted. Checked: .github/workflows/marketplace-runtime.yml, convex/deploy_validators, tests/marketplace, tests/analytics."
attachment_dsar_72h_binary_detach_sla,Sourcera_Master_Spec.md,67234,M.5.4 Catalog index {#m-5-4-catalog-index},blocker,V9,`spec_binding_pending_pack_m11_3`,m11_3,Datadog synthetic test against the Convex Storage delete API on a Pattern-A DSAR-attached binary.,DSAR right-to-erasure on uploader MUST result in binary payload hard-deleted from storage backend within 72 hours of cascade `dsar.cascade.row_redacted`.,".github/workflows/deploy-validator.yml, .github/workflows/test-strategy.yml, convex/deploy_validators, tests/integration",.github/workflows/deploy-validator.yml:missing; .github/workflows/test-strategy.yml:missing; convex/deploy_validators:missing; tests/integration:missing,"Runtime status is still spec_binding_pending_pack_m11_3; required artifact evidence not promoted. Checked: .github/workflows/deploy-validator.yml, .github/workflows/test-strategy.yml, convex/deploy_validators, tests/integration."
cost_base_recalc_notice_window_trajectory_gate,Sourcera_Master_Spec.md,67243,M.5.4 Catalog index {#m-5-4-catalog-index},blocker,V11 (D-11.3-002 remediation),`spec_binding_pending_pack_m11_3`,m11_3,§34.18 cost-base recalc trajectory authoring; PolicyIngestion-driven recalc tests.,"The cost-base recalc notice window MUST trajectory through the canonical 30-day notice → 7-day final-warning → recalc-applied sequence; deviations from the trajectory (skipped notice, late warning, premature apply) fail.",".github/workflows/deploy-validator.yml, .github/workflows/test-strategy.yml, convex/deploy_validators, tests/integration",.github/workflows/deploy-validator.yml:missing; .github/workflows/test-strategy.yml:missing; convex/deploy_validators:missing; tests/integration:missing,"Runtime status is still spec_binding_pending_pack_m11_3; required artifact evidence not promoted. Checked: .github/workflows/deploy-validator.yml, .github/workflows/test-strategy.yml, convex/deploy_validators, tests/integration."
kb_bootstrap_per_org_concurrency_lock_active,Sourcera_Master_Spec.md,67246,M.5.4 Catalog index {#m-5-4-catalog-index},blocker,V11 (D-11.3-002 remediation; v7.1.1 stamp gate),`spec_binding_pending_pack_m11_3`,m11_3,§22.4.4 KB Bootstrap concurrency-lock runtime path (Convex transaction handler) + integration tests.,Concurrent KB Bootstrap invocations for the same Org MUST acquire a per-Org Convex transaction lock; second-invocation rejection MUST return HTTP 409 `kb_bootstrap_already_in_progress` per Appendix I.,".github/workflows/deploy-validator.yml, .github/workflows/test-strategy.yml, convex/deploy_validators, tests/integration",.github/workflows/deploy-validator.yml:missing; .github/workflows/test-strategy.yml:missing; convex/deploy_validators:missing; tests/integration:missing,"Runtime status is still spec_binding_pending_pack_m11_3; required artifact evidence not promoted. Checked: .github/workflows/deploy-validator.yml, .github/workflows/test-strategy.yml, convex/deploy_validators, tests/integration."
bid_disqualification_cascade_active,Sourcera_Master_Spec.md,67247,M.5.4 Catalog index {#m-5-4-catalog-index},blocker,V11 (D-11.3-002 remediation; v7.1.1 stamp gate),`spec_binding_pending_pack_m11_3`,m11_3,§48.8.10 Cross-Console Bridge bid-disqualification cascade handler + property tests.,Bid disqualification on the buyer side MUST cascade to the seller-bound BidWorkspace via the Console Bridge `bid.disqualified` event within 60 seconds; cascade failure MUST emit `bid_disqualification_cascade_failed` (HTTP 503) and route to §6.8.4.6 partial-failure path.,".github/workflows/deploy-validator.yml, .github/workflows/test-strategy.yml, convex/deploy_validators, tests/integration",.github/workflows/deploy-validator.yml:missing; .github/workflows/test-strategy.yml:missing; convex/deploy_validators:missing; tests/integration:missing,"Runtime status is still spec_binding_pending_pack_m11_3; required artifact evidence not promoted. Checked: .github/workflows/deploy-validator.yml, .github/workflows/test-strategy.yml, convex/deploy_validators, tests/integration."
wallet_read_role_gate_scope,Sourcera_Master_Spec.md,67248,M.5.4 Catalog index {#m-5-4-catalog-index},blocker,V11 (D-11.3-002 remediation),`spec_binding_pending_pack_m11_3`,m11_3,`/v1/orgs/{org_id}/wallet` endpoint handler tests; §5.11 Feature Access Matrix wallet:read row.,"Only `billing_admin`, `org_owner`, `org_admin`, and Buyer Console `finance` roles MAY read the AIWallet. Any other role attempting `GET /v1/orgs/{org_id}/wallet` MUST return HTTP 403 `wallet_read_role_forbidden`.",".github/workflows/deploy-validator.yml, .github/workflows/test-strategy.yml, convex/deploy_validators, tests/integration",.github/workflows/deploy-validator.yml:missing; .github/workflows/test-strategy.yml:missing; convex/deploy_validators:missing; tests/integration:missing,"Runtime status is still spec_binding_pending_pack_m11_3; required artifact evidence not promoted. Checked: .github/workflows/deploy-validator.yml, .github/workflows/test-strategy.yml, convex/deploy_validators, tests/integration."
committed_spend_single_pool_invariant,Sourcera_Master_Spec.md,67249,M.5.4 Catalog index {#m-5-4-catalog-index},blocker,V11 (D-11.3-002 remediation),`spec_binding_pending_pack_m24_3`,m24_3,`/v1/orgs/{org_id}/committed-spend/*` handler tests; §34.13 Committed Spend authoring.,"At most one active `CommittedSpendPool` row per `(org_id, console)` tuple. Attempt to create a second active pool MUST return HTTP 422 `committed_spend_pool_already_active`.",".github/workflows/billing-runtime.yml, tests/billing, convex/deploy_validators",.github/workflows/billing-runtime.yml:missing; tests/billing:missing; convex/deploy_validators:missing,"Runtime status is still spec_binding_pending_pack_m24_3; required artifact evidence not promoted. Checked: .github/workflows/billing-runtime.yml, tests/billing, convex/deploy_validators."
committed_spend_single_auto_renew_invariant,Sourcera_Master_Spec.md,67250,M.5.4 Catalog index {#m-5-4-catalog-index},blocker,V11 (D-11.3-002 remediation),`spec_binding_pending_pack_m24_3`,m24_3,`/v1/orgs/{org_id}/committed-spend/renew` handler tests; §34.13 Committed Spend authoring.,"At most one auto-renew schedule per `(org_id, console)` tuple. Conflicting schedule registration MUST return HTTP 422 `committed_spend_auto_renew_already_scheduled`.",".github/workflows/billing-runtime.yml, tests/billing, convex/deploy_validators",.github/workflows/billing-runtime.yml:missing; tests/billing:missing; convex/deploy_validators:missing,"Runtime status is still spec_binding_pending_pack_m24_3; required artifact evidence not promoted. Checked: .github/workflows/billing-runtime.yml, tests/billing, convex/deploy_validators."
committed_spend_console_scope_consistency,Sourcera_Master_Spec.md,67251,M.5.4 Catalog index {#m-5-4-catalog-index},blocker,V11 (D-11.3-002 remediation),`spec_binding_pending_pack_m24_3`,m24_3,Committed-spend cross-console-read handlers + property tests.,Committed-spend pools are console-scoped per §1.3 firewall: a `console=buyer` pool MUST NOT be readable from a seller-console session and vice versa. Cross-console read attempt MUST return HTTP 404 (subkind `firewall_non_leak` per §7.2).,".github/workflows/billing-runtime.yml, tests/billing, convex/deploy_validators",.github/workflows/billing-runtime.yml:missing; tests/billing:missing; convex/deploy_validators:missing,"Runtime status is still spec_binding_pending_pack_m24_3; required artifact evidence not promoted. Checked: .github/workflows/billing-runtime.yml, tests/billing, convex/deploy_validators."
accessibility_settings_preference_contract,Sourcera_Master_Spec.md,67263,M.5.4 Catalog index {#m-5-4-catalog-index},blocker,Phase 37 P1 (D-37-003 remediation),`spec_binding_pending_pack_m11_3`,m11_3,"Settings -> Accessibility UI, §4.2.14 UserAccessibilityPreference handlers, DSAR export.","Saving Settings -> Accessibility MUST persist UserAccessibilityPreference, apply without reload, emit redacted AuditEvent, and include the row in DSAR export while redacting raw assistive-tech JSON.",".github/workflows/deploy-validator.yml, .github/workflows/test-strategy.yml, convex/deploy_validators, tests/integration",.github/workflows/deploy-validator.yml:missing; .github/workflows/test-strategy.yml:missing; convex/deploy_validators:missing; tests/integration:missing,"Runtime status is still spec_binding_pending_pack_m11_3; required artifact evidence not promoted. Checked: .github/workflows/deploy-validator.yml, .github/workflows/test-strategy.yml, convex/deploy_validators, tests/integration."
rtl_directionality_runtime_contract,Sourcera_Master_Spec.md,67267,M.5.4 Catalog index {#m-5-4-catalog-index},blocker,Phase 37 P1 (D-37-002 remediation),`spec_binding_pending_pack_m11_3`,m11_3,`useDirectionality()` hook and `responsive_conformance_suite` RTL passes.,"RTL sessions MUST set `dir`, mirror directional icons only, align numbers per §38.11, and preserve meaningful reading order at every responsive tier.",".github/workflows/deploy-validator.yml, .github/workflows/test-strategy.yml, convex/deploy_validators, tests/integration",.github/workflows/deploy-validator.yml:missing; .github/workflows/test-strategy.yml:missing; convex/deploy_validators:missing; tests/integration:missing,"Runtime status is still spec_binding_pending_pack_m11_3; required artifact evidence not promoted. Checked: .github/workflows/deploy-validator.yml, .github/workflows/test-strategy.yml, convex/deploy_validators, tests/integration."
locale_resolution_engine_contract,Sourcera_Master_Spec.md,67268,M.5.4 Catalog index {#m-5-4-catalog-index},blocker,Phase 37 P1 (D-37-005 remediation),`spec_binding_pending_pack_m11_3`,m11_3,"Locale Resolution Engine, `next-intl` formatting, public and authenticated route shells.","Locale resolution MUST follow §37.2 precedence, set `<html lang>`, use ICU MessageFormat, and render locale-aware dates / numbers / currency without string concatenation.",".github/workflows/deploy-validator.yml, .github/workflows/test-strategy.yml, convex/deploy_validators, tests/integration",.github/workflows/deploy-validator.yml:missing; .github/workflows/test-strategy.yml:missing; convex/deploy_validators:missing; tests/integration:missing,"Runtime status is still spec_binding_pending_pack_m11_3; required artifact evidence not promoted. Checked: .github/workflows/deploy-validator.yml, .github/workflows/test-strategy.yml, convex/deploy_validators, tests/integration."
workspace_pulse_health_persistence_contract,Sourcera_Master_Spec.md,67273,M.5.4 Catalog index {#m-5-4-catalog-index},blocker,Phase 4.11 P1 (D-4.11-007 remediation),`spec_binding_pending_pack_m11_3`,m11_3,"§4.3.22.2 entity writes, daily Pulse compute scheduler, Solo-mode suppression path, and threshold-event correlation.","Daily Pulse compute MUST write exactly one WorkspacePulseHealth row per Workspace per UTC day, persist the same row in Solo Mode while suppressing only the surface, lock Phase 12 rows against mutable recompute, and bind color-band transitions to the threshold event ID when emitted.",".github/workflows/deploy-validator.yml, .github/workflows/test-strategy.yml, convex/deploy_validators, tests/integration",.github/workflows/deploy-validator.yml:missing; .github/workflows/test-strategy.yml:missing; convex/deploy_validators:missing; tests/integration:missing,"Runtime status is still spec_binding_pending_pack_m11_3; required artifact evidence not promoted. Checked: .github/workflows/deploy-validator.yml, .github/workflows/test-strategy.yml, convex/deploy_validators, tests/integration."
seller_pulse_surface_engine_mapping,Sourcera_Master_Spec.md,67277,M.5.4 Catalog index {#m-5-4-catalog-index},blocker,Phase 5.5 / Phase 24 P1 (D-24-014 remediation),`spec_binding_pending_pack_m11_3`,m11_3,Appendix M.1 Seller Pulse row + §24.4.4 Solo Seller Surface Treatment.,"Seller Pulse MUST have a distinct Appendix M.1 row, must not be collapsed with Seller Inbox or Seller Analytics, and must preserve engine writes while suppressing per-component breakdown / team status / trend chart on Seller Solo / Free.",".github/workflows/deploy-validator.yml, .github/workflows/test-strategy.yml, convex/deploy_validators, tests/integration",.github/workflows/deploy-validator.yml:missing; .github/workflows/test-strategy.yml:missing; convex/deploy_validators:missing; tests/integration:missing,"Runtime status is still spec_binding_pending_pack_m11_3; required artifact evidence not promoted. Checked: .github/workflows/deploy-validator.yml, .github/workflows/test-strategy.yml, convex/deploy_validators, tests/integration."
firecrawl_outage_progress_line_substitution,Sourcera_Master_Spec.md,67430,M.5.12 V13 catalog additions (PLG / Growth / Analytics / Hero Moment) {#m-5-12-v13-additions},blocker,runtime_behavior,spec_binding_pending_pack_m02_3,m02_3,next.js render-path test + Datadog synthetic,"§48.8.3 step 5 sequencer reads `provider_health_state(firecrawl)` at line-render; substitute line never renders literal `""Scanning""`; §48.8.7 #7 detector does not fire; latency pause column `stage_3_firecrawl_outage_pause_ms` recorded — closes D-13V-022",tools/spec-lint/gates/firecrawl_outage_progress_line_substitution.ts,tools/spec-lint/gates/firecrawl_outage_progress_line_substitution.ts:missing,Runtime status is still spec_binding_pending_pack_m02_3; required artifact evidence not promoted. Checked: tools/spec-lint/gates/firecrawl_outage_progress_line_substitution.ts.
kb_bootstrap_allowance_compensation_completeness,Sourcera_Master_Spec.md,67431,M.5.12 V13 catalog additions (PLG / Growth / Analytics / Hero Moment) {#m-5-12-v13-additions},blocker,runtime_behavior + content_consistency,spec_binding_pending_pack_m02_3,m02_3,convex unit + post-build,Eligibility predicate matches the four canonical causes; `kb_bootstrap.allowance_restored` audit event schema includes `restoration_reason ∈ Appendix J`; Ops endpoint exists with correct auth-scope; Loops.so email type registered — closes D-13V-023,tools/spec-lint/gates/kb_bootstrap_allowance_compensation_completeness.ts,tools/spec-lint/gates/kb_bootstrap_allowance_compensation_completeness.ts:missing,Runtime status is still spec_binding_pending_pack_m02_3; required artifact evidence not promoted. Checked: tools/spec-lint/gates/kb_bootstrap_allowance_compensation_completeness.ts.
buyer_activation_metric_canonical_consumer,Sourcera_Master_Spec.md,67432,M.5.12 V13 catalog additions (PLG / Growth / Analytics / Hero Moment) {#m-5-12-v13-additions},blocker,content_consistency,spec_binding_pending_pack_m21_3,m21_3,post-build,§35.5.2 formula is single-sourced; every §51 / §42 / §50.14 dashboard queries via the canonical formula; no inline duplication anywhere — closes D-51-001,".github/workflows/marketplace-runtime.yml, convex/deploy_validators, tests/marketplace, tests/analytics",.github/workflows/marketplace-runtime.yml:missing; convex/deploy_validators:missing; tests/marketplace:missing; tests/analytics:missing,"Runtime status is still spec_binding_pending_pack_m21_3; required artifact evidence not promoted. Checked: .github/workflows/marketplace-runtime.yml, convex/deploy_validators, tests/marketplace, tests/analytics."
usage_dashboard_plan_gating_canonical_6_tier_consumer,Sourcera_Master_Spec.md,67435,M.5.12 V13 catalog additions (PLG / Growth / Analytics / Hero Moment) {#m-5-12-v13-additions},blocker,content_consistency,spec_binding_pending_pack_m21_3,m21_3,post-build,§51.3.6 12-row enumeration matches §34.1 canonical 6-tier-per-console schema; no inline numerical literals duplicating §34.1 / §39; Solo rows cite §44.6.1 hide list — closes D-51-004 / -005 / -006 / -007,".github/workflows/marketplace-runtime.yml, convex/deploy_validators, tests/marketplace, tests/analytics",.github/workflows/marketplace-runtime.yml:missing; convex/deploy_validators:missing; tests/marketplace:missing; tests/analytics:missing,"Runtime status is still spec_binding_pending_pack_m21_3; required artifact evidence not promoted. Checked: .github/workflows/marketplace-runtime.yml, convex/deploy_validators, tests/marketplace, tests/analytics."
m16_same_domain_enforcement_dual_point_canonical,Sourcera_Master_Spec.md,67438,M.5.12 V13 catalog additions (PLG / Growth / Analytics / Hero Moment) {#m-5-12-v13-additions},blocker,runtime_behavior + content_consistency,spec_binding_pending_pack_m02_3,m02_3,convex unit + post-build,Create-time validator runs IFF `referee_email` provided at create; signup-time safety net catches SSO-domain-divergence; both points emit `m16.referral.same_domain_blocked` with `enforcement_point ∈ Appendix J enum` — closes D-13V-004,tools/spec-lint/gates/m16_same_domain_enforcement_dual_point_canonical.ts,tools/spec-lint/gates/m16_same_domain_enforcement_dual_point_canonical.ts:missing,Runtime status is still spec_binding_pending_pack_m02_3; required artifact evidence not promoted. Checked: tools/spec-lint/gates/m16_same_domain_enforcement_dual_point_canonical.ts.
solo_tier_buyer_hero_moment_slo_single_source,Sourcera_Master_Spec.md,67445,M.5.12 V13 catalog additions (PLG / Growth / Analytics / Hero Moment) {#m-5-12-v13-additions},blocker,content_consistency,spec_binding_pending_pack_m21_3,m21_3,post-build,Parity with seller-side gate; §35.5.5 AC #4 + §44.6.4.X — closes D-HM-002 sibling,".github/workflows/marketplace-runtime.yml, convex/deploy_validators, tests/marketplace, tests/analytics",.github/workflows/marketplace-runtime.yml:missing; convex/deploy_validators:missing; tests/marketplace:missing; tests/analytics:missing,"Runtime status is still spec_binding_pending_pack_m21_3; required artifact evidence not promoted. Checked: .github/workflows/marketplace-runtime.yml, convex/deploy_validators, tests/marketplace, tests/analytics."
dsar_erased_seller_excluded_from_recovery_cadence,Sourcera_Master_Spec.md,67447,M.5.12 V13 catalog additions (PLG / Growth / Analytics / Hero Moment) {#m-5-12-v13-additions},blocker,runtime_behavior,spec_binding_pending_pack_m02_3,m02_3,convex unit + suppression-list join,§48.8.12 sweeper skips pseudonymized rows; audit row records skip — closes D-HM-006 sibling,tools/spec-lint/gates/dsar_erased_seller_excluded_from_recovery_cadence.ts,tools/spec-lint/gates/dsar_erased_seller_excluded_from_recovery_cadence.ts:missing,Runtime status is still spec_binding_pending_pack_m02_3; required artifact evidence not promoted. Checked: tools/spec-lint/gates/dsar_erased_seller_excluded_from_recovery_cadence.ts.
dsar_erased_buyer_excluded_from_recovery_cadence,Sourcera_Master_Spec.md,67448,M.5.12 V13 catalog additions (PLG / Growth / Analytics / Hero Moment) {#m-5-12-v13-additions},blocker,runtime_behavior,spec_binding_pending_pack_m21_3,m21_3,convex unit,Parity with seller-side; §35.5.4 — closes D-HM-002 sibling,".github/workflows/marketplace-runtime.yml, convex/deploy_validators, tests/marketplace, tests/analytics",.github/workflows/marketplace-runtime.yml:missing; convex/deploy_validators:missing; tests/marketplace:missing; tests/analytics:missing,"Runtime status is still spec_binding_pending_pack_m21_3; required artifact evidence not promoted. Checked: .github/workflows/marketplace-runtime.yml, convex/deploy_validators, tests/marketplace, tests/analytics."
network_effects_dashboard_outage_render_contract,Sourcera_Master_Spec.md,67451,M.5.12 V13 catalog additions (PLG / Growth / Analytics / Hero Moment) {#m-5-12-v13-additions},blocker,runtime_behavior,spec_binding_pending_pack_m02_3,m02_3,next.js render-path test,All four §48.3.8 render paths wired (PostHog / Snowflake / Datadog / composite) — closes D-48.3-009,tools/spec-lint/gates/network_effects_dashboard_outage_render_contract.ts,tools/spec-lint/gates/network_effects_dashboard_outage_render_contract.ts:missing,Runtime status is still spec_binding_pending_pack_m02_3; required artifact evidence not promoted. Checked: tools/spec-lint/gates/network_effects_dashboard_outage_render_contract.ts.
network_effects_residency_partition_canonical_consumer,Sourcera_Master_Spec.md,67452,M.5.12 V13 catalog additions (PLG / Growth / Analytics / Hero Moment) {#m-5-12-v13-additions},blocker,runtime_behavior,spec_binding_pending_pack_m21_3,m21_3,terraform IaC + post-build,§48.3.9 partition contract implemented at PostHog routing + Snowflake partition + dashboard render — closes D-48.3-010,".github/workflows/marketplace-runtime.yml, convex/deploy_validators, tests/marketplace, tests/analytics",.github/workflows/marketplace-runtime.yml:missing; convex/deploy_validators:missing; tests/marketplace:missing; tests/analytics:missing,"Runtime status is still spec_binding_pending_pack_m21_3; required artifact evidence not promoted. Checked: .github/workflows/marketplace-runtime.yml, convex/deploy_validators, tests/marketplace, tests/analytics."
entitlement_matrix_registry_binding_completeness,Sourcera_Master_Spec.md,67485,M.5.14 v7.2.0-REM Phase 4 catalog additions (P0 Entitlement Registry) {#m-5-14-v72rem-phase-4-additions},blocker,meta_catalog_invariant,spec_binding_pending_pack_m11_3,m11_3,deploy_validator + pr_lint,"Deploy-time validator + PR-lint detector at `tools/spec-lint/entitlement_matrix_registry_binding.ts` (PR-lint half) and `convex/deploy_validators/entitlement_matrix_registry_binding.ts` (deploy-time half). Asserts a **bidirectional binding contract** between §34.8.5 Entitlement Matrix rows and §21.4 `CapabilityRegistryEntry` rows. Forward pass (§21.4 → §34.8.5): every `CapabilityRegistryEntry` row with `state ∈ {active, beta-on-rollout, deprecated-within-grace}` AND `billing_mode = customer_billed` AND `capability_id` does NOT match the family-root pattern `^[a-z_]+_family$` (the family-root rows are billing-ledger rollup display identifiers; never directly invokable; matrix rows are authored for the runtime-invokable siblings, not the rollup root — see §21.4.1.B cardinality contract) MUST have a §34.8.5 matrix row whose `capability_id` cell matches the registry `capability_id` OR matches an alias in `CapabilityRegistryEntry.aliases`. Reverse pass (§34.8.5 → §21.4): every `capability_id` cell in the §34.8.5 matrix MUST resolve to a `CapabilityRegistryEntry` row (any state) OR to one of the six registered exemption classes enumerated in §34.8.7 AC #6 (platform-internal aggregation; non-AI Security/Admin; non-AI Free-Forever Seller; non-AI Marketplace UI/API surfaces; non-AI Buyer `tco_modeling`; AE rows awaiting `AuthoredExtensionSignoff` activation). The exemption classifier is a closed-set predicate; additions require Pricing Owner + Engineering Lead dual-signoff per the row's `not_permitted_entitlement_registry_binding_integrity` override class. The forward-pass failure-mode code is `capability_registry_active_capability_missing_matrix_row` (registered in Appendix I v7.2.0-REM Phase 4 extension; HTTP 422 at deploy-validator path; `retryable=false`). The reverse-pass failure-mode code is `entitlement_matrix_unbound_capability_id` (registered in Appendix I v7.2.0-REM Phase 4 extension; HTTP 422 at deploy-validator path; `retryable=false`). The detector emits one structured rejection record per offending row with `direction ∈ {forward, reverse}`, `offending_capability_id`, `expected_binding_site`, `exemption_class_attempted` (nullable). Hardens §34.8.7 AC #6 from prose to a runtime-bindable gate; closes D-EM-001 P0 cleanly. The D-EM-002 / D-EM-003 / D-EM-004 P0 siblings remain open at the time this gate lands — the gate will detect each remaining reverse-pass orphan and fail-closed on the first deploy-validator run post-wiring, surfacing the full unbound set to the remediation owner.",".github/workflows/deploy-validator.yml, .github/workflows/test-strategy.yml, convex/deploy_validators, tests/integration",.github/workflows/deploy-validator.yml:missing; .github/workflows/test-strategy.yml:missing; convex/deploy_validators:missing; tests/integration:missing,"Runtime status is still spec_binding_pending_pack_m11_3; required artifact evidence not promoted. Checked: .github/workflows/deploy-validator.yml, .github/workflows/test-strategy.yml, convex/deploy_validators, tests/integration."
qa_suggestion_family_cardinality,Sourcera_Master_Spec.md,67486,M.5.14 v7.2.0-REM Phase 4 catalog additions (P0 Entitlement Registry) {#m-5-14-v72rem-phase-4-additions},blocker,runtime_property_test,spec_binding_pending_pack_m11_3,m11_3,runtime_test + pr_lint,"Runtime property test at `tests/integration/qa_suggestion_family_cardinality.spec.ts` (Convex test harness) + spec-tree lint at `tools/spec-lint/qa_suggestion_family_cardinality.ts`. Asserts the §21.4.1 family-rooted sibling-split contract for the `qa_suggestion_family` rollup root. Three sub-assertions: (a) **No direct invocation of the family root.** Every AIOperation write path (Convex mutation `aiOperations.create`; SDK route handler `POST /v1/agent/invoke`; Managed Agent invocation handler `POST /v1/agent/managed/invoke`) MUST reject any payload whose `capability_id == qa_suggestion_family` with HTTP 422 `capability_rollup_root_not_invokable` (Appendix I v7.2.0-REM Phase 4 extension). (b) **Exactly-one sibling per AIOperation.** No AIOperation row may carry a `capability_id` outside the registered sibling set `{qa_suggestion_buyer, qa_suggestion_seller}` while also carrying `capability_family == qa_suggestion`. (c) **Mutually-exclusive `console_applicability`.** The sibling rows' `console_applicability` arrays MUST be disjoint at deploy time (`qa_suggestion_buyer = [buyer]`; `qa_suggestion_seller = [seller]`); schema-validation rejects any drift. Property test runs on a synthetic 10k-row AIOperation write stream including 5% adversarial inputs (legacy-alias references, family-root references, cross-console invocations). Fail-closed on any sub-assertion violation.",".github/workflows/deploy-validator.yml, .github/workflows/test-strategy.yml, convex/deploy_validators, tests/integration",.github/workflows/deploy-validator.yml:missing; .github/workflows/test-strategy.yml:missing; convex/deploy_validators:missing; tests/integration:missing,"Runtime status is still spec_binding_pending_pack_m11_3; required artifact evidence not promoted. Checked: .github/workflows/deploy-validator.yml, .github/workflows/test-strategy.yml, convex/deploy_validators, tests/integration."
qa_suggestion_family_outcome_contract_isolation,Sourcera_Master_Spec.md,67487,M.5.14 v7.2.0-REM Phase 4 catalog additions (P0 Entitlement Registry) {#m-5-14-v72rem-phase-4-additions},blocker,cross_feature_invariant,spec_binding_pending_pack_m11_3,m11_3,deploy_validator,"Deploy-time validator at `convex/deploy_validators/qa_suggestion_family_outcome_contract_isolation.ts`. Asserts the §21.4.1.B cross-validator: the two `qa_suggestion_*` siblings carry independent `outcome_contract_id` FKs, AND a contract-version bump on one sibling MUST NOT retroactively re-resolve in-flight operations on the other. Sub-assertions: (a) **FK independence.** `qa_suggestion_buyer.outcome_contract_id ≠ qa_suggestion_seller.outcome_contract_id` at deploy time. (b) **Per-sibling Outcome Resolver routing.** The §34.11 Outcome Resolver loads the OutcomeContract version active at the *AIOperation's* `created_at` per the per-sibling FK — NOT a family-level lookup. (c) **PostHog event-name aliasing integrity.** The legacy event name `agent.qa_suggestion.invoked` resolves to the seller-side sibling event name `agent.qa_suggestion_seller.invoked` at PostHog ingestion time; never to the buyer-side sibling. Validator runs at every PricingTableVersion publish + every OutcomeContract row mutation; fail-closed blocks deploy.",".github/workflows/deploy-validator.yml, .github/workflows/test-strategy.yml, convex/deploy_validators, tests/integration",.github/workflows/deploy-validator.yml:missing; .github/workflows/test-strategy.yml:missing; convex/deploy_validators:missing; tests/integration:missing,"Runtime status is still spec_binding_pending_pack_m11_3; required artifact evidence not promoted. Checked: .github/workflows/deploy-validator.yml, .github/workflows/test-strategy.yml, convex/deploy_validators, tests/integration."
kb_suggestion_family_cardinality,Sourcera_Master_Spec.md,67513,M.5.15 v7.2.0-REM Phase 4.2 catalog additions (P0 Entitlement Registry — D-EM-002 Closure + kb_suggestion Family-Rooted Sibling Split) {#m-5-15-v72rem-phase-4-2-additions},blocker,runtime_property_test,spec_binding_pending_pack_m11_3,m11_3,runtime_test + pr_lint,"Runtime property test at `tests/integration/kb_suggestion_family_cardinality.spec.ts` (Convex test harness) + spec-tree lint at `tools/spec-lint/kb_suggestion_family_cardinality.ts`. Asserts the §21.4.1.D family-rooted sibling-split contract for the `kb_suggestion_family` rollup root. Three sub-assertions: (a) **No direct invocation of the family root.** Every AIOperation write path MUST reject any payload whose `capability_id == kb_suggestion_family` with HTTP 422 `capability_rollup_root_not_invokable` (Appendix I v7.2.0-REM Phase 4 extension; same code re-used per the §4.8.2 AC #9 generalization). (b) **Exactly-one sibling per AIOperation.** No AIOperation row may carry a `capability_id` outside the registered sibling set `{kb_suggestion_buyer, kb_suggestion_seller}` while also carrying `capability_family == kb_suggestion`. (c) **Mutually-exclusive `console_applicability`.** The sibling rows' `console_applicability` arrays MUST be disjoint at deploy time (`kb_suggestion_buyer = [buyer]`; `kb_suggestion_seller = [seller]`); schema-validation rejects any drift. Property test runs on a synthetic 10k-row AIOperation write stream including 5% adversarial inputs (legacy `kb_suggestion` references, family-root references, cross-console invocations). Fail-closed on any sub-assertion violation.",".github/workflows/deploy-validator.yml, .github/workflows/test-strategy.yml, convex/deploy_validators, tests/integration",.github/workflows/deploy-validator.yml:missing; .github/workflows/test-strategy.yml:missing; convex/deploy_validators:missing; tests/integration:missing,"Runtime status is still spec_binding_pending_pack_m11_3; required artifact evidence not promoted. Checked: .github/workflows/deploy-validator.yml, .github/workflows/test-strategy.yml, convex/deploy_validators, tests/integration."
kb_suggestion_family_outcome_contract_isolation,Sourcera_Master_Spec.md,67514,M.5.15 v7.2.0-REM Phase 4.2 catalog additions (P0 Entitlement Registry — D-EM-002 Closure + kb_suggestion Family-Rooted Sibling Split) {#m-5-15-v72rem-phase-4-2-additions},blocker,cross_feature_invariant,spec_binding_pending_pack_m11_3,m11_3,deploy_validator,"Deploy-time validator at `convex/deploy_validators/kb_suggestion_family_outcome_contract_isolation.ts`. Asserts the §21.4.1.D cross-validator: the two `kb_suggestion_*` siblings carry independent `outcome_contract_id` FKs, AND a contract-version bump on one sibling MUST NOT retroactively re-resolve in-flight operations on the other. Sub-assertions: (a) **FK independence.** `kb_suggestion_buyer.outcome_contract_id ≠ kb_suggestion_seller.outcome_contract_id` at deploy time. (b) **Per-sibling Outcome Resolver routing.** The §34.11 Outcome Resolver loads the OutcomeContract version active at the *AIOperation's* `created_at` per the per-sibling FK — NOT a family-level lookup. (c) **PostHog event-name aliasing integrity.** The legacy event name `agent.kb_suggestion.invoked` resolves to the appropriate console-disambiguated sibling event name (`agent.kb_suggestion_buyer.invoked` for buyer-console PostHog events; `agent.kb_suggestion_seller.invoked` for seller-console PostHog events) at PostHog ingestion time based on the event's `console` property; never to the family-root identifier. Validator runs at every PricingTableVersion publish + every OutcomeContract row mutation; fail-closed blocks deploy.",".github/workflows/deploy-validator.yml, .github/workflows/test-strategy.yml, convex/deploy_validators, tests/integration",.github/workflows/deploy-validator.yml:missing; .github/workflows/test-strategy.yml:missing; convex/deploy_validators:missing; tests/integration:missing,"Runtime status is still spec_binding_pending_pack_m11_3; required artifact evidence not promoted. Checked: .github/workflows/deploy-validator.yml, .github/workflows/test-strategy.yml, convex/deploy_validators, tests/integration."
kb_suggestion_alias_console_resolution_integrity,Sourcera_Master_Spec.md,67515,M.5.15 v7.2.0-REM Phase 4.2 catalog additions (P0 Entitlement Registry — D-EM-002 Closure + kb_suggestion Family-Rooted Sibling Split) {#m-5-15-v72rem-phase-4-2-additions},blocker,cross_feature_invariant,spec_binding_pending_pack_m11_3,m11_3,deploy_validator + runtime_test,"Deploy-time validator at `convex/deploy_validators/kb_suggestion_alias_console_resolution_integrity.ts` + runtime property test at `tests/integration/kb_suggestion_alias_console_resolution.spec.ts`. Asserts the §21.4.1.D Footnote A console-disambiguated alias-rewrite contract — a deliberate divergence from the §21.4.1.B `qa_suggestion_*` alias contract because the legacy `kb_suggestion` string had cross-console rate-card history before the D-EM-013 split and both consoles invoked it from v7.0.0 stamp onward. Three sub-assertions: (a) **Deterministic console-disambiguated rewrite.** A legacy `capability_id = kb_suggestion` invocation from a buyer-console session resolves to `kb_suggestion_buyer`; from a seller-console session, to `kb_suggestion_seller`. Runtime test fires 1,000 synthetic invocations from each console and asserts the routing distribution. (b) **Console-indeterminate rejection.** An invocation with no clear console context (a synthetic test scenario; not reachable in production per §7.2 firewall enforcement) is rejected with HTTP 422 `capability_alias_console_indeterminate` (new; Appendix I v7.2.0-REM Phase 4.2 extension). (c) **No family-root absorption.** No AIOperation row writes against the family-root `kb_suggestion_family` identifier when the legacy alias is invoked (verifying that the alias-rewrite resolver bypasses the rollup root, per the §21.4.1.D Row 1 contract that the rollup root's `aliases` array is empty). The validator inspects the alias-rewrite resolver's routing table at deploy time and asserts none of the legacy strings map to the family root. Fail-closed on any sub-assertion violation.",".github/workflows/deploy-validator.yml, .github/workflows/test-strategy.yml, convex/deploy_validators, tests/integration",.github/workflows/deploy-validator.yml:missing; .github/workflows/test-strategy.yml:missing; convex/deploy_validators:missing; tests/integration:missing,"Runtime status is still spec_binding_pending_pack_m11_3; required artifact evidence not promoted. Checked: .github/workflows/deploy-validator.yml, .github/workflows/test-strategy.yml, convex/deploy_validators, tests/integration."
first_pass_rfp_draft_outcome_contract_isolation,Sourcera_Master_Spec.md,67539,M.5.16 v7.2.0-REM Phase 4.3 catalog additions (P0 Entitlement Registry — D-EM-003 Closure + first_pass_rfp_draft Per-Requirement Registry Row) {#m-5-16-v72rem-phase-4-3-additions},blocker,cross_feature_invariant,spec_binding_pending_pack_m11_3,m11_3,deploy_validator + runtime_test,"Deploy-time validator at `convex/deploy_validators/first_pass_rfp_draft_outcome_contract_isolation.ts` + runtime property test at `tests/integration/first_pass_rfp_draft_outcome_contract_isolation.spec.ts`. Asserts the §21.4.1.E shared-signal-name with independent-contract-rows pattern: `first_pass_rfp_draft` (per-requirement, Seller-Free customer-billed; registered at §21.4.1.E) and `first_pass_responses` (batch-of-100, Seller-Starter+, Managed Agent; registered at §21.4.2 row 3) share the OutcomeContract **signal name** `first_pass_rfp_draft` (the artifact class is identical — RFP draft text) but settle against **independent OutcomeContract rows** per §4.8.4 AC #1. Five sub-assertions: (a) **FK independence at deploy time.** `(SELECT outcome_contract_id FROM CapabilityRegistryEntry WHERE capability_id='first_pass_rfp_draft') ≠ (SELECT outcome_contract_id FROM CapabilityRegistryEntry WHERE capability_id='first_pass_responses')`. Deploy fails closed on equality. (b) **Per-row Outcome Resolver routing.** The §34.11 Outcome Resolver loads the OutcomeContract version active at the *AIOperation's* `created_at` per the per-row FK — NOT via signal-name lookup. The validator inspects the Outcome Resolver routing table and asserts the resolver indexes by `capability_id`, NOT by signal name. (c) **Contract-version isolation under bump.** A contract-version bump on `first_pass_responses` (e.g., changing accept threshold from 50% to 60%) MUST NOT retroactively re-resolve in-flight `first_pass_rfp_draft` operations. The validator runs a synthetic bump scenario at every `PricingTableVersion` publish and asserts the `first_pass_rfp_draft` OutcomeContract row's `version` is unchanged and that AIOperation rows with `capability_id='first_pass_rfp_draft'` and `settlement_state='pending'` retain their previously-resolved OutcomeContract FK. (d) **SellerOutcomeSignalConfig isolation.** The §4.8.13 `SellerOutcomeSignalConfig` is indexed by `capability_id`, not by signal name. The validator asserts that a SellerOutcomeSignalConfig override on the seller-side for `first_pass_responses` (e.g., raising `min_retention_threshold_pct` from 50 to 75 per the §4.8.13 row 9162 default) does NOT bleed into `first_pass_rfp_draft` resolution. (e) **PostHog event-name distinctness.** The AIOperation Usage Event PostHog stream MUST emit `agent.first_pass_rfp_draft.invoked` for §21.4.1.E invocations and `agent.first_pass_responses.invoked` for §21.4.2 row 3 batch invocations — distinct event names per the Appendix G v7.2.0-REM Phase 4.3 + Phase 14.x registrations; the events MUST NOT be aliased to a shared name despite the shared OutcomeContract signal name. Property test fires 1,000 synthetic invocations of each capability and asserts the PostHog ingestion routing. Fail-closed on any sub-assertion violation.",".github/workflows/deploy-validator.yml, .github/workflows/test-strategy.yml, convex/deploy_validators, tests/integration",.github/workflows/deploy-validator.yml:missing; .github/workflows/test-strategy.yml:missing; convex/deploy_validators:missing; tests/integration:missing,"Runtime status is still spec_binding_pending_pack_m11_3; required artifact evidence not promoted. Checked: .github/workflows/deploy-validator.yml, .github/workflows/test-strategy.yml, convex/deploy_validators, tests/integration."
legal_entity_residency_change_revenue_leak_test,Sourcera_Master_Spec.md,67574,M.5.17 v7.2.0-REM Phase 5 catalog additions (P0 Residency & Legal-Entity Reconciliation — D-RES-004 Closure + Stripe Customer Atomic-Binding Protocol) {#m-5-17-v72rem-phase-5-additions},blocker,cross_feature_invariant,spec_binding_pending_pack_m24_3,m24_3,deploy_validator + runtime_test + synthetic_monitor,"Deploy-time validator at `convex/deploy_validators/legal_entity_residency_change_revenue_leak_test.ts` + runtime property test at `tests/integration/legal_entity_residency_change_revenue_leak_test.spec.ts` + Datadog synthetic monitor `legal_entity_residency_change_revenue_leak_monitor` evaluating every 5 minutes against the production Convex deployment. Asserts six sub-assertions covering the §34.10.5.A Stripe-Customer Atomic-Binding Protocol end-to-end: (a) **Canonical 4-value enforcement (write-time).** Convex schema validator rejects any AIOperation, AIWallet, AIWalletLedgerEntry, or MarketplaceDiscoveryRevenueRecord write with `legal_entity ∉ {sourcera_us_llc, sourcera_eu_gmbh, sourcera_apac_pte, sourcera_custom}`; the legacy value `sourcera_uk_ltd` MUST be rejected on new writes with HTTP 422 (or its Convex-validator equivalent). Synthetic test: 4 successful canonical writes + 1 rejected `sourcera_uk_ltd` write per entity type (= 20 synthetic writes total). (b) **Residency-change atomic transaction.** A synthetic Organization mutation transitioning `data_residency_region` from any canonical value to any other canonical value MUST execute the five-step transaction in §34.10.5.A invariant #3 in the specified order; any step failure rolls back the entire mutation; concurrent residency-change attempts on the same Org serialize via the row-level lock. Test fires 100 synthetic residency-change cycles with 10 concurrent-attempt scenarios; failure rate MUST be 0%. (c) **Stripe Customer 1:1 binding under unique index.** A second `Customer.create` attempt for the same `(org_id, legal_entity)` keyed Org-Customer pair MUST be rejected at the `Organization.stripe_customer_id_active` unique-index layer with HTTP 422 `stripe_customer_active_duplicate`. Synthetic test: 10 attempts to create a duplicate active Customer; all 10 MUST be rejected. (d) **Outcome Resolver legacy-legal-entity routing.** A synthetic AIOperation written with `legal_entity = sourcera_us_llc` settles against the pre-cutover Stripe Customer even after the Organization has rebinded to `sourcera_eu_gmbh` (per §34.10.5.A invariant #4 + AC #4). Test fires 50 synthetic AIOperations written pre-cutover and settled post-cutover; the resolver MUST route to `Organization.stripe_customer_id_historical[]` for the matching legal-entity entry. (e) **Historical `sourcera_uk_ltd` row read-fidelity.** A synthetic AIOperation row historically settled with `legal_entity = sourcera_uk_ltd` (seeded into the test database via the v7.0.0 pre-Phase-2V row simulator) MUST remain readable through Ops-Finance and Compliance projections; the Outcome Resolver MUST NOT mutate the row's `legal_entity` field; no new Stripe Customer assignment MUST be keyed off the legacy row. Test fires 25 synthetic legacy-row reads + 25 synthetic post-Phase-5 writes; legacy reads succeed, post-Phase-5 writes with `legal_entity = sourcera_uk_ltd` are rejected. (f) **`custom`-residency Org binding correctness.** A synthetic Organization with `data_residency_region = custom` + `custom_sovereign_residency_label = uk_crown_secure` MUST receive a Stripe Customer keyed on `(org_id, sourcera_custom)` with `metadata.custom_sovereign_residency_label = uk_crown_secure`; AC #14 (the deterministic mapping AC) MUST fire fail-open (the legitimate `custom` cohort is no longer blocked by the missing `custom → sourcera_custom` mapping row). Test fires 10 `custom`-residency Org-creation scenarios with 4 distinct `custom_sovereign_residency_label` values; all 10 MUST succeed with the correct Stripe Customer metadata. Fail-closed on any sub-assertion violation.",".github/workflows/billing-runtime.yml, tests/billing, convex/deploy_validators",.github/workflows/billing-runtime.yml:missing; tests/billing:missing; convex/deploy_validators:missing,"Runtime status is still spec_binding_pending_pack_m24_3; required artifact evidence not promoted. Checked: .github/workflows/billing-runtime.yml, tests/billing, convex/deploy_validators."
org_custom_residency_label_required,Sourcera_Master_Spec.md,67576,M.5.17 v7.2.0-REM Phase 5 catalog additions (P0 Residency & Legal-Entity Reconciliation — D-RES-004 Closure + Stripe Customer Atomic-Binding Protocol) {#m-5-17-v72rem-phase-5-additions},blocker,per_feature_gate,spec_binding_pending_pack_m11_3,m11_3,runtime_test,Runtime property test at `tests/integration/org_custom_residency_label_required.spec.ts`. Asserts that any Organization mutation setting `data_residency_region = custom` with `custom_sovereign_residency_label = null` is rejected at the §4.1.1 Organization-write layer with HTTP 422 `organization_custom_residency_label_required`. The test fires 20 synthetic Organization writes with `custom` residency + null label (all MUST be rejected) + 10 with `custom` + non-null label (all MUST succeed). Fail-closed on any sub-assertion violation.,".github/workflows/deploy-validator.yml, .github/workflows/test-strategy.yml, convex/deploy_validators, tests/integration",.github/workflows/deploy-validator.yml:missing; .github/workflows/test-strategy.yml:missing; convex/deploy_validators:missing; tests/integration:missing,"Runtime status is still spec_binding_pending_pack_m11_3; required artifact evidence not promoted. Checked: .github/workflows/deploy-validator.yml, .github/workflows/test-strategy.yml, convex/deploy_validators, tests/integration."
solo_trial_one_per_org_lifetime,Sourcera_Master_Spec.md,67661,M.5.21 v7.2.0-REM P1 Solo trial additions (D-14.1-002 / D-14.2-002 closure) {#m-5-21-v72rem-p1-solo-trial-additions},blocker,cross_feature_invariant,spec_binding_pending_pack_m02_3,m02_3,pr_lint + deploy_validator,"Every accepted Solo migration `TrialState` is unique by `(org_id, console, legal_entity, trial_kind)`; accepts only eligible existing v2-cohort Free Orgs; active Solo migration trials suppress per-evaluation and per-bid charges; day-91 auto-downgrade emits `billing.plan.downgraded`, `billing.solo_trial.ended`, and `org.solo_trial_ended` atomically; fails closed on duplicate acceptance, missing Appendix C/G/J/I registration, or a Solo-trial plan change lacking `trial_state_id`.",tools/spec-lint/gates/solo_trial_one_per_org_lifetime.ts,tools/spec-lint/gates/solo_trial_one_per_org_lifetime.ts:missing,Runtime status is still spec_binding_pending_pack_m02_3; required artifact evidence not promoted. Checked: tools/spec-lint/gates/solo_trial_one_per_org_lifetime.ts.
solo_upgrade_cta_threshold_3_events_30d_subscription_immediate_per_eval_bid,Sourcera_Master_Spec.md,67671,M.5.22 v7.2.0-REM P1 Solo throttling upgrade-CTA additions (D-14.1-003 / D-14.2-003 closure) {#m-5-22-v72rem-p1-solo-throttling-upgrade-cta-additions},blocker,cross_feature_invariant,spec_binding_pending_pack_m02_3,m02_3,pr_lint + deploy_validator,"Subscription-mode Buyer/Seller Solo emits `billing.solo_upgrade_cta.triggered` only after ≥ 3 `solo.envelope.throttling_engaged` events in a rolling 30-day window per `(org_id, console)`; Buyer Solo per-evaluation emits on the first `solo.envelope.exhausted` event in the charged evaluation; Seller Solo per-bid emits on the first `solo.envelope.exhausted` event in the charged bid; target plans resolve to `business_starter` / `seller_starter`; CTA placement excludes the §44.6.4 throttling toast; payload excludes envelope values, costs, raw content, buyer/seller identity leakage, and per-capability spend. Fails closed on missing Appendix C/G/J registration or stale `upgrade_completed.trigger` attribution.",tools/spec-lint/gates/solo_upgrade_cta_threshold_3_events_30d_subscription_immediate_per_eval_bid.ts,tools/spec-lint/gates/solo_upgrade_cta_threshold_3_events_30d_subscription_immediate_per_eval_bid.ts:missing,Runtime status is still spec_binding_pending_pack_m02_3; required artifact evidence not promoted. Checked: tools/spec-lint/gates/solo_upgrade_cta_threshold_3_events_30d_subscription_immediate_per_eval_bid.ts.
member_role_permission_completeness,Sourcera_Master_Spec.md,67735,M.5.28 v7.2.0-REM Phase 3.1 RBAC Residual P1 addition (D-3.1-003 / D-3.1-004 / D-3.1-005 / D-3.1-007 / D-3.1-014 closure) {#m-5-28-v72rem-phase-3-1-rbac-residual-p1-addition},blocker,rbac_contract_consistency,spec_binding_pending_pack_m11_3,m11_3,pr_lint + deploy_validator + endpoint_fixture,"§5.2.2 MUST enumerate every operation a bare `member` can perform; endpoint RBAC fixtures MUST prove a bare `member` can read only the Org / self / team projections listed there and cannot read billing, Workspace, Seller Console, Marketplace publisher, webhook, API token, or Ops surfaces unless another role grants that surface.",".github/workflows/deploy-validator.yml, .github/workflows/test-strategy.yml, convex/deploy_validators, tests/integration",.github/workflows/deploy-validator.yml:missing; .github/workflows/test-strategy.yml:missing; convex/deploy_validators:missing; tests/integration:missing,"Runtime status is still spec_binding_pending_pack_m11_3; required artifact evidence not promoted. Checked: .github/workflows/deploy-validator.yml, .github/workflows/test-strategy.yml, convex/deploy_validators, tests/integration."
org_admin_billing_read_consistency,Sourcera_Master_Spec.md,67736,M.5.28 v7.2.0-REM Phase 3.1 RBAC Residual P1 addition (D-3.1-003 / D-3.1-004 / D-3.1-005 / D-3.1-007 / D-3.1-014 closure) {#m-5-28-v72rem-phase-3-1-rbac-residual-p1-addition},blocker,rbac_contract_consistency,spec_binding_pending_pack_m11_3,m11_3,pr_lint + deploy_validator + endpoint_fixture,"§5.2 Org Admin wording, §5.2.1 operations, §4.8 billing entity RBAC, §32.8 endpoint RBAC, and §5.11 Billing & AI Accounting rows MUST agree: `org_admin` has read-only access to enumerated own-Org billing rows and no billing mutation authority unless also holding `billing_admin`.",".github/workflows/deploy-validator.yml, .github/workflows/test-strategy.yml, convex/deploy_validators, tests/integration",.github/workflows/deploy-validator.yml:missing; .github/workflows/test-strategy.yml:missing; convex/deploy_validators:missing; tests/integration:missing,"Runtime status is still spec_binding_pending_pack_m11_3; required artifact evidence not promoted. Checked: .github/workflows/deploy-validator.yml, .github/workflows/test-strategy.yml, convex/deploy_validators, tests/integration."
buyer_console_role_permission_completeness,Sourcera_Master_Spec.md,67737,M.5.28 v7.2.0-REM Phase 3.1 RBAC Residual P1 addition (D-3.1-003 / D-3.1-004 / D-3.1-005 / D-3.1-007 / D-3.1-014 closure) {#m-5-28-v72rem-phase-3-1-rbac-residual-p1-addition},blocker,rbac_contract_consistency,spec_binding_pending_pack_m11_3,m11_3,pr_lint + deploy_validator + endpoint_fixture,"§5.3.1 operation rows MUST cover the Buyer Console roles declared in §5.3 and Appendix J; endpoint RBAC predicates and §5.11 cells MUST agree for workspace lifecycle, team management, phase transitions, Use Case / Requirement CRUD, scoring, disqualification, comments, Selection Report, export, audit-log, and Defense View operations.",".github/workflows/deploy-validator.yml, .github/workflows/test-strategy.yml, convex/deploy_validators, tests/integration",.github/workflows/deploy-validator.yml:missing; .github/workflows/test-strategy.yml:missing; convex/deploy_validators:missing; tests/integration:missing,"Runtime status is still spec_binding_pending_pack_m11_3; required artifact evidence not promoted. Checked: .github/workflows/deploy-validator.yml, .github/workflows/test-strategy.yml, convex/deploy_validators, tests/integration."
seller_console_role_permission_completeness,Sourcera_Master_Spec.md,67738,M.5.28 v7.2.0-REM Phase 3.1 RBAC Residual P1 addition (D-3.1-003 / D-3.1-004 / D-3.1-005 / D-3.1-007 / D-3.1-014 closure) {#m-5-28-v72rem-phase-3-1-rbac-residual-p1-addition},blocker,rbac_contract_consistency,spec_binding_pending_pack_m11_3,m11_3,pr_lint + deploy_validator + endpoint_fixture,"§5.5.1 operation rows MUST cover all Appendix J `seller_workspace_role` values and agree with §5.11.2 overlays, §22 KB authority, §27 Marketplace / Seller Signal authority, §31.9 CRM Sync authority, §34.12.6 seller billing authority, and Seller Console endpoint RBAC predicates.",".github/workflows/deploy-validator.yml, .github/workflows/test-strategy.yml, convex/deploy_validators, tests/integration",.github/workflows/deploy-validator.yml:missing; .github/workflows/test-strategy.yml:missing; convex/deploy_validators:missing; tests/integration:missing,"Runtime status is still spec_binding_pending_pack_m11_3; required artifact evidence not promoted. Checked: .github/workflows/deploy-validator.yml, .github/workflows/test-strategy.yml, convex/deploy_validators, tests/integration."
seller_onboarding_reactivation_single_source,Sourcera_Master_Spec.md,67758,M.5.30 v7.2.0-REM Phase 5.7 Seller Onboarding Lifecycle P1 addition (D-5.7-002 / D-5.7-003 closure) {#m-5-30-v72rem-phase-5-7-seller-onboarding-lifecycle-p1-addition},blocker,catalog_consistency,spec_binding_pending_pack_m11_3,m11_3,pr_lint + deploy_validator,"§4.4.22 Computation Rules, §4.4.22 AC #9, §49.1.1 Workflow step 2, §49.1.1 failure mode 6, and §49.1.1 AC #7 MUST agree that a same-invite seller return after pre-activation abandonment re-enters the existing SellerOnboardingSession row, preserves the original `stage_1_arrival_at`, and transitions to `reactivated` on first requirement response. The gate fails closed on normative §49.1.1 text that claims a new row is created for same-invite reactivation, claims a unique-index carve-out on abandoned rows, or resets the activation-metric start timestamp.",".github/workflows/deploy-validator.yml, .github/workflows/test-strategy.yml, convex/deploy_validators, tests/integration",.github/workflows/deploy-validator.yml:missing; .github/workflows/test-strategy.yml:missing; convex/deploy_validators:missing; tests/integration:missing,"Runtime status is still spec_binding_pending_pack_m11_3; required artifact evidence not promoted. Checked: .github/workflows/deploy-validator.yml, .github/workflows/test-strategy.yml, convex/deploy_validators, tests/integration."
seller_onboarding_staleness_window_single_source,Sourcera_Master_Spec.md,67759,M.5.30 v7.2.0-REM Phase 5.7 Seller Onboarding Lifecycle P1 addition (D-5.7-002 / D-5.7-003 closure) {#m-5-30-v72rem-phase-5-7-seller-onboarding-lifecycle-p1-addition},blocker,numerical_singleton_invariant,spec_binding_pending_pack_m11_3,m11_3,pr_lint + deploy_validator,"§4.4.22 Computation Rules are the sole canonical home for SellerOnboardingSession lifecycle timing: pre-activation abandonment and post-activation churn. §49.1 may cite §4.4.22 or restate a trigger only when the sentence also names the §4.4.22 classifier; §40.2 may describe retention only and MUST NOT define lifecycle TTLs. The gate fails closed on orphaned retired two-week staleness-sweep language, any post-activation churn path that writes `abandoned`, or any retention-table row that becomes the source of a lifecycle classifier window.",".github/workflows/deploy-validator.yml, .github/workflows/test-strategy.yml, convex/deploy_validators, tests/integration",.github/workflows/deploy-validator.yml:missing; .github/workflows/test-strategy.yml:missing; convex/deploy_validators:missing; tests/integration:missing,"Runtime status is still spec_binding_pending_pack_m11_3; required artifact evidence not promoted. Checked: .github/workflows/deploy-validator.yml, .github/workflows/test-strategy.yml, convex/deploy_validators, tests/integration."
email_bounce_complaint_suppression_runtime,Sourcera_Master_Spec.md,67936,"M.5.45 v7.2.0-REM Phase 41 Email Domain P1 addition (D-41-001 through D-41-008, D-41-012, D-41-014 closure) {#m-5-45-v72rem-phase-41-email-domain-p1-addition}",blocker,runtime_property_test,spec_binding_pending_pack_m02_3,m02_3,runtime_test,A provider hard bounce or complaint MUST create/update SuppressionListEntry and block the next send to the same recipient hash before provider dispatch; event sequence must include `email_send_bounced` or `email_send_complained` before the suppression block.,tools/spec-lint/gates/email_bounce_complaint_suppression_runtime.ts,tools/spec-lint/gates/email_bounce_complaint_suppression_runtime.ts:missing,Runtime status is still spec_binding_pending_pack_m02_3; required artifact evidence not promoted. Checked: tools/spec-lint/gates/email_bounce_complaint_suppression_runtime.ts.
contest_window_db_trigger_present,Sourcera_Master_Spec.md,67953,M.5.46 v7.2.0-REM Phase CONS Pricing Core P1 addition (D-CONS-003 through D-CONS-013 closure) {#m-5-46-v72rem-phase-cons-pricing-core-p1-addition},blocker,data_integrity_invariant,spec_binding_pending_pack_m11_3,m11_3,deploy_validator + runtime_test,Direct `ContestRecord` writes outside §32.8 contest APIs MUST be rejected by the database trigger `contest_record_window_guard`; test fixtures MUST prove the same 14-day window and provenance-hash predicates are enforced at API and direct-write layers.,".github/workflows/deploy-validator.yml, .github/workflows/test-strategy.yml, convex/deploy_validators, tests/integration",.github/workflows/deploy-validator.yml:missing; .github/workflows/test-strategy.yml:missing; convex/deploy_validators:missing; tests/integration:missing,"Runtime status is still spec_binding_pending_pack_m11_3; required artifact evidence not promoted. Checked: .github/workflows/deploy-validator.yml, .github/workflows/test-strategy.yml, convex/deploy_validators, tests/integration."
free_allowance_plan_entitlement_partitioning,Sourcera_Master_Spec.md,67954,M.5.46 v7.2.0-REM Phase CONS Pricing Core P1 addition (D-CONS-003 through D-CONS-013 closure) {#m-5-46-v72rem-phase-cons-pricing-core-p1-addition},blocker,billing_counter_invariant,spec_binding_pending_pack_m11_3,m11_3,runtime_test,"`FreeAllowanceCounter` rows with `scope_hint=plan_entitlement_partitioned` MUST decrement `plan_entitlement_quota_consumed` without granting additive PLG free allowance, and plan-tier quota exhaustion MUST NOT mutate lifetime PLG counters for unrelated capabilities.",".github/workflows/deploy-validator.yml, .github/workflows/test-strategy.yml, convex/deploy_validators, tests/integration",.github/workflows/deploy-validator.yml:missing; .github/workflows/test-strategy.yml:missing; convex/deploy_validators:missing; tests/integration:missing,"Runtime status is still spec_binding_pending_pack_m11_3; required artifact evidence not promoted. Checked: .github/workflows/deploy-validator.yml, .github/workflows/test-strategy.yml, convex/deploy_validators, tests/integration."
wallet_auto_topup_period_cap_counter_completeness,Sourcera_Master_Spec.md,67957,M.5.46 v7.2.0-REM Phase CONS Pricing Core P1 addition (D-CONS-003 through D-CONS-013 closure) {#m-5-46-v72rem-phase-cons-pricing-core-p1-addition},blocker,billing_counter_invariant,spec_binding_pending_pack_m11_3,m11_3,runtime_test,"AIWallet auto-topup config and execution MUST enforce daily, weekly, and monthly caps from persisted max/consumed/window fields, reset stale windows before charge attempts, reject daily/weekly cap overruns with Appendix I errors, and emit cap-failure payloads through §31.8.4.",".github/workflows/deploy-validator.yml, .github/workflows/test-strategy.yml, convex/deploy_validators, tests/integration",.github/workflows/deploy-validator.yml:missing; .github/workflows/test-strategy.yml:missing; convex/deploy_validators:missing; tests/integration:missing,"Runtime status is still spec_binding_pending_pack_m11_3; required artifact evidence not promoted. Checked: .github/workflows/deploy-validator.yml, .github/workflows/test-strategy.yml, convex/deploy_validators, tests/integration."
pulse_digest_summary_firewall,Sourcera_Master_Spec.md,67974,"M.5.47 v7.2.0-REM Phase 4.11 Inbox and Pulse P1 continuation addition (D-4.11-006, D-4.11-008 through D-4.11-016 closure) {#m-5-47-v72rem-phase-4-11-inbox-and-pulse-p1-continuation-addition}",blocker,cross_console_firewall_invariant,spec_binding_pending_pack_m11_3,m11_3,runtime_test,"Generated Pulse Digest summaries MUST be blocked when post-generation validation detects seller, buyer, or Marketplace-domain names outside the recipient's §5.11 projection; fallback copy must still send.",".github/workflows/deploy-validator.yml, .github/workflows/test-strategy.yml, convex/deploy_validators, tests/integration",.github/workflows/deploy-validator.yml:missing; .github/workflows/test-strategy.yml:missing; convex/deploy_validators:missing; tests/integration:missing,"Runtime status is still spec_binding_pending_pack_m11_3; required artifact evidence not promoted. Checked: .github/workflows/deploy-validator.yml, .github/workflows/test-strategy.yml, convex/deploy_validators, tests/integration."
inbox_mutation_idempotency_contract,Sourcera_Master_Spec.md,67977,"M.5.47 v7.2.0-REM Phase 4.11 Inbox and Pulse P1 continuation addition (D-4.11-006, D-4.11-008 through D-4.11-016 closure) {#m-5-47-v72rem-phase-4-11-inbox-and-pulse-p1-continuation-addition}",blocker,api_idempotency_invariant,spec_binding_pending_pack_m11_3,m11_3,runtime_test,"Inbox read, dismiss, restore, and mark-all-read mutations MUST require `Idempotency-Key`, reject same-key / different-body replay, and never duplicate audit, PostHog, Unread Marker, or async-job writes.",".github/workflows/deploy-validator.yml, .github/workflows/test-strategy.yml, convex/deploy_validators, tests/integration",.github/workflows/deploy-validator.yml:missing; .github/workflows/test-strategy.yml:missing; convex/deploy_validators:missing; tests/integration:missing,"Runtime status is still spec_binding_pending_pack_m11_3; required artifact evidence not promoted. Checked: .github/workflows/deploy-validator.yml, .github/workflows/test-strategy.yml, convex/deploy_validators, tests/integration."
agent_feedback_no_model_training,Sourcera_Master_Spec.md,67991,M.5.48 v7.2.0-REM Phase 4.12 Agent Core P1 addition (D-4.12-001 / -013 / -018 / -019 / -025 / -029 / -035 closure) {#m-5-48-v72rem-phase-4-12-agent-core-p1-addition},blocker,privacy_invariant,spec_binding_pending_pack_m11_3,m11_3,deploy_validator + runtime_test,"`AgentFeedbackRecord.used_for_model_training` MUST be immutable false; helpful / not-helpful / hallucination feedback may tune per-Org thresholds only and MUST NOT train, fine-tune, recalibrate, or export to provider model-training systems.",".github/workflows/deploy-validator.yml, .github/workflows/test-strategy.yml, convex/deploy_validators, tests/integration",.github/workflows/deploy-validator.yml:missing; .github/workflows/test-strategy.yml:missing; convex/deploy_validators:missing; tests/integration:missing,"Runtime status is still spec_binding_pending_pack_m11_3; required artifact evidence not promoted. Checked: .github/workflows/deploy-validator.yml, .github/workflows/test-strategy.yml, convex/deploy_validators, tests/integration."
policy_ingestion_partial_resume_idempotency,Sourcera_Master_Spec.md,68008,M.5.49 v7.2.0-REM Phase 12 Policy Ingestion P1 addition (D-12-001 / -003 / -005 / -007 / -009 / -010 / -011 / -013 / -018 / -022 closure) {#m-5-49-v72rem-phase-12-policy-ingestion-p1-addition},blocker,api_idempotency_invariant,spec_binding_pending_pack_m11_3,m11_3,runtime_test,"Partial extraction MUST persist counters, estimated totals, resume locator, and resume-token hash; same-key replay MUST return the same job; different-key fork attempts MUST return `policy_extraction_partial_resume_required`; no duplicate controls or AIOperations may be written.",".github/workflows/deploy-validator.yml, .github/workflows/test-strategy.yml, convex/deploy_validators, tests/integration",.github/workflows/deploy-validator.yml:missing; .github/workflows/test-strategy.yml:missing; convex/deploy_validators:missing; tests/integration:missing,"Runtime status is still spec_binding_pending_pack_m11_3; required artifact evidence not promoted. Checked: .github/workflows/deploy-validator.yml, .github/workflows/test-strategy.yml, convex/deploy_validators, tests/integration."
policy_ingestion_parent_child_settlement,Sourcera_Master_Spec.md,68010,M.5.49 v7.2.0-REM Phase 12 Policy Ingestion P1 addition (D-12-001 / -003 / -005 / -007 / -009 / -010 / -011 / -013 / -018 / -022 closure) {#m-5-49-v72rem-phase-12-policy-ingestion-p1-addition},blocker,billing_invariant,spec_binding_pending_pack_m11_3,m11_3,runtime_test,"Within a PolicyIngestionJob, exactly one customer-chargeable `policy_parsing` parent AIOperation may settle; `policy_deduplication` and `policy_traceability_mapping` child operations MUST carry `parent_operation_id`, zero value/cost/effective charge, and no customer-visible standalone rate-card row.",".github/workflows/deploy-validator.yml, .github/workflows/test-strategy.yml, convex/deploy_validators, tests/integration",.github/workflows/deploy-validator.yml:missing; .github/workflows/test-strategy.yml:missing; convex/deploy_validators:missing; tests/integration:missing,"Runtime status is still spec_binding_pending_pack_m11_3; required artifact evidence not promoted. Checked: .github/workflows/deploy-validator.yml, .github/workflows/test-strategy.yml, convex/deploy_validators, tests/integration."
policy_ingestion_buyer_console_firewall,Sourcera_Master_Spec.md,68012,M.5.49 v7.2.0-REM Phase 12 Policy Ingestion P1 addition (D-12-001 / -003 / -005 / -007 / -009 / -010 / -011 / -013 / -018 / -022 closure) {#m-5-49-v72rem-phase-12-policy-ingestion-p1-addition},blocker,cross_console_firewall_invariant,spec_binding_pending_pack_m11_3,m11_3,runtime_test,"Seller-console, Marketplace, public, cross-Org, and cross-Workspace attempts against Policy Ingestion entities/endpoints MUST return HTTP 404 before existence disclosure; no Policy Ingestion webhook may create ConsoleBridgeEvent fan-out.",".github/workflows/deploy-validator.yml, .github/workflows/test-strategy.yml, convex/deploy_validators, tests/integration",.github/workflows/deploy-validator.yml:missing; .github/workflows/test-strategy.yml:missing; convex/deploy_validators:missing; tests/integration:missing,"Runtime status is still spec_binding_pending_pack_m11_3; required artifact evidence not promoted. Checked: .github/workflows/deploy-validator.yml, .github/workflows/test-strategy.yml, convex/deploy_validators, tests/integration."
workspace_template_idempotency_atomicity,Sourcera_Master_Spec.md,68027,M.5.50 v7.2.0-REM Phase 4.10 Template Library API/Event P1 addition (D-4.10-006 / -007 / -008 / -016 closure) {#m-5-50-v72rem-phase-4-10-template-library-api-event-p1-addition},blocker,api_idempotency_invariant,spec_binding_pending_pack_m11_3,m11_3,runtime_test,"Save as Template, Apply Update, Workspace from Template, metadata update, delete, and Suggest Improvement MUST require `Idempotency-Key`, dedupe same-key replay, reject same-key/different-body replay, and roll back partial multi-row writes without duplicate AuditEvent, webhook, PostHog, WorkspaceTemplate, WorkspaceTemplateVersion, Workspace, Use Case, or Requirement rows.",".github/workflows/deploy-validator.yml, .github/workflows/test-strategy.yml, convex/deploy_validators, tests/integration",.github/workflows/deploy-validator.yml:missing; .github/workflows/test-strategy.yml:missing; convex/deploy_validators:missing; tests/integration:missing,"Runtime status is still spec_binding_pending_pack_m11_3; required artifact evidence not promoted. Checked: .github/workflows/deploy-validator.yml, .github/workflows/test-strategy.yml, convex/deploy_validators, tests/integration."
scenario_modeling_aioperation_settlement,Sourcera_Master_Spec.md,68044,M.5.51 v7.2.0-REM Phase 4.5 Scenario Modeling P1 addition (D-4.5-002 / -003 / -004 / -005 / -006 / -007 / -009 / -011 / -015 closure) {#m-5-51-v72rem-phase-4-5-scenario-modeling-p1-addition},blocker,entitlement_billing_invariant,spec_binding_pending_pack_m11_3,m11_3,runtime_test,"Persisted recalculation and persisted sensitivity runs MUST create exactly one `scenario_modeling` AIOperation after validation and lock checks; CRUD, compare, export, and preview-only sensitivity MUST create zero customer-billed AIOperations.",".github/workflows/deploy-validator.yml, .github/workflows/test-strategy.yml, convex/deploy_validators, tests/integration",.github/workflows/deploy-validator.yml:missing; .github/workflows/test-strategy.yml:missing; convex/deploy_validators:missing; tests/integration:missing,"Runtime status is still spec_binding_pending_pack_m11_3; required artifact evidence not promoted. Checked: .github/workflows/deploy-validator.yml, .github/workflows/test-strategy.yml, convex/deploy_validators, tests/integration."
entitlement_matrix_non_ai_runtime_branching,Sourcera_Master_Spec.md,68060,M.5.52 v7.2.0-REM Phase EM Entitlement Matrix P1 addition (D-EM-005 / -006 / -007 / -009 / -010 / -011 / -013 / -014 / -018 closure) {#m-5-52-v72rem-phase-em-entitlement-matrix-p1-addition},blocker,cross_feature_invariant,spec_binding_pending_pack_m11_3,m11_3,runtime_test,"Rows with `enforcement_mode` beginning `n_a_` MUST branch to §5.11 / owning-feature logic and MUST NOT load CapabilityRegistryEntry, FreeAllowanceCounter, AIWallet, OutcomeContract, or write AIOperation rows.",".github/workflows/deploy-validator.yml, .github/workflows/test-strategy.yml, convex/deploy_validators, tests/integration",.github/workflows/deploy-validator.yml:missing; .github/workflows/test-strategy.yml:missing; convex/deploy_validators:missing; tests/integration:missing,"Runtime status is still spec_binding_pending_pack_m11_3; required artifact evidence not promoted. Checked: .github/workflows/deploy-validator.yml, .github/workflows/test-strategy.yml, convex/deploy_validators, tests/integration."
qa_suggestion_cross_console_firewall_boundary,Sourcera_Master_Spec.md,68090,M.5.54 v7.2.0-REM Phase 4.9 Q&A Residual P1 addition (D-4.9-010 / D-4.9-011 / D-4.9-014 closure) {#m-5-54-v72rem-phase-4-9-qa-residual-p1-addition},blocker,cross_console_firewall_invariant,spec_binding_pending_pack_m11_3,m11_3,runtime_test + pr_lint,`qa_suggestion_buyer` MUST NOT call §22.8 KB MCP tools or read Seller KB entries. `qa_suggestion_seller` may retrieve seller KB only through a scoped §22.8 vault JWT and seller-visible Q&A projection. Any buyer-to-seller-KB bridge projection requires a new Authored Extension and fails closed until registered.,".github/workflows/deploy-validator.yml, .github/workflows/test-strategy.yml, convex/deploy_validators, tests/integration",.github/workflows/deploy-validator.yml:missing; .github/workflows/test-strategy.yml:missing; convex/deploy_validators:missing; tests/integration:missing,"Runtime status is still spec_binding_pending_pack_m11_3; required artifact evidence not promoted. Checked: .github/workflows/deploy-validator.yml, .github/workflows/test-strategy.yml, convex/deploy_validators, tests/integration."
marketplace_match_score_snapshot_tuple_uniqueness,Sourcera_Master_Spec.md,68104,M.5.55 v7.2.0-REM Phase 6.2 Match Score Entity P1 addition (D-6.2-001 / D-6.2-006 closure) {#m-5-55-v72rem-phase-6-2-match-score-entity-p1-addition},blocker,runtime_property_test,spec_binding_pending_pack_m11_3,m11_3,runtime_test,"Match Score computation MUST materialize exactly one `MarketplaceMatchScoreSnapshot` per `(trigger_class, listing_or_eoi_or_workspace, seller_software_id, model_version_id)` tuple, with idempotent retries and no partial render before snapshot write.",".github/workflows/deploy-validator.yml, .github/workflows/test-strategy.yml, convex/deploy_validators, tests/integration",.github/workflows/deploy-validator.yml:missing; .github/workflows/test-strategy.yml:missing; convex/deploy_validators:missing; tests/integration:missing,"Runtime status is still spec_binding_pending_pack_m11_3; required artifact evidence not promoted. Checked: .github/workflows/deploy-validator.yml, .github/workflows/test-strategy.yml, convex/deploy_validators, tests/integration."
marketplace_proactive_offer_pre_acceptance_redaction,Sourcera_Master_Spec.md,68118,M.5.56 v7.2.0-REM Phase 6.2 MarketplaceProactiveOffer P1 addition (D-6.2-015 closure) {#m-5-56-v72rem-phase-6-2-marketplaceproactiveoffer-p1-addition},blocker,cross_console_firewall_invariant,spec_binding_pending_pack_m11_3,m11_3,runtime_test + pr_lint,"Seller-audience reads of `MarketplaceProactiveOffer` and DirectInviteTargetAccount before buyer acceptance MUST NOT serialize buyer Org, Workspace, user, domain, opaque token, or decline identity. Accepted targets may reveal identity only through the atomic §27.9.4 de-anonymization link.",".github/workflows/deploy-validator.yml, .github/workflows/test-strategy.yml, convex/deploy_validators, tests/integration",.github/workflows/deploy-validator.yml:missing; .github/workflows/test-strategy.yml:missing; convex/deploy_validators:missing; tests/integration:missing,"Runtime status is still spec_binding_pending_pack_m11_3; required artifact evidence not promoted. Checked: .github/workflows/deploy-validator.yml, .github/workflows/test-strategy.yml, convex/deploy_validators, tests/integration."
marketplace_proactive_offer_lifecycle_state_machine,Sourcera_Master_Spec.md,68119,M.5.56 v7.2.0-REM Phase 6.2 MarketplaceProactiveOffer P1 addition (D-6.2-015 closure) {#m-5-56-v72rem-phase-6-2-marketplaceproactiveoffer-p1-addition},blocker,state_machine_contract,spec_binding_pending_pack_m11_3,m11_3,runtime_test,"`MarketplaceProactiveOffer.offer_state` MUST use Appendix J `marketplace_proactive_offer_state`, follow the §4.5.13 From/To table, write AuditEvent on every transition, and reject terminal-state customer mutation with `marketplace_proactive_offer_invalid_state_transition`.",".github/workflows/deploy-validator.yml, .github/workflows/test-strategy.yml, convex/deploy_validators, tests/integration",.github/workflows/deploy-validator.yml:missing; .github/workflows/test-strategy.yml:missing; convex/deploy_validators:missing; tests/integration:missing,"Runtime status is still spec_binding_pending_pack_m11_3; required artifact evidence not promoted. Checked: .github/workflows/deploy-validator.yml, .github/workflows/test-strategy.yml, convex/deploy_validators, tests/integration."
mcp_session_token_record_entity_home,Sourcera_Master_Spec.md,68135,M.5.57 v7.2.0-REM Phase 5.2 KB / MCP P1 addition (D-5.2-001 / D-5.2-002 / D-5.2-003 / D-5.2-004 / D-5.2-005 / D-5.2-009 / D-5.2-017 / D-5.2-021 closure) {#m-5-57-v72rem-phase-5-2-kb-mcp-p1-addition},blocker,data_model_contract,spec_binding_pending_pack_m11_3,m11_3,pr_lint + runtime_test,"`MCPSessionTokenRecord` MUST have a single canonical §4.8.17 entity field table with indexes, scope isolation, retention/DSAR/residency, and acceptance criteria. §22.8.3.1 may describe runtime minting but MUST NOT reintroduce a second field-table authority.",".github/workflows/deploy-validator.yml, .github/workflows/test-strategy.yml, convex/deploy_validators, tests/integration",.github/workflows/deploy-validator.yml:missing; .github/workflows/test-strategy.yml:missing; convex/deploy_validators:missing; tests/integration:missing,"Runtime status is still spec_binding_pending_pack_m11_3; required artifact evidence not promoted. Checked: .github/workflows/deploy-validator.yml, .github/workflows/test-strategy.yml, convex/deploy_validators, tests/integration."
kb_mcp_webhook_alert_catalog_completeness,Sourcera_Master_Spec.md,68136,M.5.57 v7.2.0-REM Phase 5.2 KB / MCP P1 addition (D-5.2-001 / D-5.2-002 / D-5.2-003 / D-5.2-004 / D-5.2-005 / D-5.2-009 / D-5.2-017 / D-5.2-021 closure) {#m-5-57-v72rem-phase-5-2-kb-mcp-p1-addition},blocker,notification_catalog_consistency,spec_binding_pending_pack_m11_3,m11_3,pr_lint + runtime_test,"Every KB/MCP lifecycle, auth, vectorization, namespace-migration, and firewall event referenced by §22.4 / §22.8 / §22.15 MUST have Appendix C and Appendix G rows; `kb.firewall.violation_attempt` MUST map to AuditEvent action `mcp_kb_firewall_violation` and §42.3.1 severity routing.",".github/workflows/deploy-validator.yml, .github/workflows/test-strategy.yml, convex/deploy_validators, tests/integration",.github/workflows/deploy-validator.yml:missing; .github/workflows/test-strategy.yml:missing; convex/deploy_validators:missing; tests/integration:missing,"Runtime status is still spec_binding_pending_pack_m11_3; required artifact evidence not promoted. Checked: .github/workflows/deploy-validator.yml, .github/workflows/test-strategy.yml, convex/deploy_validators, tests/integration."
seller_software_transfer_request_entity_home,Sourcera_Master_Spec.md,68152,M.5.58 v7.2.0-REM Phase 5.6 Seller Profiles / Public Pages P1 addition (D-5.6-001 / -002 / -003 / -004 / -005 / -006 / -007 / -008 / -009 / -010 / -019 / -020 / -021 closure) {#m-5-58-v72rem-phase-5-6-seller-public-pages-p1-addition},blocker,data_model_contract,spec_binding_pending_pack_m11_3,m11_3,pr_lint + runtime_test,"SellerSoftware transfer workflows MUST resolve to §4.4.38 with field table, indexes, scope isolation, retention/DSAR/residency, state machine, silent-consent safeguards, `former_org_ids` append-only mutation, and rollback-on-partial-transfer semantics.",".github/workflows/deploy-validator.yml, .github/workflows/test-strategy.yml, convex/deploy_validators, tests/integration",.github/workflows/deploy-validator.yml:missing; .github/workflows/test-strategy.yml:missing; convex/deploy_validators:missing; tests/integration:missing,"Runtime status is still spec_binding_pending_pack_m11_3; required artifact evidence not promoted. Checked: .github/workflows/deploy-validator.yml, .github/workflows/test-strategy.yml, convex/deploy_validators, tests/integration."
responsive_conformance_suite,Sourcera_Master_Spec.md,68172,M.5.59 v7.2.0-REM Phase 38 Responsive / Mobile P1 addition (D-38-001 / -002 / -003 / -004 / -005 / -006 / -009 / -020 closure) {#m-5-59-v72rem-phase-38-responsive-mobile-p1-addition},blocker,responsive_ui_conformance,spec_binding_pending_pack_m21_3,m21_3,ui_e2e + visual_regression,"Every top-level route MUST render without forbidden overflow, forbidden component leakage, or touch-target violations across §38.6.1 tiers plus §37.1 reflow fixtures; artifacts publish to §50.14.13.",".github/workflows/marketplace-runtime.yml, convex/deploy_validators, tests/marketplace, tests/analytics",.github/workflows/marketplace-runtime.yml:missing; convex/deploy_validators:missing; tests/marketplace:missing; tests/analytics:missing,"Runtime status is still spec_binding_pending_pack_m21_3; required artifact evidence not promoted. Checked: .github/workflows/marketplace-runtime.yml, convex/deploy_validators, tests/marketplace, tests/analytics."
tap_count_probe,Sourcera_Master_Spec.md,68173,M.5.59 v7.2.0-REM Phase 38 Responsive / Mobile P1 addition (D-38-001 / -002 / -003 / -004 / -005 / -006 / -009 / -020 closure) {#m-5-59-v72rem-phase-38-responsive-mobile-p1-addition},blocker,mobile_workflow_efficiency,spec_binding_pending_pack_m21_3,m21_3,ui_e2e + nightly_full_sweep,"Every §38.8.4 top-20 and destructive-exception mobile workflow MUST satisfy its tap ceiling on qualifying PRs, nightly full sweep, and release gate.",".github/workflows/marketplace-runtime.yml, convex/deploy_validators, tests/marketplace, tests/analytics",.github/workflows/marketplace-runtime.yml:missing; convex/deploy_validators:missing; tests/marketplace:missing; tests/analytics:missing,"Runtime status is still spec_binding_pending_pack_m21_3; required artifact evidence not promoted. Checked: .github/workflows/marketplace-runtime.yml, convex/deploy_validators, tests/marketplace, tests/analytics."
cross_console_shared_ui_preference_firewall,Sourcera_Master_Spec.md,68180,M.5.59 v7.2.0-REM Phase 38 Responsive / Mobile P1 addition (D-38-001 / -002 / -003 / -004 / -005 / -006 / -009 / -020 closure) {#m-5-59-v72rem-phase-38-responsive-mobile-p1-addition},blocker,cross_console_firewall_invariant,spec_binding_pending_pack_m11_3,m11_3,runtime_test,"UserUIPreference serializers MUST return only active-console `last_observed_breakpoint_tier_by_console_json` values and MUST NOT leak contralateral console activity through customer clients, Console Bridge, public APIs, or PostHog customer projects.",".github/workflows/deploy-validator.yml, .github/workflows/test-strategy.yml, convex/deploy_validators, tests/integration",.github/workflows/deploy-validator.yml:missing; .github/workflows/test-strategy.yml:missing; convex/deploy_validators:missing; tests/integration:missing,"Runtime status is still spec_binding_pending_pack_m11_3; required artifact evidence not promoted. Checked: .github/workflows/deploy-validator.yml, .github/workflows/test-strategy.yml, convex/deploy_validators, tests/integration."
core_web_vitals_in_app_lighthouse_ci,Sourcera_Master_Spec.md,68193,M.5.60 v7.2.0-REM Phase 44 Performance / Solo P1 addition (D-44-001 / -003 / -005 / -006 / -008 closure) {#m-5-60-v72rem-phase-44-performance-solo-p1-addition},blocker,synthetic_monitor,spec_binding_pending_pack_m21_3,m21_3,lighthouse_ci + synthetic_monitor,"Buyer Console, Seller Console, authenticated Marketplace, and Ops Console MUST satisfy the §44.1 in-app Core Web Vitals rows on desktop and mobile fixtures; failures block release unless an incident-window exclusion is recorded per §42.6.",".github/workflows/marketplace-runtime.yml, convex/deploy_validators, tests/marketplace, tests/analytics",.github/workflows/marketplace-runtime.yml:missing; convex/deploy_validators:missing; tests/marketplace:missing; tests/analytics:missing,"Runtime status is still spec_binding_pending_pack_m21_3; required artifact evidence not promoted. Checked: .github/workflows/marketplace-runtime.yml, convex/deploy_validators, tests/marketplace, tests/analytics."
api_latency_p95_regression,Sourcera_Master_Spec.md,68194,M.5.60 v7.2.0-REM Phase 44 Performance / Solo P1 addition (D-44-001 / -003 / -005 / -006 / -008 closure) {#m-5-60-v72rem-phase-44-performance-solo-p1-addition},blocker,runtime_property_test,spec_binding_pending_pack_m11_3,m11_3,runtime_test + deploy_validator,Non-Agent API p95 / p99 latency budgets from §44.1 and §44.5 MUST be asserted against production canary telemetry and load-test fixtures.,".github/workflows/deploy-validator.yml, .github/workflows/test-strategy.yml, convex/deploy_validators, tests/integration",.github/workflows/deploy-validator.yml:missing; .github/workflows/test-strategy.yml:missing; convex/deploy_validators:missing; tests/integration:missing,"Runtime status is still spec_binding_pending_pack_m11_3; required artifact evidence not promoted. Checked: .github/workflows/deploy-validator.yml, .github/workflows/test-strategy.yml, convex/deploy_validators, tests/integration."
convex_reactivity_slo_regression,Sourcera_Master_Spec.md,68195,M.5.60 v7.2.0-REM Phase 44 Performance / Solo P1 addition (D-44-001 / -003 / -005 / -006 / -008 closure) {#m-5-60-v72rem-phase-44-performance-solo-p1-addition},blocker,runtime_property_test,spec_binding_pending_pack_m11_3,m11_3,runtime_test,Collaborative-scoring and general Convex reactive-query commit-to-render SLOs MUST satisfy §44.1 / §7.5.3 row bindings without WebSocket-delta-only measurement drift.,".github/workflows/deploy-validator.yml, .github/workflows/test-strategy.yml, convex/deploy_validators, tests/integration",.github/workflows/deploy-validator.yml:missing; .github/workflows/test-strategy.yml:missing; convex/deploy_validators:missing; tests/integration:missing,"Runtime status is still spec_binding_pending_pack_m11_3; required artifact evidence not promoted. Checked: .github/workflows/deploy-validator.yml, .github/workflows/test-strategy.yml, convex/deploy_validators, tests/integration."
agent_budget_breach,Sourcera_Master_Spec.md,68196,M.5.60 v7.2.0-REM Phase 44 Performance / Solo P1 addition (D-44-001 / -003 / -005 / -006 / -008 closure) {#m-5-60-v72rem-phase-44-performance-solo-p1-addition},blocker,runtime_property_test,spec_binding_pending_pack_m11_3,m11_3,runtime_test + eval_harness,"Agent direct-invocation hard timeouts, retry budgets, and capability-specific §44.1 / §22.10 budgets MUST fail closed on timeout / retry drift and surface graceful degradation.",".github/workflows/deploy-validator.yml, .github/workflows/test-strategy.yml, convex/deploy_validators, tests/integration",.github/workflows/deploy-validator.yml:missing; .github/workflows/test-strategy.yml:missing; convex/deploy_validators:missing; tests/integration:missing,"Runtime status is still spec_binding_pending_pack_m11_3; required artifact evidence not promoted. Checked: .github/workflows/deploy-validator.yml, .github/workflows/test-strategy.yml, convex/deploy_validators, tests/integration."
load_test_sla_breach,Sourcera_Master_Spec.md,68197,M.5.60 v7.2.0-REM Phase 44 Performance / Solo P1 addition (D-44-001 / -003 / -005 / -006 / -008 closure) {#m-5-60-v72rem-phase-44-performance-solo-p1-addition},blocker,synthetic_monitor,spec_binding_pending_pack_m21_3,m21_3,monthly_load + quarterly_spike + endurance,"§44.4 monthly, quarterly spike, and endurance load tests MUST publish artifacts and block release when the relevant §44.1 / §44.5 budgets breach outside an approved §42.6 incident window.",".github/workflows/marketplace-runtime.yml, convex/deploy_validators, tests/marketplace, tests/analytics",.github/workflows/marketplace-runtime.yml:missing; convex/deploy_validators:missing; tests/marketplace:missing; tests/analytics:missing,"Runtime status is still spec_binding_pending_pack_m21_3; required artifact evidence not promoted. Checked: .github/workflows/marketplace-runtime.yml, convex/deploy_validators, tests/marketplace, tests/analytics."
bundle_size_budget_in_app,Sourcera_Master_Spec.md,68198,M.5.60 v7.2.0-REM Phase 44 Performance / Solo P1 addition (D-44-001 / -003 / -005 / -006 / -008 closure) {#m-5-60-v72rem-phase-44-performance-solo-p1-addition},blocker,spec_tree_lint,spec_binding_pending_pack_m21_3,m21_3,build_check + pr_lint,Authenticated route bundles MUST stay within the §44.1 mobile initial-JS and in-app Core Web Vitals budgets; deferred panels must be code-split and excluded only when they are not part of first interaction.,".github/workflows/marketplace-runtime.yml, convex/deploy_validators, tests/marketplace, tests/analytics",.github/workflows/marketplace-runtime.yml:missing; convex/deploy_validators:missing; tests/marketplace:missing; tests/analytics:missing,"Runtime status is still spec_binding_pending_pack_m21_3; required artifact evidence not promoted. Checked: .github/workflows/marketplace-runtime.yml, convex/deploy_validators, tests/marketplace, tests/analytics."
solo_absorption_cap_enforced,Sourcera_Master_Spec.md,68201,M.5.60 v7.2.0-REM Phase 44 Performance / Solo P1 addition (D-44-001 / -003 / -005 / -006 / -008 closure) {#m-5-60-v72rem-phase-44-performance-solo-p1-addition},blocker,cross_feature_invariant,spec_binding_pending_pack_m11_3,m11_3,runtime_test + deploy_validator,"When `SoloEnvelopeCounter.current_period_consumed_value_dollars` reaches `absorption_cap_value_dollars`, new non-critical Solo AIOperation invocations MUST fail closed or return the standard degraded AI result; `never_throttle` carve-outs are limited to §44.6.3.A.",".github/workflows/deploy-validator.yml, .github/workflows/test-strategy.yml, convex/deploy_validators, tests/integration",.github/workflows/deploy-validator.yml:missing; .github/workflows/test-strategy.yml:missing; convex/deploy_validators:missing; tests/integration:missing,"Runtime status is still spec_binding_pending_pack_m11_3; required artifact evidence not promoted. Checked: .github/workflows/deploy-validator.yml, .github/workflows/test-strategy.yml, convex/deploy_validators, tests/integration."
solo_absorption_cap_counter_state_contract,Sourcera_Master_Spec.md,68203,M.5.60 v7.2.0-REM Phase 44 Performance / Solo P1 addition (D-44-001 / -003 / -005 / -006 / -008 closure) {#m-5-60-v72rem-phase-44-performance-solo-p1-addition},blocker,state_machine_contract,spec_binding_pending_pack_m11_3,m11_3,runtime_test,"§4.8.14 `SoloEnvelopeCounter` MUST include `absorption_cap_value_dollars`, `absorption_cap_reached_at`, and `throttling_state='absorption_cap_reached'`; rollover / upgrade / per-eval / per-bid renewal must reset or replace the cap state before accepting new Solo work.",".github/workflows/deploy-validator.yml, .github/workflows/test-strategy.yml, convex/deploy_validators, tests/integration",.github/workflows/deploy-validator.yml:missing; .github/workflows/test-strategy.yml:missing; convex/deploy_validators:missing; tests/integration:missing,"Runtime status is still spec_binding_pending_pack_m11_3; required artifact evidence not promoted. Checked: .github/workflows/deploy-validator.yml, .github/workflows/test-strategy.yml, convex/deploy_validators, tests/integration."
bid_workspace_deal_size_band_firewall,Sourcera_Master_Spec.md,68219,M.5.61 v7.2.0-REM Phase DEC Decision-Divergence P1 addition (D-DEC-001 / -002 / -004 / -005 / -007 / -008 closure) {#m-5-61-v72rem-phase-dec-decision-divergence-p1-addition},blocker,cross_console_firewall_invariant,spec_binding_pending_pack_m11_3,m11_3,runtime_test + pr_lint,"Seller-side Bid Workspace materialization may carry only Appendix J `bid_workspace_deal_size_band`; raw buyer deal value, budget, TCO, and cost-model fields MUST be absent from seller projections and Console Bridge payloads.",".github/workflows/deploy-validator.yml, .github/workflows/test-strategy.yml, convex/deploy_validators, tests/integration",.github/workflows/deploy-validator.yml:missing; .github/workflows/test-strategy.yml:missing; convex/deploy_validators:missing; tests/integration:missing,"Runtime status is still spec_binding_pending_pack_m11_3; required artifact evidence not promoted. Checked: .github/workflows/deploy-validator.yml, .github/workflows/test-strategy.yml, convex/deploy_validators, tests/integration."
first_pass_high_stakes_band_only,Sourcera_Master_Spec.md,68220,M.5.61 v7.2.0-REM Phase DEC Decision-Divergence P1 addition (D-DEC-001 / -002 / -004 / -005 / -007 / -008 closure) {#m-5-61-v72rem-phase-dec-decision-divergence-p1-addition},blocker,cross_feature_invariant,spec_binding_pending_pack_m11_3,m11_3,runtime_test,"`first_pass_high_stakes` classification MUST use `deal_size_band ∈ {enterprise, strategic}`, seller opt-in, or compliance-critical tags and MUST NOT read buyer-side raw estimated value.",".github/workflows/deploy-validator.yml, .github/workflows/test-strategy.yml, convex/deploy_validators, tests/integration",.github/workflows/deploy-validator.yml:missing; .github/workflows/test-strategy.yml:missing; convex/deploy_validators:missing; tests/integration:missing,"Runtime status is still spec_binding_pending_pack_m11_3; required artifact evidence not promoted. Checked: .github/workflows/deploy-validator.yml, .github/workflows/test-strategy.yml, convex/deploy_validators, tests/integration."
pro_trial_no_refund_after_vendor_notification,Sourcera_Master_Spec.md,68221,M.5.61 v7.2.0-REM Phase DEC Decision-Divergence P1 addition (D-DEC-001 / -002 / -004 / -005 / -007 / -008 closure) {#m-5-61-v72rem-phase-dec-decision-divergence-p1-addition},blocker,state_machine_contract,spec_binding_pending_pack_m11_3,m11_3,runtime_test,"`expired_unaccepted`, post-dispatch `buyer_revoked`, and post-notification fraud terminal paths MUST leave `pool_refund_applied=false`; only pre-notification refund-eligible transitions may restore buyer pool capacity.",".github/workflows/deploy-validator.yml, .github/workflows/test-strategy.yml, convex/deploy_validators, tests/integration",.github/workflows/deploy-validator.yml:missing; .github/workflows/test-strategy.yml:missing; convex/deploy_validators:missing; tests/integration:missing,"Runtime status is still spec_binding_pending_pack_m11_3; required artifact evidence not promoted. Checked: .github/workflows/deploy-validator.yml, .github/workflows/test-strategy.yml, convex/deploy_validators, tests/integration."
wallet_autotopup_ops_override_bounds,Sourcera_Master_Spec.md,68222,M.5.61 v7.2.0-REM Phase DEC Decision-Divergence P1 addition (D-DEC-001 / -002 / -004 / -005 / -007 / -008 closure) {#m-5-61-v72rem-phase-dec-decision-divergence-p1-addition},blocker,entitlement_billing_invariant,spec_binding_pending_pack_m11_3,m11_3,runtime_test + deploy_validator,"Customer auto-topup writes MUST bind to the self-serve §4.8.3 ceiling; Enterprise Ops override writes through §4.8.3.B / §50.23 may exceed it only up to the absolute maximum with approval, reason, audit, webhook, and customer notification.",".github/workflows/deploy-validator.yml, .github/workflows/test-strategy.yml, convex/deploy_validators, tests/integration",.github/workflows/deploy-validator.yml:missing; .github/workflows/test-strategy.yml:missing; convex/deploy_validators:missing; tests/integration:missing,"Runtime status is still spec_binding_pending_pack_m11_3; required artifact evidence not promoted. Checked: .github/workflows/deploy-validator.yml, .github/workflows/test-strategy.yml, convex/deploy_validators, tests/integration."
wallet_free_free_additive_pool,Sourcera_Master_Spec.md,68224,M.5.61 v7.2.0-REM Phase DEC Decision-Divergence P1 addition (D-DEC-001 / -002 / -004 / -005 / -007 / -008 closure) {#m-5-61-v72rem-phase-dec-decision-divergence-p1-addition},blocker,entitlement_billing_invariant,spec_binding_pending_pack_m11_3,m11_3,runtime_test + deploy_validator,Buyer Free + Seller Free MUST materialize one Org-scoped AIWallet with $10 included-budget value and no per-console wallet partition; downgrade from paid+Free to Free+Free MUST recalculate to $10 at billing rollover.,".github/workflows/deploy-validator.yml, .github/workflows/test-strategy.yml, convex/deploy_validators, tests/integration",.github/workflows/deploy-validator.yml:missing; .github/workflows/test-strategy.yml:missing; convex/deploy_validators:missing; tests/integration:missing,"Runtime status is still spec_binding_pending_pack_m11_3; required artifact evidence not promoted. Checked: .github/workflows/deploy-validator.yml, .github/workflows/test-strategy.yml, convex/deploy_validators, tests/integration."
wallet_free_paid_additive_pool_solo_exception,Sourcera_Master_Spec.md,68225,M.5.61 v7.2.0-REM Phase DEC Decision-Divergence P1 addition (D-DEC-001 / -002 / -004 / -005 / -007 / -008 closure) {#m-5-61-v72rem-phase-dec-decision-divergence-p1-addition},blocker,entitlement_billing_invariant,spec_binding_pending_pack_m11_3,m11_3,runtime_test + deploy_validator,Free+customer-visible-paid combinations MUST add the Free budget to the paid AIWallet pool while Solo+Free and Solo+Paid MUST continue excluding Solo's engine-side envelope and must not render a customer-visible Solo wallet balance.,".github/workflows/deploy-validator.yml, .github/workflows/test-strategy.yml, convex/deploy_validators, tests/integration",.github/workflows/deploy-validator.yml:missing; .github/workflows/test-strategy.yml:missing; convex/deploy_validators:missing; tests/integration:missing,"Runtime status is still spec_binding_pending_pack_m11_3; required artifact evidence not promoted. Checked: .github/workflows/deploy-validator.yml, .github/workflows/test-strategy.yml, convex/deploy_validators, tests/integration."
seller_solo_onboarding_consumption_invisibility,Sourcera_Master_Spec.md,68237,M.5.62 v7.2.0-REM Phase 5.7 Seller Onboarding Residual P1 addition (D-5.7-006 / -008 / -009 / -011 / -015 / -016 / -024 closure) {#m-5-62-v72rem-phase-5-7-seller-onboarding-residual-p1-addition},blocker,tier_visibility_integrity,spec_binding_pending_pack_m11_3,m11_3,runtime_test + pr_lint,"§49.1.5 / §49.1.6 / §49.1.7 Seller Solo surfaces MUST hide AIWallet, value-dollar, rate-card, wallet-exhaustion, and envelope-pressure UI while preserving engine-side AIOperation writes per §44.6.",".github/workflows/deploy-validator.yml, .github/workflows/test-strategy.yml, convex/deploy_validators, tests/integration",.github/workflows/deploy-validator.yml:missing; .github/workflows/test-strategy.yml:missing; convex/deploy_validators:missing; tests/integration:missing,"Runtime status is still spec_binding_pending_pack_m11_3; required artifact evidence not promoted. Checked: .github/workflows/deploy-validator.yml, .github/workflows/test-strategy.yml, convex/deploy_validators, tests/integration."
seller_solo_per_bid_charge_stage_binding,Sourcera_Master_Spec.md,68238,M.5.62 v7.2.0-REM Phase 5.7 Seller Onboarding Residual P1 addition (D-5.7-006 / -008 / -009 / -011 / -015 / -016 / -024 closure) {#m-5-62-v72rem-phase-5-7-seller-onboarding-residual-p1-addition},blocker,entitlement_billing_invariant,spec_binding_pending_pack_m11_3,m11_3,runtime_test,Seller Solo per-bid charge capture MUST occur on Stage-5 Submit per §34.2.5 before buyer delivery; failed capture MUST keep the Bid Workspace in `solo_per_bid_charge_pending` and MUST NOT advance Stage 6.,".github/workflows/deploy-validator.yml, .github/workflows/test-strategy.yml, convex/deploy_validators, tests/integration",.github/workflows/deploy-validator.yml:missing; .github/workflows/test-strategy.yml:missing; convex/deploy_validators:missing; tests/integration:missing,"Runtime status is still spec_binding_pending_pack_m11_3; required artifact evidence not promoted. Checked: .github/workflows/deploy-validator.yml, .github/workflows/test-strategy.yml, convex/deploy_validators, tests/integration."
seller_onboarding_provider_outage_visible,Sourcera_Master_Spec.md,68242,M.5.62 v7.2.0-REM Phase 5.7 Seller Onboarding Residual P1 addition (D-5.7-006 / -008 / -009 / -011 / -015 / -016 / -024 closure) {#m-5-62-v72rem-phase-5-7-seller-onboarding-residual-p1-addition},blocker,observability_contract,spec_binding_pending_pack_m11_3,m11_3,runtime_test,"Convex, PostHog, and Loops.so outage simulations MUST produce §49.1.7.A failure behavior and §42 / §51 alerting without silent dashboard drift.",".github/workflows/deploy-validator.yml, .github/workflows/test-strategy.yml, convex/deploy_validators, tests/integration",.github/workflows/deploy-validator.yml:missing; .github/workflows/test-strategy.yml:missing; convex/deploy_validators:missing; tests/integration:missing,"Runtime status is still spec_binding_pending_pack_m11_3; required artifact evidence not promoted. Checked: .github/workflows/deploy-validator.yml, .github/workflows/test-strategy.yml, convex/deploy_validators, tests/integration."
seller_onboarding_stage3_abandonment_allowance_not_debited,Sourcera_Master_Spec.md,68243,M.5.62 v7.2.0-REM Phase 5.7 Seller Onboarding Residual P1 addition (D-5.7-006 / -008 / -009 / -011 / -015 / -016 / -024 closure) {#m-5-62-v72rem-phase-5-7-seller-onboarding-residual-p1-addition},blocker,entitlement_billing_invariant,spec_binding_pending_pack_m11_3,m11_3,runtime_test,Stage-3 `first_pass_responses` batches cancelled before the §34.10.4 allowance-debit predicate MUST preserve partial drafts and MUST NOT consume the lifetime-free allowance.,".github/workflows/deploy-validator.yml, .github/workflows/test-strategy.yml, convex/deploy_validators, tests/integration",.github/workflows/deploy-validator.yml:missing; .github/workflows/test-strategy.yml:missing; convex/deploy_validators:missing; tests/integration:missing,"Runtime status is still spec_binding_pending_pack_m11_3; required artifact evidence not promoted. Checked: .github/workflows/deploy-validator.yml, .github/workflows/test-strategy.yml, convex/deploy_validators, tests/integration."
audit_event_residency_partitioning_bound,Sourcera_Master_Spec.md,68262,M.5.63 v7.2.0-REM Phase 9.3 Residency P1 addition (D-RES-003 / -005 / -006 / -007 / -009 / -010 closure; D-RES-008 stale-status sync) {#m-5-63-v72rem-phase-9-3-residency-p1-addition},blocker,residency_integrity,spec_binding_pending_pack_m11_3,m11_3,runtime_test + pr_lint,"AuditEvent writes, exports, hash-chain partitions, and Ops reads MUST bind to the owning Org / Workspace / Bid Workspace residency and reject cross-region export/signing with `audit_export_residency_mismatch`.",".github/workflows/deploy-validator.yml, .github/workflows/test-strategy.yml, convex/deploy_validators, tests/integration",.github/workflows/deploy-validator.yml:missing; .github/workflows/test-strategy.yml:missing; convex/deploy_validators:missing; tests/integration:missing,"Runtime status is still spec_binding_pending_pack_m11_3; required artifact evidence not promoted. Checked: .github/workflows/deploy-validator.yml, .github/workflows/test-strategy.yml, convex/deploy_validators, tests/integration."
dsar_export_delivery_residency_bound,Sourcera_Master_Spec.md,68263,M.5.63 v7.2.0-REM Phase 9.3 Residency P1 addition (D-RES-003 / -005 / -006 / -007 / -009 / -010 closure; D-RES-008 stale-status sync) {#m-5-63-v72rem-phase-9-3-residency-p1-addition},blocker,privacy_residency_invariant,spec_binding_pending_pack_m11_3,m11_3,runtime_test + pr_lint,"DSAR export archives, manifests, download URLs, and re-issues MUST use `DSARRequest.data_residency_region`; residency migration must revoke and regenerate ready URLs in the authoritative region.",".github/workflows/deploy-validator.yml, .github/workflows/test-strategy.yml, convex/deploy_validators, tests/integration",.github/workflows/deploy-validator.yml:missing; .github/workflows/test-strategy.yml:missing; convex/deploy_validators:missing; tests/integration:missing,"Runtime status is still spec_binding_pending_pack_m11_3; required artifact evidence not promoted. Checked: .github/workflows/deploy-validator.yml, .github/workflows/test-strategy.yml, convex/deploy_validators, tests/integration."
observability_residency_routing_bound,Sourcera_Master_Spec.md,68264,M.5.63 v7.2.0-REM Phase 9.3 Residency P1 addition (D-RES-003 / -005 / -006 / -007 / -009 / -010 closure; D-RES-008 stale-status sync) {#m-5-63-v72rem-phase-9-3-residency-p1-addition},blocker,observability_contract,spec_binding_pending_pack_m11_3,m11_3,runtime_test + deploy_validator,"Datadog, Sentry, PostHog, Loops.so, and Zendesk routing tables MUST cover `us`, `eu`, `apac`, and `custom`, and MUST reject customer bodies/artifacts in global provider planes.",".github/workflows/deploy-validator.yml, .github/workflows/test-strategy.yml, convex/deploy_validators, tests/integration",.github/workflows/deploy-validator.yml:missing; .github/workflows/test-strategy.yml:missing; convex/deploy_validators:missing; tests/integration:missing,"Runtime status is still spec_binding_pending_pack_m11_3; required artifact evidence not promoted. Checked: .github/workflows/deploy-validator.yml, .github/workflows/test-strategy.yml, convex/deploy_validators, tests/integration."
appendix_g_legacy_alias_retirement_enforced,Sourcera_Master_Spec.md,68278,M.5.64 v7.2.0-REM Phase 9.1 Appendix G Residual P1 addition (D-9.1-007 / -008 / -016 / -019 closure; D-9.1-002 adjacent P2 closure) {#m-5-64-v72rem-phase-9-1-appendix-g-residual-p1-addition},blocker,deprecation_contract,spec_binding_pending_pack_m02_3,m02_3,pr_lint + runtime_test,"Legacy Hero Moment aliases marked ""REMOVED at v7.1.0"" MUST NOT be emitted or consumed by active dashboards; any runtime emission produces `usage_analytics_alias_retirement_overdue`.",tools/spec-lint/gates/appendix_g_legacy_alias_retirement_enforced.ts,tools/spec-lint/gates/appendix_g_legacy_alias_retirement_enforced.ts:missing,Runtime status is still spec_binding_pending_pack_m02_3; required artifact evidence not promoted. Checked: tools/spec-lint/gates/appendix_g_legacy_alias_retirement_enforced.ts.
protected_asset_archive_state_canonical,Sourcera_Master_Spec.md,68294,M.5.65 v7.2.0-REM Phase 34.19 Residual Plan Upgrade / Downgrade P1 addition (D-34.19-006 / -007 / -009 / -010 / -018 closure; D-V7-004 / D-V7-009 overlap) {#m-5-65-v72rem-phase-34-19-residual-plan-upgrade-downgrade-p1-addition},blocker,retention_privacy_invariant,spec_binding_pending_pack_m02_3,m02_3,deploy_validator + runtime_test,"Class-1 protected buckets MUST transition from `archive_pending` to `archived_class_1_protected`, carry `archive_retention_horizon_years` and `self_service_restore_until`, and MUST NOT enter standard `archived`.",tools/spec-lint/gates/protected_asset_archive_state_canonical.ts,tools/spec-lint/gates/protected_asset_archive_state_canonical.ts:missing,Runtime status is still spec_binding_pending_pack_m02_3; required artifact evidence not promoted. Checked: tools/spec-lint/gates/protected_asset_archive_state_canonical.ts.
protected_asset_purge_guard,Sourcera_Master_Spec.md,68295,M.5.65 v7.2.0-REM Phase 34.19 Residual Plan Upgrade / Downgrade P1 addition (D-34.19-006 / -007 / -009 / -010 / -018 closure; D-V7-004 / D-V7-009 overlap) {#m-5-65-v72rem-phase-34-19-residual-plan-upgrade-downgrade-p1-addition},blocker,privacy_safety_invariant,spec_binding_pending_pack_m02_3,m02_3,api_contract_test + deploy_validator,Customer-initiated hard-delete of a Class-1 protected bucketed asset MUST fail with Appendix I `protected_asset_purge_forbidden`; legal / DSAR purge may proceed only through §6.8 / §40.2 audited workflows.,tools/spec-lint/gates/protected_asset_purge_guard.ts,tools/spec-lint/gates/protected_asset_purge_guard.ts:missing,Runtime status is still spec_binding_pending_pack_m02_3; required artifact evidence not promoted. Checked: tools/spec-lint/gates/protected_asset_purge_guard.ts.
integration_export_payload_allowlist,Sourcera_Master_Spec.md,68322,M.5.67 v7.2.0-REM Phase 8.2 Integration Export API P1 addition (D-8.2-019 closure) {#m-5-67-v72rem-phase-8-2-integration-export-api-p1-addition},blocker,privacy_firewall_invariant,spec_binding_pending_pack_m11_3,m11_3,runtime_test + pr_lint,"Integration-export target payloads MUST exclude credential material, internal comments, internal scores and scoring rationale, draft Selection Report text, non-winning vendor data, Marketplace Match Score internals, provider response bodies, and raw provider error bodies.",".github/workflows/deploy-validator.yml, .github/workflows/test-strategy.yml, convex/deploy_validators, tests/integration",.github/workflows/deploy-validator.yml:missing; .github/workflows/test-strategy.yml:missing; convex/deploy_validators:missing; tests/integration:missing,"Runtime status is still spec_binding_pending_pack_m11_3; required artifact evidence not promoted. Checked: .github/workflows/deploy-validator.yml, .github/workflows/test-strategy.yml, convex/deploy_validators, tests/integration."
cmek_rotation_runtime_evidence,Sourcera_Master_Spec.md,68349,M.5.69 v7.1.1 Full-Scope Capability Remediation addition (2026-07-07) {#m-5-69-v711-full-scope-capability-remediation-addition},blocker,runtime_property_test,spec_binding_pending_pack_m11_3,m11_3,runtime_test + release_stamp,"CMEK validate, rotate, revoke, paused-decrypt, restored-decrypt, audit-event, and provider-outage paths MUST pass against real key-provider fixtures before Enterprise CMEK can be claimed.",".github/workflows/deploy-validator.yml, .github/workflows/test-strategy.yml, convex/deploy_validators, tests/integration",.github/workflows/deploy-validator.yml:missing; .github/workflows/test-strategy.yml:missing; convex/deploy_validators:missing; tests/integration:missing,"Runtime status is still spec_binding_pending_pack_m11_3; required artifact evidence not promoted. Checked: .github/workflows/deploy-validator.yml, .github/workflows/test-strategy.yml, convex/deploy_validators, tests/integration."
field_encryption_plaintext_egress_guard,Sourcera_Master_Spec.md,68350,M.5.69 v7.1.1 Full-Scope Capability Remediation addition (2026-07-07) {#m-5-69-v711-full-scope-capability-remediation-addition},blocker,privacy_security_invariant,spec_binding_pending_pack_m11_3,m11_3,runtime_test + deploy_validator,"Active FieldEncryptionPolicy fields MUST NOT egress plaintext to logs, PostHog, webhooks, emails, exports, or provider prompts except through explicitly authorized §6.8 / §40.4 paths.",".github/workflows/deploy-validator.yml, .github/workflows/test-strategy.yml, convex/deploy_validators, tests/integration",.github/workflows/deploy-validator.yml:missing; .github/workflows/test-strategy.yml:missing; convex/deploy_validators:missing; tests/integration:missing,"Runtime status is still spec_binding_pending_pack_m11_3; required artifact evidence not promoted. Checked: .github/workflows/deploy-validator.yml, .github/workflows/test-strategy.yml, convex/deploy_validators, tests/integration."
video_demo_transcript_pii_redaction,Sourcera_Master_Spec.md,68354,M.5.69 v7.1.1 Full-Scope Capability Remediation addition (2026-07-07) {#m-5-69-v711-full-scope-capability-remediation-addition},blocker,privacy_security_invariant,spec_binding_pending_pack_m21_3,m21_3,runtime_test + deploy_validator,"VideoDemoAsset playback and AI summary MUST remain blocked until scan, transcript generation, PII redaction, visibility, retention, and residency checks pass.",".github/workflows/marketplace-runtime.yml, convex/deploy_validators, tests/marketplace, tests/analytics",.github/workflows/marketplace-runtime.yml:missing; convex/deploy_validators:missing; tests/marketplace:missing; tests/analytics:missing,"Runtime status is still spec_binding_pending_pack_m21_3; required artifact evidence not promoted. Checked: .github/workflows/marketplace-runtime.yml, convex/deploy_validators, tests/marketplace, tests/analytics."
mobile_full_parity_closure,Sourcera_Master_Spec.md,68356,M.5.69 v7.1.1 Full-Scope Capability Remediation addition (2026-07-07) {#m-5-69-v711-full-scope-capability-remediation-addition},blocker,mobile_parity_consistency,spec_binding_pending_pack_m21_3,m21_3,runtime_test + release_stamp,"Every customer-facing §38.8.2 row MUST be `parity` or `supported`, or have a verified MobileParityClosureRecord naming an allowed §38.4 exception.",".github/workflows/marketplace-runtime.yml, convex/deploy_validators, tests/marketplace, tests/analytics",.github/workflows/marketplace-runtime.yml:missing; convex/deploy_validators:missing; tests/marketplace:missing; tests/analytics:missing,"Runtime status is still spec_binding_pending_pack_m21_3; required artifact evidence not promoted. Checked: .github/workflows/marketplace-runtime.yml, convex/deploy_validators, tests/marketplace, tests/analytics."
