id,blocker_kind,file,line,section,severity,source_phase,runtime_status,owning_pack,row_class_or_scope,execution_context,assertion,missing_evidence,evidence_artifact_status,evidence_posture,message
"solo_deadline_countdown_renders_in_user_timezone","runtime_evidence","Sourcera_Master_Spec.md","71765","M.5.4 Catalog index {#m-5-4-catalog-index}","blocker","14.4 (v7.1.1 D-V711-009 amendment)","spec_binding_pending_pack_m11_3","m11_3","Buyer Workspace Solo surface deadline-countdown render tests.","Buyer Workspace Solo surface deadline-countdown render tests.","When `Workspace.evaluation_owner_mode=solo`, the single deadline countdown MUST render the next phase-bound deadline in `User.timezone` with fallback to `Org.timezone`, locale formatting per §41, and the user's 24h-vs-12h preference.",".github/workflows/deploy-validator.yml, .github/workflows/test-strategy.yml, convex/deploy_validators, tests/integration",".github/workflows/deploy-validator.yml:missing; .github/workflows/test-strategy.yml:missing; convex/deploy_validators:missing; tests/integration:missing","required_product_runtime_evidence_missing","Runtime status is still spec_binding_pending_pack_m11_3; required artifact evidence not promoted. Checked: .github/workflows/deploy-validator.yml, .github/workflows/test-strategy.yml, convex/deploy_validators, tests/integration."
"solo_mode_team_to_solo_blocked_with_stakeholders","runtime_evidence","Sourcera_Master_Spec.md","71766","M.5.4 Catalog index {#m-5-4-catalog-index}","blocker","14.4","spec_binding_pending_pack_m11_3","m11_3","Workspace `evaluation_owner_mode` mutation handler.","Workspace `evaluation_owner_mode` mutation handler.","A `team → solo` transition request MUST be rejected with HTTP 422 and `evaluation_owner_mode_team_to_solo_blocked_stakeholders_present` (Appendix I — Phase 14.14) when the Workspace has any non-guest stakeholder member.",".github/workflows/deploy-validator.yml, .github/workflows/test-strategy.yml, convex/deploy_validators, tests/integration",".github/workflows/deploy-validator.yml:missing; .github/workflows/test-strategy.yml:missing; convex/deploy_validators:missing; tests/integration:missing","required_product_runtime_evidence_missing","Runtime status is still spec_binding_pending_pack_m11_3; required artifact evidence not promoted. Checked: .github/workflows/deploy-validator.yml, .github/workflows/test-strategy.yml, convex/deploy_validators, tests/integration."
"solo_mode_chip_ribbon_suppression_buyer","runtime_evidence","Sourcera_Master_Spec.md","71767","M.5.4 Catalog index {#m-5-4-catalog-index}","blocker","14.4","spec_binding_pending_pack_m11_3","m11_3","Buyer Workspace surface tests.","Buyer Workspace surface tests.","When `Workspace.evaluation_owner_mode=solo`, the §3.3.1 13-phase chip ribbon MUST NOT render; the §5.2.19 PipelineSurface 4-step bar MUST render; this MUST hold regardless of plan tier.",".github/workflows/deploy-validator.yml, .github/workflows/test-strategy.yml, convex/deploy_validators, tests/integration",".github/workflows/deploy-validator.yml:missing; .github/workflows/test-strategy.yml:missing; convex/deploy_validators:missing; tests/integration:missing","required_product_runtime_evidence_missing","Runtime status is still spec_binding_pending_pack_m11_3; required artifact evidence not promoted. Checked: .github/workflows/deploy-validator.yml, .github/workflows/test-strategy.yml, convex/deploy_validators, tests/integration."
"console_bridge_no_defense_view_event_kinds","runtime_evidence","Sourcera_Master_Spec.md","71769","M.5.4 Catalog index {#m-5-4-catalog-index}","blocker","14.5 [V11]","spec_binding_pending_pack_m11_3","m11_3","`Sourcera_Master_Spec.md` §4.7.1 Console Bridge Event `event_kind` enum (spec-side, PR-lint); Console Bridge Event apply-handler registry (runtime, deploy-validator); webhook subscription registry (runtime, deploy-validator). Sibling-scope harmonized with `console_bridge_no_dsar_event_kinds`, `console_bridge_no_group_event_kinds`, `console_bridge_no_dsar_v9_event_kinds` per D-11V-002 remediation.","`Sourcera_Master_Spec.md` §4.7.1 Console Bridge Event `event_kind` enum (spec-side, PR-lint); Console Bridge Event apply-handler registry (runtime, deploy-validator); webhook subscription registry (runtime, deploy-validator). Sibling-scope harmonized with `console_bridge_no_dsar_event_kinds`, `console_bridge_no_group_event_kinds`, `console_bridge_no_dsar_v9_event_kinds` per D-11V-002 remediation.","No Console Bridge Event `event_kind` value MAY name a Defense-View-Domain event (`defense_view.generated`, `defense_view.regenerated`, `defense_view.regenerated_due_to_source_change`). Webhook subscription registration with `defense_view.*` event kinds from a seller-console session MUST return HTTP 404. Spec-side §4.7.1 enum addition AND runtime registry addition both trigger.",".github/workflows/deploy-validator.yml, .github/workflows/test-strategy.yml, convex/deploy_validators, tests/integration",".github/workflows/deploy-validator.yml:missing; .github/workflows/test-strategy.yml:missing; convex/deploy_validators:missing; tests/integration:missing","required_product_runtime_evidence_missing","Runtime status is still spec_binding_pending_pack_m11_3; required artifact evidence not promoted. Checked: .github/workflows/deploy-validator.yml, .github/workflows/test-strategy.yml, convex/deploy_validators, tests/integration."
"webhook_payload_no_selection_record_body","runtime_evidence","Sourcera_Master_Spec.md","71770","M.5.4 Catalog index {#m-5-4-catalog-index}","blocker","14.5","spec_binding_pending_pack_m11_3","m11_3","Webhook delivery serializers for `defense_view.generated` / `defense_view.regenerated`.","Webhook delivery serializers for `defense_view.generated` / `defense_view.regenerated`.","Webhook payload MUST carry only metadata (`defense_view_id`, `workspace_id`, `selection_record_id`, `selection_record_hash`, `confidence_score`, `aioperation_id`, `generated_at`); MUST NOT carry `recommendation_text`, `top_reasons`, `material_risks`, `cfo_summary_md`, or any synthesized text content.",".github/workflows/deploy-validator.yml, .github/workflows/test-strategy.yml, convex/deploy_validators, tests/integration",".github/workflows/deploy-validator.yml:missing; .github/workflows/test-strategy.yml:missing; convex/deploy_validators:missing; tests/integration:missing","required_product_runtime_evidence_missing","Runtime status is still spec_binding_pending_pack_m11_3; required artifact evidence not promoted. Checked: .github/workflows/deploy-validator.yml, .github/workflows/test-strategy.yml, convex/deploy_validators, tests/integration."
"defense_view_regeneration_throttle_5min","runtime_evidence","Sourcera_Master_Spec.md","71772","M.5.4 Catalog index {#m-5-4-catalog-index}","blocker","14.5","spec_binding_pending_pack_m11_3","m11_3","Defense View regeneration handler.","Defense View regeneration handler.","A second `POST .../defense-view/regenerate` within 5 minutes of the prior regeneration MUST be rejected with HTTP 429 `regeneration_throttle`.",".github/workflows/deploy-validator.yml, .github/workflows/test-strategy.yml, convex/deploy_validators, tests/integration",".github/workflows/deploy-validator.yml:missing; .github/workflows/test-strategy.yml:missing; convex/deploy_validators:missing; tests/integration:missing","required_product_runtime_evidence_missing","Runtime status is still spec_binding_pending_pack_m11_3; required artifact evidence not promoted. Checked: .github/workflows/deploy-validator.yml, .github/workflows/test-strategy.yml, convex/deploy_validators, tests/integration."
"pipeline_surface_compression_seller_always_compressed","runtime_evidence","Sourcera_Master_Spec.md","71778","M.5.4 Catalog index {#m-5-4-catalog-index}","blocker","14.6","spec_binding_pending_pack_m11_3","m11_3","Seller-console rendering tests.","Seller-console rendering tests.","No Seller-console code path MAY render the 13-phase chip ribbon (§3.3.1) under any plan tier or state.",".github/workflows/deploy-validator.yml, .github/workflows/test-strategy.yml, convex/deploy_validators, tests/integration",".github/workflows/deploy-validator.yml:missing; .github/workflows/test-strategy.yml:missing; convex/deploy_validators:missing; tests/integration:missing","required_product_runtime_evidence_missing","Runtime status is still spec_binding_pending_pack_m11_3; required artifact evidence not promoted. Checked: .github/workflows/deploy-validator.yml, .github/workflows/test-strategy.yml, convex/deploy_validators, tests/integration."
"pipeline_surface_compression_soft_gate_solo_only","runtime_evidence","Sourcera_Master_Spec.md","71779","M.5.4 Catalog index {#m-5-4-catalog-index}","blocker","14.6","spec_binding_pending_pack_m11_3","m11_3","Phase Advancement handler tests.","Phase Advancement handler tests.","The soft-gate toast path MUST be reachable only from the four-step compressed bar AND only when `softGatesEnabled=true`. Hard-gate modal path remains the §10.16 Team-Mode default.",".github/workflows/deploy-validator.yml, .github/workflows/test-strategy.yml, convex/deploy_validators, tests/integration",".github/workflows/deploy-validator.yml:missing; .github/workflows/test-strategy.yml:missing; convex/deploy_validators:missing; tests/integration:missing","required_product_runtime_evidence_missing","Runtime status is still spec_binding_pending_pack_m11_3; required artifact evidence not promoted. Checked: .github/workflows/deploy-validator.yml, .github/workflows/test-strategy.yml, convex/deploy_validators, tests/integration."
"seller_maya_solo_free_copy_string_lint","runtime_evidence","Sourcera_Master_Spec.md","71788","M.5.4 Catalog index {#m-5-4-catalog-index}","blocker","14.8 [V11]","spec_binding_pending_pack_m11_3","m11_3","Seller surfaces under `plan_tier ∈ {seller_free, seller_solo}`.","Seller surfaces under `plan_tier ∈ {seller_free, seller_solo}`.","Copy strings ""Pending review"", ""AIWallet"", ""AIOperation"", ""match score number"", ""rejected (cost-priced)"", ""value_price_cents"", ""engine-absorbed envelope"" MUST NOT render in any Solo / Free seller surface.",".github/workflows/deploy-validator.yml, .github/workflows/test-strategy.yml, convex/deploy_validators, tests/integration",".github/workflows/deploy-validator.yml:missing; .github/workflows/test-strategy.yml:missing; convex/deploy_validators:missing; tests/integration:missing","required_product_runtime_evidence_missing","Runtime status is still spec_binding_pending_pack_m11_3; required artifact evidence not promoted. Checked: .github/workflows/deploy-validator.yml, .github/workflows/test-strategy.yml, convex/deploy_validators, tests/integration."
"seller_maya_chip_list_auto_publish_state_machine","runtime_evidence","Sourcera_Master_Spec.md","71789","M.5.4 Catalog index {#m-5-4-catalog-index}","blocker","14.8 [V11]","spec_binding_pending_pack_m11_3","m11_3","CapabilityDeclaration write handler tests.","CapabilityDeclaration write handler tests.","A `(none) → published` transition under `pending_review_reason = solo_free_auto_publish` MUST be permitted only when the four §4.4.4 row 7a preconditions hold (`kb_to_capability_suggestion` origin, `plan_tier=seller_free OR seller_solo`, evidence-overlap rule passes, no SIM quarantine on `canonical_capability_id`). Failure of any precondition routes through the existing `(none) → pending_review → published` path.",".github/workflows/deploy-validator.yml, .github/workflows/test-strategy.yml, convex/deploy_validators, tests/integration",".github/workflows/deploy-validator.yml:missing; .github/workflows/test-strategy.yml:missing; convex/deploy_validators:missing; tests/integration:missing","required_product_runtime_evidence_missing","Runtime status is still spec_binding_pending_pack_m11_3; required artifact evidence not promoted. Checked: .github/workflows/deploy-validator.yml, .github/workflows/test-strategy.yml, convex/deploy_validators, tests/integration."
"seller_maya_match_score_three_label_compression","runtime_evidence","Sourcera_Master_Spec.md","71790","M.5.4 Catalog index {#m-5-4-catalog-index}","blocker","14.8 [V11]","spec_binding_pending_pack_m11_3","m11_3","Marketplace Match Score rendering tests.","Marketplace Match Score rendering tests.","On `plan_tier ∈ {seller_free, seller_solo}` the Match Score MUST render as one of `Strong match` / `Likely match` / `Weak match`; the `insufficient_signal` engine bucket MUST surface as `Weak match` plus the annotation copy. The numeric `MarketplaceMatchScoreSnapshot` engine row MUST continue to write unchanged.",".github/workflows/deploy-validator.yml, .github/workflows/test-strategy.yml, convex/deploy_validators, tests/integration",".github/workflows/deploy-validator.yml:missing; .github/workflows/test-strategy.yml:missing; convex/deploy_validators:missing; tests/integration:missing","required_product_runtime_evidence_missing","Runtime status is still spec_binding_pending_pack_m11_3; required artifact evidence not promoted. Checked: .github/workflows/deploy-validator.yml, .github/workflows/test-strategy.yml, convex/deploy_validators, tests/integration."
"solo_charge_kind_registered","runtime_evidence","Sourcera_Master_Spec.md","71793","M.5.4 Catalog index {#m-5-4-catalog-index}","blocker","14.9","spec_binding_pending_pack_m24_3","m24_3","Appendix J `billing_event_charge_kind` enum.","Appendix J `billing_event_charge_kind` enum.","Values `solo_per_eval`, `solo_per_bid`, `solo_charge_refunded`, `solo_subscription_started`, `solo_subscription_renewed`, `solo_subscription_canceled` MUST be present in the enum AND must round-trip through Stripe meter-event mapping per §34.10.5.",".github/workflows/billing-runtime.yml, tests/billing, convex/deploy_validators",".github/workflows/billing-runtime.yml:missing; tests/billing:missing; convex/deploy_validators:missing","required_product_runtime_evidence_missing","Runtime status is still spec_binding_pending_pack_m24_3; required artifact evidence not promoted. Checked: .github/workflows/billing-runtime.yml, tests/billing, convex/deploy_validators."
"solo_dual_console_independent_invoicing","runtime_evidence","Sourcera_Master_Spec.md","71794","M.5.4 Catalog index {#m-5-4-catalog-index}","blocker","14.9","spec_binding_pending_pack_m11_3","m11_3","Stripe billing-cycle integration test.","Stripe billing-cycle integration test.","An Org holding `Buyer Solo + Seller Solo` MUST receive two separate Stripe Subscription invoices each billing cycle (one per console); no bundle discount; no contract collapse.",".github/workflows/deploy-validator.yml, .github/workflows/test-strategy.yml, convex/deploy_validators, tests/integration",".github/workflows/deploy-validator.yml:missing; .github/workflows/test-strategy.yml:missing; convex/deploy_validators:missing; tests/integration:missing","required_product_runtime_evidence_missing","Runtime status is still spec_binding_pending_pack_m11_3; required artifact evidence not promoted. Checked: .github/workflows/deploy-validator.yml, .github/workflows/test-strategy.yml, convex/deploy_validators, tests/integration."
"solo_plan_change_console_isolation","runtime_evidence","Sourcera_Master_Spec.md","71795","M.5.4 Catalog index {#m-5-4-catalog-index}","blocker","14.9","spec_binding_pending_pack_m11_3","m11_3","Plan-change handler tests.","Plan-change handler tests.","A plan change on one Solo console (e.g., `Buyer Solo → Buyer Starter`) MUST NOT modify the contralateral console's plan tier.",".github/workflows/deploy-validator.yml, .github/workflows/test-strategy.yml, convex/deploy_validators, tests/integration",".github/workflows/deploy-validator.yml:missing; .github/workflows/test-strategy.yml:missing; convex/deploy_validators:missing; tests/integration:missing","required_product_runtime_evidence_missing","Runtime status is still spec_binding_pending_pack_m11_3; required artifact evidence not promoted. Checked: .github/workflows/deploy-validator.yml, .github/workflows/test-strategy.yml, convex/deploy_validators, tests/integration."
"aiwallet_response_excludes_solo_envelope","runtime_evidence","Sourcera_Master_Spec.md","71796","M.5.4 Catalog index {#m-5-4-catalog-index}","blocker","14.9","spec_binding_pending_pack_m11_3","m11_3","`GET /v1/orgs/{org_id}/wallet` API response schema.","`GET /v1/orgs/{org_id}/wallet` API response schema.","The wallet API response MUST exclude the Solo engine-absorbed envelope from every customer-facing counter (`budget_value_dollars`, `consumed_value_dollars`, `overage_cap_value_dollars`, `remaining_value_dollars`).",".github/workflows/deploy-validator.yml, .github/workflows/test-strategy.yml, convex/deploy_validators, tests/integration",".github/workflows/deploy-validator.yml:missing; .github/workflows/test-strategy.yml:missing; convex/deploy_validators:missing; tests/integration:missing","required_product_runtime_evidence_missing","Runtime status is still spec_binding_pending_pack_m11_3; required artifact evidence not promoted. Checked: .github/workflows/deploy-validator.yml, .github/workflows/test-strategy.yml, convex/deploy_validators, tests/integration."
"solo_subscription_blocks_per_charge","runtime_evidence","Sourcera_Master_Spec.md","71797","M.5.4 Catalog index {#m-5-4-catalog-index}","blocker","14.9","spec_binding_pending_pack_m11_3","m11_3","Solo per-eval / per-bid charge handler tests.","Solo per-eval / per-bid charge handler tests.","A per-eval / per-bid Stripe charge attempt on an Org with an active Solo subscription on the same console MUST be rejected with HTTP 422 (`solo_subscription_active_per_eval_charge_blocked` / `solo_subscription_active_per_bid_charge_blocked`).",".github/workflows/deploy-validator.yml, .github/workflows/test-strategy.yml, convex/deploy_validators, tests/integration",".github/workflows/deploy-validator.yml:missing; .github/workflows/test-strategy.yml:missing; convex/deploy_validators:missing; tests/integration:missing","required_product_runtime_evidence_missing","Runtime status is still spec_binding_pending_pack_m11_3; required artifact evidence not promoted. Checked: .github/workflows/deploy-validator.yml, .github/workflows/test-strategy.yml, convex/deploy_validators, tests/integration."
"solo_engine_metering_parity","runtime_evidence","Sourcera_Master_Spec.md","71800","M.5.4 Catalog index {#m-5-4-catalog-index}","blocker","14.10 [V11]","spec_binding_pending_pack_m11_3","m11_3","AIOperation write-handler and pre-provider suppression-decision tests.","AIOperation write-handler and pre-provider suppression-decision tests.","Every provider-invoked Solo row MUST use standard value/cost pricing, Outcome Resolver settlement, and cost-base contribution. A pre-provider suppression row is the sole exception and MUST use `solo_aiop_disposition=suppressed_by_throttle`, derived `solo_envelope_blocked=true`, terminal `rejected`, zero customer charge, and no provider, token, output, wallet, or OutcomeContract artifacts.",".github/workflows/deploy-validator.yml, .github/workflows/test-strategy.yml, convex/deploy_validators, tests/integration",".github/workflows/deploy-validator.yml:missing; .github/workflows/test-strategy.yml:missing; convex/deploy_validators:missing; tests/integration:missing","required_product_runtime_evidence_missing","Runtime status is still spec_binding_pending_pack_m11_3; required artifact evidence not promoted. Checked: .github/workflows/deploy-validator.yml, .github/workflows/test-strategy.yml, convex/deploy_validators, tests/integration."
"solo_telemetry_no_customer_routing","runtime_evidence","Sourcera_Master_Spec.md","71801","M.5.4 Catalog index {#m-5-4-catalog-index}","blocker","14.10 [V11]","spec_binding_pending_pack_m11_3","m11_3","Webhook delivery + in-app inbox + email dispatch + PostHog payload routing.","Webhook delivery + in-app inbox + email dispatch + PostHog payload routing.","The five §44.6.5 telemetry events (`solo.envelope.throttling_engaged`, `solo.envelope.throttling_cleared`, `solo.envelope.exhausted`, `solo.envelope.absorption_cap_reached`, `solo.capability.envelope_no_block_invoked`) MUST route Ops-only — never to Solo-Org webhook subscribers, in-app inbox, or email.",".github/workflows/deploy-validator.yml, .github/workflows/test-strategy.yml, convex/deploy_validators, tests/integration",".github/workflows/deploy-validator.yml:missing; .github/workflows/test-strategy.yml:missing; convex/deploy_validators:missing; tests/integration:missing","required_product_runtime_evidence_missing","Runtime status is still spec_binding_pending_pack_m11_3; required artifact evidence not promoted. Checked: .github/workflows/deploy-validator.yml, .github/workflows/test-strategy.yml, convex/deploy_validators, tests/integration."
"solo_telemetry_property_schema_completeness","runtime_evidence","Sourcera_Master_Spec.md","71802","M.5.4 Catalog index {#m-5-4-catalog-index}","blocker","14.10","spec_binding_pending_pack_m11_3","m11_3","Webhook serializer, PostHog mirror, and delivery-routing contract tests.","Webhook serializer, PostHog mirror, and delivery-routing contract tests.","All five §44.6.5 payloads MUST match Appendix C and their PostHog mirrors MUST match Appendix G, including shared and event-specific keys, types, redaction, and Ops-only routing.",".github/workflows/deploy-validator.yml, .github/workflows/test-strategy.yml, convex/deploy_validators, tests/integration",".github/workflows/deploy-validator.yml:missing; .github/workflows/test-strategy.yml:missing; convex/deploy_validators:missing; tests/integration:missing","required_product_runtime_evidence_missing","Runtime status is still spec_binding_pending_pack_m11_3; required artifact evidence not promoted. Checked: .github/workflows/deploy-validator.yml, .github/workflows/test-strategy.yml, convex/deploy_validators, tests/integration."
"solo_throttling_class_change_takes_effect_at_next_envelope_rollover","runtime_evidence","Sourcera_Master_Spec.md","71805","M.5.4 Catalog index {#m-5-4-catalog-index}","blocker","14.10","spec_binding_pending_pack_m11_3","m11_3","CapabilityRegistryEntry mutation handler tests.","CapabilityRegistryEntry mutation handler tests.","Updates to a CapabilityRegistryEntry's `surface_throttling_class` MUST NOT take effect mid-envelope-window for any Solo Org currently in that window; the new classification applies at the next envelope rollover.",".github/workflows/deploy-validator.yml, .github/workflows/test-strategy.yml, convex/deploy_validators, tests/integration",".github/workflows/deploy-validator.yml:missing; .github/workflows/test-strategy.yml:missing; convex/deploy_validators:missing; tests/integration:missing","required_product_runtime_evidence_missing","Runtime status is still spec_binding_pending_pack_m11_3; required artifact evidence not promoted. Checked: .github/workflows/deploy-validator.yml, .github/workflows/test-strategy.yml, convex/deploy_validators, tests/integration."
"solo_envelope_per_console_isolation","runtime_evidence","Sourcera_Master_Spec.md","71806","M.5.4 Catalog index {#m-5-4-catalog-index}","blocker","14.10","spec_binding_pending_pack_m11_3","m11_3","Throttling-state computation tests.","Throttling-state computation tests.","A `Buyer Solo + Seller Solo` Org MUST have independent throttling states per console; one console's exhaustion MUST NOT throttle the other.",".github/workflows/deploy-validator.yml, .github/workflows/test-strategy.yml, convex/deploy_validators, tests/integration",".github/workflows/deploy-validator.yml:missing; .github/workflows/test-strategy.yml:missing; convex/deploy_validators:missing; tests/integration:missing","required_product_runtime_evidence_missing","Runtime status is still spec_binding_pending_pack_m11_3; required artifact evidence not promoted. Checked: .github/workflows/deploy-validator.yml, .github/workflows/test-strategy.yml, convex/deploy_validators, tests/integration."
"solo_envelope_throttling_targets_low_priority_background_only","runtime_evidence","Sourcera_Master_Spec.md","71808","M.5.4 Catalog index {#m-5-4-catalog-index}","blocker","14.10","spec_binding_pending_pack_m11_3","m11_3","Throttling-engagement tests.","Throttling-engagement tests.","Capabilities with `surface_throttling_class ∈ {active_workflow, never_throttle}` MUST NEVER be suppressed by Solo envelope throttling; capabilities in `low_priority_background` MUST be suppressed at threshold breach.",".github/workflows/deploy-validator.yml, .github/workflows/test-strategy.yml, convex/deploy_validators, tests/integration",".github/workflows/deploy-validator.yml:missing; .github/workflows/test-strategy.yml:missing; convex/deploy_validators:missing; tests/integration:missing","required_product_runtime_evidence_missing","Runtime status is still spec_binding_pending_pack_m11_3; required artifact evidence not promoted. Checked: .github/workflows/deploy-validator.yml, .github/workflows/test-strategy.yml, convex/deploy_validators, tests/integration."
"console_isolation_violation_no_data_path_use","runtime_evidence","Sourcera_Master_Spec.md","71819","M.5.4 Catalog index {#m-5-4-catalog-index}","blocker","V8.4","spec_binding_pending_pack_m11_3","m11_3","Sourcera codebase static-analysis pass against every endpoint that returns `console_isolation_violation`.","Sourcera codebase static-analysis pass against every endpoint that returns `console_isolation_violation`.","The code MUST NOT be returned from any data-bearing endpoint (any §32.5 / §32.8 / §32.9 endpoint that reads or writes Org / Workspace / Bid Workspace / Capability data). Data paths MUST return HTTP 404 (subkind `firewall_non_leak`) per §7.2.",".github/workflows/deploy-validator.yml, .github/workflows/test-strategy.yml, convex/deploy_validators, tests/integration",".github/workflows/deploy-validator.yml:missing; .github/workflows/test-strategy.yml:missing; convex/deploy_validators:missing; tests/integration:missing","required_product_runtime_evidence_missing","Runtime status is still spec_binding_pending_pack_m11_3; required artifact evidence not promoted. Checked: .github/workflows/deploy-validator.yml, .github/workflows/test-strategy.yml, convex/deploy_validators, tests/integration."
"vendor_opt_out_capability_layer_enforcement","runtime_evidence","Sourcera_Master_Spec.md","71820","M.5.4 Catalog index {#m-5-4-catalog-index}","blocker","V8.4","spec_binding_pending_pack_m11_3","m11_3","§4.8.1 capability-invocation handler tests.","§4.8.1 capability-invocation handler tests.","Every customer-billed AIOperation handler MUST consult the §4.4.8 Vendor Opt-Out Registry pre-write; on a matching scope, MUST return HTTP 403 `vendor_opt_out_blocks_capability` rather than execute the AIOperation.",".github/workflows/deploy-validator.yml, .github/workflows/test-strategy.yml, convex/deploy_validators, tests/integration",".github/workflows/deploy-validator.yml:missing; .github/workflows/test-strategy.yml:missing; convex/deploy_validators:missing; tests/integration:missing","required_product_runtime_evidence_missing","Runtime status is still spec_binding_pending_pack_m11_3; required artifact evidence not promoted. Checked: .github/workflows/deploy-validator.yml, .github/workflows/test-strategy.yml, convex/deploy_validators, tests/integration."
"audit_event_hash_chain_full_corpus_coverage","runtime_evidence","Sourcera_Master_Spec.md","71856","M.5.4 Catalog index {#m-5-4-catalog-index}","blocker","3V","spec_binding_pending_pack_m21_3","m21_3","§42.6.1 `audit_event_hash_chain_scan` job runtime telemetry.","§42.6.1 `audit_event_hash_chain_scan` job runtime telemetry.","Coverage ≥ 99.9% (rows_scanned / rows_in_partition) per partition per scan-pass.",".github/workflows/marketplace-runtime.yml, convex/deploy_validators, tests/marketplace, tests/analytics",".github/workflows/marketplace-runtime.yml:missing; convex/deploy_validators:missing; tests/marketplace:missing; tests/analytics:missing","required_product_runtime_evidence_missing","Runtime status is still spec_binding_pending_pack_m21_3; required artifact evidence not promoted. Checked: .github/workflows/marketplace-runtime.yml, convex/deploy_validators, tests/marketplace, tests/analytics."
"audit_event_break_glass_integrity_scan_triggered","runtime_evidence","Sourcera_Master_Spec.md","71857","M.5.4 Catalog index {#m-5-4-catalog-index}","blocker","3V","spec_binding_pending_pack_m21_3","m21_3","§50.2.4 ¶4 break-glass `session_closed` event handler.","§50.2.4 ¶4 break-glass `session_closed` event handler.","Closure MUST trigger per-Org integrity scan within 1 hour.",".github/workflows/marketplace-runtime.yml, convex/deploy_validators, tests/marketplace, tests/analytics",".github/workflows/marketplace-runtime.yml:missing; convex/deploy_validators:missing; tests/marketplace:missing; tests/analytics:missing","required_product_runtime_evidence_missing","Runtime status is still spec_binding_pending_pack_m21_3; required artifact evidence not promoted. Checked: .github/workflows/marketplace-runtime.yml, convex/deploy_validators, tests/marketplace, tests/analytics."
"auth_audit_event_emission_completeness","runtime_evidence","Sourcera_Master_Spec.md","71858","M.5.4 Catalog index {#m-5-4-catalog-index}","blocker","3V","spec_binding_pending_pack_m11_3","m11_3","Authentication path test coverage.","Authentication path test coverage.","Every successful / failed login, MFA factor lifecycle, recovery-code-use, account-lockout, session-revocation, password-reset, SSO assertion, SCIM event MUST emit the corresponding `auth.*` AuditEvent within the §6.7.6 SLA window.",".github/workflows/deploy-validator.yml, .github/workflows/test-strategy.yml, convex/deploy_validators, tests/integration",".github/workflows/deploy-validator.yml:missing; .github/workflows/test-strategy.yml:missing; convex/deploy_validators:missing; tests/integration:missing","required_product_runtime_evidence_missing","Runtime status is still spec_binding_pending_pack_m11_3; required artifact evidence not promoted. Checked: .github/workflows/deploy-validator.yml, .github/workflows/test-strategy.yml, convex/deploy_validators, tests/integration."
"dsar_cascade_residency_partition_isolation","runtime_evidence","Sourcera_Master_Spec.md","71859","M.5.4 Catalog index {#m-5-4-catalog-index}","blocker","3V","spec_binding_pending_pack_m02_3","m02_3","Future deploy/static chain: `.github/workflows/deploy-validator.yml`; `convex/deploy_validators/dsar_cascade_residency_partition_isolation.ts`; `tests/security/dsar_cascade_residency_partition_isolation.spec.ts`.","Future deploy/static chain: `.github/workflows/deploy-validator.yml`; `convex/deploy_validators/dsar_cascade_residency_partition_isolation.ts`; `tests/security/dsar_cascade_residency_partition_isolation.spec.ts`.","Cascade walker code paths MUST NOT issue cross-region reads; per-region forks honor `DSARRequest.data_residency_region`; Pattern B User-row pseudonymization MUST execute only in `User.home_residency_region`, with non-home forks waiting on source-region projection-redaction confirmation. All three named artifacts plus positive/negative fixtures and a current run receipt are required for promotion.","Execution context requires: Future deploy/static chain: `.github/workflows/deploy-validator.yml`; `convex/deploy_validators/dsar_cascade_residency_partition_isolation.ts`; `tests/security/dsar_cascade_residency_partition_isolation.spec.ts`.","no named local artifact path","required_product_runtime_evidence_missing","Runtime status is still spec_binding_pending_pack_m02_3; required artifact evidence not promoted. No candidate path is inferred; use the row execution context and assertion."
"dsar_manifestly_unfounded_rejection_audit_emission","runtime_evidence","Sourcera_Master_Spec.md","71866","M.5.4 Catalog index {#m-5-4-catalog-index}","blocker","3V","spec_binding_pending_pack_m11_3","m11_3","DSARRequest state-transition handler tests.","DSARRequest state-transition handler tests.","Every `manifestly_unfounded_rejected` transition MUST emit `dsar.rejected_manifestly_unfounded` AuditEvent with `trigger_condition` + `rejection_rationale` + `dual_signoff_actors[]`.",".github/workflows/deploy-validator.yml, .github/workflows/test-strategy.yml, convex/deploy_validators, tests/integration",".github/workflows/deploy-validator.yml:missing; .github/workflows/test-strategy.yml:missing; convex/deploy_validators:missing; tests/integration:missing","required_product_runtime_evidence_missing","Runtime status is still spec_binding_pending_pack_m11_3; required artifact evidence not promoted. Checked: .github/workflows/deploy-validator.yml, .github/workflows/test-strategy.yml, convex/deploy_validators, tests/integration."
"cross_org_guest_sso_bypass_blocked","runtime_evidence","Sourcera_Master_Spec.md","71867","M.5.4 Catalog index {#m-5-4-catalog-index}","blocker","3V","spec_binding_pending_pack_m11_3","m11_3","§6.5.1 email-domain-match check at §6.5 email+password authentication.","§6.5.1 email-domain-match check at §6.5 email+password authentication.","Every email+password attempt MUST run the email-domain-match check against verified-domain claims of every Org other than the inviting Org; on match, return HTTP 403 `sso_bypass_blocked_email_domain_match`.",".github/workflows/deploy-validator.yml, .github/workflows/test-strategy.yml, convex/deploy_validators, tests/integration",".github/workflows/deploy-validator.yml:missing; .github/workflows/test-strategy.yml:missing; convex/deploy_validators:missing; tests/integration:missing","required_product_runtime_evidence_missing","Runtime status is still spec_binding_pending_pack_m11_3; required artifact evidence not promoted. Checked: .github/workflows/deploy-validator.yml, .github/workflows/test-strategy.yml, convex/deploy_validators, tests/integration."
"workos_raw_attributes_not_consumed","runtime_evidence","Sourcera_Master_Spec.md","71876","M.5.4 Catalog index {#m-5-4-catalog-index}","blocker","3V+ (WorkOS integration)","spec_binding_pending_pack_m02_3","m02_3","Future deploy/static chain: `.github/workflows/deploy-validator.yml`; `convex/deploy_validators/workos_raw_attributes_not_consumed.ts`; `tests/security/workos_raw_attributes_not_consumed.spec.ts`.","Future deploy/static chain: `.github/workflows/deploy-validator.yml`; `convex/deploy_validators/workos_raw_attributes_not_consumed.ts`; `tests/security/workos_raw_attributes_not_consumed.spec.ts`.","No code path MAY read `Directory User.raw_attributes` (deprecated effective 2026-04-15). Consume `custom_attributes` and predefined attributes only. All three named artifacts plus positive/negative fixtures and a current run receipt are required for promotion.","Execution context requires: Future deploy/static chain: `.github/workflows/deploy-validator.yml`; `convex/deploy_validators/workos_raw_attributes_not_consumed.ts`; `tests/security/workos_raw_attributes_not_consumed.spec.ts`.","no named local artifact path","required_product_runtime_evidence_missing","Runtime status is still spec_binding_pending_pack_m02_3; required artifact evidence not promoted. No candidate path is inferred; use the row execution context and assertion."
"workos_predefined_attributes_consumed","runtime_evidence","Sourcera_Master_Spec.md","71877","M.5.4 Catalog index {#m-5-4-catalog-index}","blocker","3V+","spec_binding_pending_pack_m11_3","m11_3","SCIM webhook handler tests.","SCIM webhook handler tests.","The SCIM webhook handler MUST populate `display_name`, `employee_number`, `manager_id`, `manager_name`, `phone_numbers_json`, `organization_attribute` on the §4.2.3 User row within 60 seconds of `user_updated` webhook delivery.",".github/workflows/deploy-validator.yml, .github/workflows/test-strategy.yml, convex/deploy_validators, tests/integration",".github/workflows/deploy-validator.yml:missing; .github/workflows/test-strategy.yml:missing; convex/deploy_validators:missing; tests/integration:missing","required_product_runtime_evidence_missing","Runtime status is still spec_binding_pending_pack_m11_3; required artifact evidence not promoted. Checked: .github/workflows/deploy-validator.yml, .github/workflows/test-strategy.yml, convex/deploy_validators, tests/integration."
"workos_groups_api_membership_consistency","runtime_evidence","Sourcera_Master_Spec.md","71878","M.5.4 Catalog index {#m-5-4-catalog-index}","blocker","3V+","spec_binding_pending_pack_m11_3","m11_3","WorkOS Groups API webhook delivery integration tests.","WorkOS Groups API webhook delivery integration tests.","Every `group.created` / `group.updated` / `group.deleted` / `group.member.added` / `group.member.removed` webhook MUST be reflected on §4.2.5 Group row + §4.2.2 OrgMembership.`workos_group_ids` array within 60 seconds. Property test on a 1,000-event synthetic stream.",".github/workflows/deploy-validator.yml, .github/workflows/test-strategy.yml, convex/deploy_validators, tests/integration",".github/workflows/deploy-validator.yml:missing; .github/workflows/test-strategy.yml:missing; convex/deploy_validators:missing; tests/integration:missing","required_product_runtime_evidence_missing","Runtime status is still spec_binding_pending_pack_m11_3; required artifact evidence not promoted. Checked: .github/workflows/deploy-validator.yml, .github/workflows/test-strategy.yml, convex/deploy_validators, tests/integration."
"workos_directory_group_role_assignment_precedence","runtime_evidence","Sourcera_Master_Spec.md","71879","M.5.4 Catalog index {#m-5-4-catalog-index}","blocker","3V+","spec_binding_pending_pack_m11_3","m11_3","Role-resolution code paths (static analysis + property test).","Role-resolution code paths (static analysis + property test).","When a member holds both SCIM directory-group → role and SSO-assertion-driven role bindings, the SCIM directory-group binding MUST take precedence per WorkOS April 2026 contract.",".github/workflows/deploy-validator.yml, .github/workflows/test-strategy.yml, convex/deploy_validators, tests/integration",".github/workflows/deploy-validator.yml:missing; .github/workflows/test-strategy.yml:missing; convex/deploy_validators:missing; tests/integration:missing","required_product_runtime_evidence_missing","Runtime status is still spec_binding_pending_pack_m11_3; required artifact evidence not promoted. Checked: .github/workflows/deploy-validator.yml, .github/workflows/test-strategy.yml, convex/deploy_validators, tests/integration."
"dsar_cascade_aggregate_recompute_synchronous","runtime_evidence","Sourcera_Master_Spec.md","71886","M.5.4 Catalog index {#m-5-4-catalog-index}","blocker","V9","spec_binding_pending_pack_m11_3","m11_3","DSAR cascade-walker code paths + cascade-transaction property tests.","DSAR cascade-walker code paths + cascade-transaction property tests.","Cascade walker MUST emit `dsar.cascade.aggregate_recompute_required` per affected cohort tuple before advancing to `dsar.cascade.row_redacted`; per-cohort recompute MUST complete within P99 ≤ 60 seconds. Recompute failure MUST emit `dsar_cascade_aggregate_recompute_failed` (HTTP 503) and route to §6.8.4.6 partial-failure path.",".github/workflows/deploy-validator.yml, .github/workflows/test-strategy.yml, convex/deploy_validators, tests/integration",".github/workflows/deploy-validator.yml:missing; .github/workflows/test-strategy.yml:missing; convex/deploy_validators:missing; tests/integration:missing","required_product_runtime_evidence_missing","Runtime status is still spec_binding_pending_pack_m11_3; required artifact evidence not promoted. Checked: .github/workflows/deploy-validator.yml, .github/workflows/test-strategy.yml, convex/deploy_validators, tests/integration."
"dsar_cascade_aggregate_recompute_suppression_completeness","runtime_evidence","Sourcera_Master_Spec.md","71887","M.5.4 Catalog index {#m-5-4-catalog-index}","blocker","V9","spec_binding_pending_pack_m11_3","m11_3","QA test pack against §4.4.18 / §4.4.12 / §4.4.15 / §4.4.16 entity recompute mutations.","QA test pack against §4.4.18 / §4.4.12 / §4.4.15 / §4.4.16 entity recompute mutations.","Cohort recompute that drives post-recompute cohort size below per-entity `k_anon_floor` MUST suppress the cell within the cascade transaction.",".github/workflows/deploy-validator.yml, .github/workflows/test-strategy.yml, convex/deploy_validators, tests/integration",".github/workflows/deploy-validator.yml:missing; .github/workflows/test-strategy.yml:missing; convex/deploy_validators:missing; tests/integration:missing","required_product_runtime_evidence_missing","Runtime status is still spec_binding_pending_pack_m11_3; required artifact evidence not promoted. Checked: .github/workflows/deploy-validator.yml, .github/workflows/test-strategy.yml, convex/deploy_validators, tests/integration."
"dsar_cascade_aggregate_recompute_backstop_drift","runtime_evidence","Sourcera_Master_Spec.md","71888","M.5.4 Catalog index {#m-5-4-catalog-index}","blocker","V9","spec_binding_pending_pack_m21_3","m21_3","Datadog metric on the §4.4.18 / §4.4.12 / §4.4.15 / §4.4.16 nightly sweep.","Datadog metric on the §4.4.18 / §4.4.12 / §4.4.15 / §4.4.16 nightly sweep.","The nightly defense-in-depth backstop sweep MUST emit `dsar_cascade_aggregate_recompute_backstop_drift = 0` per scan-pass; positive values indicate a synchronous-cascade miss and trigger SEV-3 PagerDuty alert.",".github/workflows/marketplace-runtime.yml, convex/deploy_validators, tests/marketplace, tests/analytics",".github/workflows/marketplace-runtime.yml:missing; convex/deploy_validators:missing; tests/marketplace:missing; tests/analytics:missing","required_product_runtime_evidence_missing","Runtime status is still spec_binding_pending_pack_m21_3; required artifact evidence not promoted. Checked: .github/workflows/marketplace-runtime.yml, convex/deploy_validators, tests/marketplace, tests/analytics."
"dsar_cascade_bridge_payload_body_pii_sweep_completeness","runtime_evidence","Sourcera_Master_Spec.md","71889","M.5.4 Catalog index {#m-5-4-catalog-index}","blocker","V9","spec_binding_pending_pack_m11_3","m11_3","DSAR cascade-walker code paths + cascade-transaction property tests.","DSAR cascade-walker code paths + cascade-transaction property tests.","Cascade walker MUST invoke §48.4.4 PII detector on every free-text field listed in §6.8.4.5 sweep scope for every Bridge Event row in the cascade plan. Sweep failure MUST emit `dsar_cascade_body_pii_sweep_failed` (HTTP 503) and route to §6.8.4.6 partial-failure path.",".github/workflows/deploy-validator.yml, .github/workflows/test-strategy.yml, convex/deploy_validators, tests/integration",".github/workflows/deploy-validator.yml:missing; .github/workflows/test-strategy.yml:missing; convex/deploy_validators:missing; tests/integration:missing","required_product_runtime_evidence_missing","Runtime status is still spec_binding_pending_pack_m11_3; required artifact evidence not promoted. Checked: .github/workflows/deploy-validator.yml, .github/workflows/test-strategy.yml, convex/deploy_validators, tests/integration."
"dsar_cascade_bridge_redaction_hash_recompute","runtime_evidence","Sourcera_Master_Spec.md","71890","M.5.4 Catalog index {#m-5-4-catalog-index}","blocker","V9","spec_binding_pending_pack_m11_3","m11_3","Bridge Event row write tests post-cascade.","Bridge Event row write tests post-cascade.","Detected PII spans replaced with `[REDACTED_DSAR]` sentinel MUST trigger `redaction_verification_hash` recomputation per §4.7.1.1.",".github/workflows/deploy-validator.yml, .github/workflows/test-strategy.yml, convex/deploy_validators, tests/integration",".github/workflows/deploy-validator.yml:missing; .github/workflows/test-strategy.yml:missing; convex/deploy_validators:missing; tests/integration:missing","required_product_runtime_evidence_missing","Runtime status is still spec_binding_pending_pack_m11_3; required artifact evidence not promoted. Checked: .github/workflows/deploy-validator.yml, .github/workflows/test-strategy.yml, convex/deploy_validators, tests/integration."
"bridge_payload_body_pii_sweep_buyer_seller_parity","runtime_evidence","Sourcera_Master_Spec.md","71892","M.5.4 Catalog index {#m-5-4-catalog-index}","blocker","V9","spec_binding_pending_pack_m11_3","m11_3","QA test pack against §22.3.1 + §6.8.4.5 sweep paths.","QA test pack against §22.3.1 + §6.8.4.5 sweep paths.","Buyer-side body-redaction sweep (§6.8.4.5) and seller-side body-redaction sweep (§22.3.1) MUST produce structurally-symmetric `redaction_state` post-cascade for matched Q&A bodies and Bridge Event payloads.",".github/workflows/deploy-validator.yml, .github/workflows/test-strategy.yml, convex/deploy_validators, tests/integration",".github/workflows/deploy-validator.yml:missing; .github/workflows/test-strategy.yml:missing; convex/deploy_validators:missing; tests/integration:missing","required_product_runtime_evidence_missing","Runtime status is still spec_binding_pending_pack_m11_3; required artifact evidence not promoted. Checked: .github/workflows/deploy-validator.yml, .github/workflows/test-strategy.yml, convex/deploy_validators, tests/integration."
"dsar_cascade_partial_failure_pagerduty_sla","runtime_evidence","Sourcera_Master_Spec.md","71893","M.5.4 Catalog index {#m-5-4-catalog-index}","blocker","V9","spec_binding_pending_pack_m11_3","m11_3","Datadog synthetic test against `dsar.cascade.partial_failure` event emission + PagerDuty webhook.","Datadog synthetic test against `dsar.cascade.partial_failure` event emission + PagerDuty webhook.","`dsar.cascade.partial_failure` MUST trigger PagerDuty page on `dsar-ops` queue at SEV-2 within 60 seconds of pause.",".github/workflows/deploy-validator.yml, .github/workflows/test-strategy.yml, convex/deploy_validators, tests/integration",".github/workflows/deploy-validator.yml:missing; .github/workflows/test-strategy.yml:missing; convex/deploy_validators:missing; tests/integration:missing","required_product_runtime_evidence_missing","Runtime status is still spec_binding_pending_pack_m11_3; required artifact evidence not promoted. Checked: .github/workflows/deploy-validator.yml, .github/workflows/test-strategy.yml, convex/deploy_validators, tests/integration."
"dsar_cascade_partial_failure_resume_sla_24h","runtime_evidence","Sourcera_Master_Spec.md","71894","M.5.4 Catalog index {#m-5-4-catalog-index}","blocker","V9","spec_binding_pending_pack_m11_3","m11_3","DSAR cascade `pause_started_at` → `dsar.cascade.resume` SLA telemetry.","DSAR cascade `pause_started_at` → `dsar.cascade.resume` SLA telemetry.","Ops-review resume SLA = 24 hours from `pause_started_at`; SLA breach MUST fire `dsar_cascade_partial_failure_sla_breach` Datadog alarm SEV-1 and page `dsar-ops-escalation`.",".github/workflows/deploy-validator.yml, .github/workflows/test-strategy.yml, convex/deploy_validators, tests/integration",".github/workflows/deploy-validator.yml:missing; .github/workflows/test-strategy.yml:missing; convex/deploy_validators:missing; tests/integration:missing","required_product_runtime_evidence_missing","Runtime status is still spec_binding_pending_pack_m11_3; required artifact evidence not promoted. Checked: .github/workflows/deploy-validator.yml, .github/workflows/test-strategy.yml, convex/deploy_validators, tests/integration."
"dsar_cascade_statutory_ceiling_auto_escalation","runtime_evidence","Sourcera_Master_Spec.md","71895","M.5.4 Catalog index {#m-5-4-catalog-index}","blocker","V9","spec_binding_pending_pack_m11_3","m11_3","DSAR cascade cumulative-pause computation tests.","DSAR cascade cumulative-pause computation tests.","Cumulative pause-duration breach of the 30-day SLA MUST auto-escalate to §6.8.6 extension path with subject notification within 72h; cumulative breach of 90-day statutory ceiling MUST administratively close the cascade and open the supervisory-authority notification path.",".github/workflows/deploy-validator.yml, .github/workflows/test-strategy.yml, convex/deploy_validators, tests/integration",".github/workflows/deploy-validator.yml:missing; .github/workflows/test-strategy.yml:missing; convex/deploy_validators:missing; tests/integration:missing","required_product_runtime_evidence_missing","Runtime status is still spec_binding_pending_pack_m11_3; required artifact evidence not promoted. Checked: .github/workflows/deploy-validator.yml, .github/workflows/test-strategy.yml, convex/deploy_validators, tests/integration."
"dsar_cascade_pseudonym_epoch_consistency","runtime_evidence","Sourcera_Master_Spec.md","71897","M.5.4 Catalog index {#m-5-4-catalog-index}","blocker","V9","spec_binding_pending_pack_m11_3","m11_3","DSARRequest schema + User schema + Pattern B re-pseudonymization workflow tests.","DSARRequest schema + User schema + Pattern B re-pseudonymization workflow tests.","DSARRequest MUST carry `pseudonym_epoch_id_at_cascade`; User MUST carry `pseudonym_epoch_id`; cascade idempotency check binds both via `WHERE dsar_redacted_under_request_id = $request_id AND pseudonym_epoch_id_at_cascade = $current_epoch`.",".github/workflows/deploy-validator.yml, .github/workflows/test-strategy.yml, convex/deploy_validators, tests/integration",".github/workflows/deploy-validator.yml:missing; .github/workflows/test-strategy.yml:missing; convex/deploy_validators:missing; tests/integration:missing","required_product_runtime_evidence_missing","Runtime status is still spec_binding_pending_pack_m11_3; required artifact evidence not promoted. Checked: .github/workflows/deploy-validator.yml, .github/workflows/test-strategy.yml, convex/deploy_validators, tests/integration."
"dr_failover_residency_bound","runtime_evidence","Sourcera_Master_Spec.md","71898","M.5.4 Catalog index {#m-5-4-catalog-index}","blocker","V9","spec_binding_pending_pack_m21_3","m21_3","Convex deployment topology static analysis at deploy time.","Convex deployment topology static analysis at deploy time.","The Convex deployment configuration MUST declare same-residency replica pairs for every residency partition listed in §1.6 (`us`, `eu`, `apac`, `custom`). Cross-residency replica configurations rejected at deploy time.",".github/workflows/marketplace-runtime.yml, convex/deploy_validators, tests/marketplace, tests/analytics",".github/workflows/marketplace-runtime.yml:missing; convex/deploy_validators:missing; tests/marketplace:missing; tests/analytics:missing","required_product_runtime_evidence_missing","Runtime status is still spec_binding_pending_pack_m21_3; required artifact evidence not promoted. Checked: .github/workflows/marketplace-runtime.yml, convex/deploy_validators, tests/marketplace, tests/analytics."
"dns_failover_target_residency_match","runtime_evidence","Sourcera_Master_Spec.md","71899","M.5.4 Catalog index {#m-5-4-catalog-index}","blocker","V9","spec_binding_pending_pack_m21_3","m21_3","Datadog synthetic chaos test (quarterly).","Datadog synthetic chaos test (quarterly).","DNS failover MUST target a same-residency replica only; cross-residency DNS failover events constitute a property-test failure.",".github/workflows/marketplace-runtime.yml, convex/deploy_validators, tests/marketplace, tests/analytics",".github/workflows/marketplace-runtime.yml:missing; convex/deploy_validators:missing; tests/marketplace:missing; tests/analytics:missing","required_product_runtime_evidence_missing","Runtime status is still spec_binding_pending_pack_m21_3; required artifact evidence not promoted. Checked: .github/workflows/marketplace-runtime.yml, convex/deploy_validators, tests/marketplace, tests/analytics."
"dr_failover_no_cross_residency","runtime_evidence","Sourcera_Master_Spec.md","71900","M.5.4 Catalog index {#m-5-4-catalog-index}","blocker","V9","spec_binding_pending_pack_m21_3","m21_3","QA chaos test against concurrent same-residency primary + replica outage.","QA chaos test against concurrent same-residency primary + replica outage.","Concurrent outage MUST degrade to read-only with `residency_failover_blocked` (HTTP 503) on writes; cross-residency failover is forbidden.",".github/workflows/marketplace-runtime.yml, convex/deploy_validators, tests/marketplace, tests/analytics",".github/workflows/marketplace-runtime.yml:missing; convex/deploy_validators:missing; tests/marketplace:missing; tests/analytics:missing","required_product_runtime_evidence_missing","Runtime status is still spec_binding_pending_pack_m21_3; required artifact evidence not promoted. Checked: .github/workflows/marketplace-runtime.yml, convex/deploy_validators, tests/marketplace, tests/analytics."
"dr_restore_test_residency_partition","runtime_evidence","Sourcera_Master_Spec.md","71901","M.5.4 Catalog index {#m-5-4-catalog-index}","blocker","V9","spec_binding_pending_pack_m21_3","m21_3","Quarterly DR restore-test runtime telemetry.","Quarterly DR restore-test runtime telemetry.","Per-region staging-restore stacks MUST exist for every residency partition; quarterly DR test restores MUST execute against the matching residency staging stack only.",".github/workflows/marketplace-runtime.yml, convex/deploy_validators, tests/marketplace, tests/analytics",".github/workflows/marketplace-runtime.yml:missing; convex/deploy_validators:missing; tests/marketplace:missing; tests/analytics:missing","required_product_runtime_evidence_missing","Runtime status is still spec_binding_pending_pack_m21_3; required artifact evidence not promoted. Checked: .github/workflows/marketplace-runtime.yml, convex/deploy_validators, tests/marketplace, tests/analytics."
"dr_game_day_overdue","runtime_evidence","Sourcera_Master_Spec.md","71902","M.5.4 Catalog index {#m-5-4-catalog-index}","blocker","V9","spec_binding_pending_pack_m21_3","m21_3","Quarterly DR game-day cadence Datadog alarm.","Quarterly DR game-day cadence Datadog alarm.","Per-region game-day rehearsal MUST execute quarterly per residency partition; missed game-day fires Datadog SEV-3 alarm.",".github/workflows/marketplace-runtime.yml, convex/deploy_validators, tests/marketplace, tests/analytics",".github/workflows/marketplace-runtime.yml:missing; convex/deploy_validators:missing; tests/marketplace:missing; tests/analytics:missing","required_product_runtime_evidence_missing","Runtime status is still spec_binding_pending_pack_m21_3; required artifact evidence not promoted. Checked: .github/workflows/marketplace-runtime.yml, convex/deploy_validators, tests/marketplace, tests/analytics."
"backup_residency_partition_isolation","runtime_evidence","Sourcera_Master_Spec.md","71903","M.5.4 Catalog index {#m-5-4-catalog-index}","blocker","V9","spec_binding_pending_pack_m21_3","m21_3","Convex backup-topology static analysis at deploy time.","Convex backup-topology static analysis at deploy time.","Convex snapshot blobs MUST be stored in the same residency region as the source shard; cross-region snapshot replication forbidden.",".github/workflows/marketplace-runtime.yml, convex/deploy_validators, tests/marketplace, tests/analytics",".github/workflows/marketplace-runtime.yml:missing; convex/deploy_validators:missing; tests/marketplace:missing; tests/analytics:missing","required_product_runtime_evidence_missing","Runtime status is still spec_binding_pending_pack_m21_3; required artifact evidence not promoted. Checked: .github/workflows/marketplace-runtime.yml, convex/deploy_validators, tests/marketplace, tests/analytics."
"s3_replication_policy_residency_bound","runtime_evidence","Sourcera_Master_Spec.md","71904","M.5.4 Catalog index {#m-5-4-catalog-index}","blocker","V9 [V11]","spec_binding_pending_pack_m21_3","m21_3","Terraform IaC static analysis at apply time.","Terraform IaC static analysis at apply time.","S3 replication policies MUST target same-residency replica buckets only; cross-region replica configurations rejected with `residency_backup_replication_blocked` (HTTP 422).",".github/workflows/marketplace-runtime.yml, convex/deploy_validators, tests/marketplace, tests/analytics",".github/workflows/marketplace-runtime.yml:missing; convex/deploy_validators:missing; tests/marketplace:missing; tests/analytics:missing","required_product_runtime_evidence_missing","Runtime status is still spec_binding_pending_pack_m21_3; required artifact evidence not promoted. Checked: .github/workflows/marketplace-runtime.yml, convex/deploy_validators, tests/marketplace, tests/analytics."
"s3_cross_region_replica_dpa_approval_required","runtime_evidence","Sourcera_Master_Spec.md","71905","M.5.4 Catalog index {#m-5-4-catalog-index}","blocker","V9","spec_binding_pending_pack_m21_3","m21_3","Terraform IaC apply hook + AuditEvent emission check.","Terraform IaC apply hook + AuditEvent emission check.","Cross-region replica policy override MUST emit `org.residency.cross_region_replica_approved` AuditEvent prior to IaC apply; absent approval, IaC apply fails.",".github/workflows/marketplace-runtime.yml, convex/deploy_validators, tests/marketplace, tests/analytics",".github/workflows/marketplace-runtime.yml:missing; convex/deploy_validators:missing; tests/marketplace:missing; tests/analytics:missing","required_product_runtime_evidence_missing","Runtime status is still spec_binding_pending_pack_m21_3; required artifact evidence not promoted. Checked: .github/workflows/marketplace-runtime.yml, convex/deploy_validators, tests/marketplace, tests/analytics."
"backup_dsar_repseudonymization_completeness","runtime_evidence","Sourcera_Master_Spec.md","71906","M.5.4 Catalog index {#m-5-4-catalog-index}","blocker","V9","spec_binding_pending_pack_m21_3","m21_3","DSAR fulfillment QA test pack.","DSAR fulfillment QA test pack.","Cascade MUST emit `dsar.cascade.backup_repseudonymization_required` on cascade-target blob set computation; the cascade does NOT mark fulfillment until `dsar.cascade.backup_repseudonymization_completed` (in-place) OR `dsar.cascade.backup_repseudonymization_completed_via_exclusion` fires.",".github/workflows/marketplace-runtime.yml, convex/deploy_validators, tests/marketplace, tests/analytics",".github/workflows/marketplace-runtime.yml:missing; convex/deploy_validators:missing; tests/marketplace:missing; tests/analytics:missing","required_product_runtime_evidence_missing","Runtime status is still spec_binding_pending_pack_m21_3; required artifact evidence not promoted. Checked: .github/workflows/marketplace-runtime.yml, convex/deploy_validators, tests/marketplace, tests/analytics."
"dsar_excluded_snapshot_restore_blocked","runtime_evidence","Sourcera_Master_Spec.md","71907","M.5.4 Catalog index {#m-5-4-catalog-index}","blocker","V9","spec_binding_pending_pack_m21_3","m21_3","Backup-restore handler tests.","Backup-restore handler tests.","Restore from a `dsar_excluded_snapshots` blob MUST reject with `restore_from_dsar_excluded_snapshot_blocked` (HTTP 403).",".github/workflows/marketplace-runtime.yml, convex/deploy_validators, tests/marketplace, tests/analytics",".github/workflows/marketplace-runtime.yml:missing; convex/deploy_validators:missing; tests/marketplace:missing; tests/analytics:missing","required_product_runtime_evidence_missing","Runtime status is still spec_binding_pending_pack_m21_3; required artifact evidence not promoted. Checked: .github/workflows/marketplace-runtime.yml, convex/deploy_validators, tests/marketplace, tests/analytics."
"snapshot_catalog_residency_partition","runtime_evidence","Sourcera_Master_Spec.md","71908","M.5.4 Catalog index {#m-5-4-catalog-index}","blocker","V9","spec_binding_pending_pack_m21_3","m21_3","Snapshot catalog read-path static analysis + integration tests.","Snapshot catalog read-path static analysis + integration tests.","Per-region snapshot retention catalogs MUST be residency-bound; cross-region catalog reads from customer surfaces blocked.",".github/workflows/marketplace-runtime.yml, convex/deploy_validators, tests/marketplace, tests/analytics",".github/workflows/marketplace-runtime.yml:missing; convex/deploy_validators:missing; tests/marketplace:missing; tests/analytics:missing","required_product_runtime_evidence_missing","Runtime status is still spec_binding_pending_pack_m21_3; required artifact evidence not promoted. Checked: .github/workflows/marketplace-runtime.yml, convex/deploy_validators, tests/marketplace, tests/analytics."
"attachment_dsar_72h_binary_detach_sla","runtime_evidence","Sourcera_Master_Spec.md","71909","M.5.4 Catalog index {#m-5-4-catalog-index}","blocker","V9","spec_binding_pending_pack_m11_3","m11_3","Datadog synthetic test against the Convex Storage delete API on a Pattern-A DSAR-attached binary.","Datadog synthetic test against the Convex Storage delete API on a Pattern-A DSAR-attached binary.","DSAR right-to-erasure on uploader MUST result in binary payload hard-deleted from storage backend within 72 hours of cascade `dsar.cascade.row_redacted`.",".github/workflows/deploy-validator.yml, .github/workflows/test-strategy.yml, convex/deploy_validators, tests/integration",".github/workflows/deploy-validator.yml:missing; .github/workflows/test-strategy.yml:missing; convex/deploy_validators:missing; tests/integration:missing","required_product_runtime_evidence_missing","Runtime status is still spec_binding_pending_pack_m11_3; required artifact evidence not promoted. Checked: .github/workflows/deploy-validator.yml, .github/workflows/test-strategy.yml, convex/deploy_validators, tests/integration."
"appendix_m_coverage_on_diff","runtime_evidence","Sourcera_Master_Spec.md","71914","M.5.4 Catalog index {#m-5-4-catalog-index}","blocker","14.18 [V11 catalog-completeness]","spec_binding_pending_pack_m02_3","m02_3","`Sourcera_Master_Spec.md` post-edit Markdown parse tree relative to merge-base snapshot. Detector at `tools/spec-lint/appendix_m_coverage_on_diff.ts` plus parser / cross-validator / filter / poster / audit-normalization chain.","`Sourcera_Master_Spec.md` post-edit Markdown parse tree relative to merge-base snapshot. Detector at `tools/spec-lint/appendix_m_coverage_on_diff.ts` plus parser / cross-validator / filter / poster / audit-normalization chain.","Every PR-introduced engine concept across the 12 concept classes defined in §M.4.2 MUST resolve to an Appendix M.1 row OR an accepted §M.4.4 override OR an explicit `@appendix-m-internal-only:` annotation passing §M.4.4.2 cross-validation. Inline `Appendix M.5 \`<gate>\`` citations MUST resolve to a catalog row.","tools/spec-lint/appendix_m_coverage_on_diff.ts, tools/spec-lint/override_parser.ts, tools/spec-lint/cross_validation.ts, tools/spec-lint/cosmetic_edit_filter.ts, tools/spec-lint/comment_poster.ts, tools/spec-lint/audit_emit.ts, .github/workflows/spec-lint.yml, convex/crons/appendix_m_gate_nightly_digest.ts, convex/audit/spec_lint_audit_event.ts, tools/release/runtime_evidence/appendix_m_coverage_on_diff.json","tools/spec-lint/appendix_m_coverage_on_diff.ts:present; tools/spec-lint/override_parser.ts:present; tools/spec-lint/cross_validation.ts:present; tools/spec-lint/cosmetic_edit_filter.ts:present; tools/spec-lint/comment_poster.ts:present; tools/spec-lint/audit_emit.ts:present; .github/workflows/spec-lint.yml:present; convex/crons/appendix_m_gate_nightly_digest.ts:missing; convex/audit/spec_lint_audit_event.ts:missing; tools/release/runtime_evidence/appendix_m_coverage_on_diff.json:missing","partial_local_chain_external_evidence_pending","Runtime status is still spec_binding_pending_pack_m02_3; required artifact evidence not promoted. Checked: tools/spec-lint/appendix_m_coverage_on_diff.ts, tools/spec-lint/override_parser.ts, tools/spec-lint/cross_validation.ts, tools/spec-lint/cosmetic_edit_filter.ts, tools/spec-lint/comment_poster.ts, tools/spec-lint/audit_emit.ts, .github/workflows/spec-lint.yml, convex/crons/appendix_m_gate_nightly_digest.ts, convex/audit/spec_lint_audit_event.ts, tools/release/runtime_evidence/appendix_m_coverage_on_diff.json."
"cost_base_recalc_notice_window_trajectory_gate","runtime_evidence","Sourcera_Master_Spec.md","71918","M.5.4 Catalog index {#m-5-4-catalog-index}","blocker","V11 (D-11.3-002 remediation)","spec_binding_pending_pack_m11_3","m11_3","§34.18 cost-base recalc trajectory authoring; PolicyIngestion-driven recalc tests.","§34.18 cost-base recalc trajectory authoring; PolicyIngestion-driven recalc tests.","The cost-base recalc notice window MUST trajectory through the canonical 30-day notice → 7-day final-warning → recalc-applied sequence; deviations from the trajectory (skipped notice, late warning, premature apply) fail.",".github/workflows/deploy-validator.yml, .github/workflows/test-strategy.yml, convex/deploy_validators, tests/integration",".github/workflows/deploy-validator.yml:missing; .github/workflows/test-strategy.yml:missing; convex/deploy_validators:missing; tests/integration:missing","required_product_runtime_evidence_missing","Runtime status is still spec_binding_pending_pack_m11_3; required artifact evidence not promoted. Checked: .github/workflows/deploy-validator.yml, .github/workflows/test-strategy.yml, convex/deploy_validators, tests/integration."
"kb_bootstrap_per_org_concurrency_lock_active","runtime_evidence","Sourcera_Master_Spec.md","71921","M.5.4 Catalog index {#m-5-4-catalog-index}","blocker","V11 (D-11.3-002 remediation; v7.1.1 stamp gate)","spec_binding_pending_pack_m11_3","m11_3","§22.4.4 KB Bootstrap concurrency-lock runtime path (Convex transaction handler) + integration tests.","§22.4.4 KB Bootstrap concurrency-lock runtime path (Convex transaction handler) + integration tests.","Concurrent KB Bootstrap invocations for the same Org MUST acquire a per-Org Convex transaction lock; second-invocation rejection MUST return HTTP 409 `kb_bootstrap_already_in_progress` per Appendix I.",".github/workflows/deploy-validator.yml, .github/workflows/test-strategy.yml, convex/deploy_validators, tests/integration",".github/workflows/deploy-validator.yml:missing; .github/workflows/test-strategy.yml:missing; convex/deploy_validators:missing; tests/integration:missing","required_product_runtime_evidence_missing","Runtime status is still spec_binding_pending_pack_m11_3; required artifact evidence not promoted. Checked: .github/workflows/deploy-validator.yml, .github/workflows/test-strategy.yml, convex/deploy_validators, tests/integration."
"bid_disqualification_cascade_active","runtime_evidence","Sourcera_Master_Spec.md","71922","M.5.4 Catalog index {#m-5-4-catalog-index}","blocker","V11 (D-11.3-002 remediation; v7.1.1 stamp gate)","spec_binding_pending_pack_m11_3","m11_3","§48.8.10 Cross-Console Bridge bid-disqualification cascade handler + property tests.","§48.8.10 Cross-Console Bridge bid-disqualification cascade handler + property tests.","Bid disqualification on the buyer side MUST cascade to the seller-bound BidWorkspace via the Console Bridge `bid.disqualified` event within 60 seconds; cascade failure MUST emit `bid_disqualification_cascade_failed` (HTTP 503) and route to §6.8.4.6 partial-failure path.",".github/workflows/deploy-validator.yml, .github/workflows/test-strategy.yml, convex/deploy_validators, tests/integration",".github/workflows/deploy-validator.yml:missing; .github/workflows/test-strategy.yml:missing; convex/deploy_validators:missing; tests/integration:missing","required_product_runtime_evidence_missing","Runtime status is still spec_binding_pending_pack_m11_3; required artifact evidence not promoted. Checked: .github/workflows/deploy-validator.yml, .github/workflows/test-strategy.yml, convex/deploy_validators, tests/integration."
"wallet_read_role_gate_scope","runtime_evidence","Sourcera_Master_Spec.md","71923","M.5.4 Catalog index {#m-5-4-catalog-index}","blocker","V11 (D-11.3-002 remediation)","spec_binding_pending_pack_m11_3","m11_3","`/v1/orgs/{org_id}/wallet` endpoint handler tests; §5.11 Feature Access Matrix wallet:read row.","`/v1/orgs/{org_id}/wallet` endpoint handler tests; §5.11 Feature Access Matrix wallet:read row.","Only `billing_admin`, `org_owner`, `org_admin`, and Buyer Console `finance` roles MAY read the AIWallet. Any other role attempting `GET /v1/orgs/{org_id}/wallet` MUST return HTTP 403 `wallet_read_role_forbidden`.",".github/workflows/deploy-validator.yml, .github/workflows/test-strategy.yml, convex/deploy_validators, tests/integration",".github/workflows/deploy-validator.yml:missing; .github/workflows/test-strategy.yml:missing; convex/deploy_validators:missing; tests/integration:missing","required_product_runtime_evidence_missing","Runtime status is still spec_binding_pending_pack_m11_3; required artifact evidence not promoted. Checked: .github/workflows/deploy-validator.yml, .github/workflows/test-strategy.yml, convex/deploy_validators, tests/integration."
"committed_spend_single_pool_invariant","runtime_evidence","Sourcera_Master_Spec.md","71924","M.5.4 Catalog index {#m-5-4-catalog-index}","blocker","V11 (D-11.3-002 remediation; D-1.7-009 correction)","spec_binding_pending_pack_m24_3","m24_3","`/v1/orgs/{org_id}/committed-spend/*` handler tests; §4.8.3 / §4.8.8 / §34.12.5 Committed Spend authoring.","`/v1/orgs/{org_id}/committed-spend/*` handler tests; §4.8.3 / §4.8.8 / §34.12.5 Committed Spend authoring.","At most one active `CommittedSpendContract` row per `org_id`. Renewal, partial dissolution, and restoration MUST transition the prior row out of `active`, activate the replacement, and replace AIWallet.`committed_spend_contract_id` atomically. A second activation MUST return HTTP 409 `committed_spend_contract_already_active`.",".github/workflows/billing-runtime.yml, tests/billing, convex/deploy_validators",".github/workflows/billing-runtime.yml:missing; tests/billing:missing; convex/deploy_validators:missing","required_product_runtime_evidence_missing","Runtime status is still spec_binding_pending_pack_m24_3; required artifact evidence not promoted. Checked: .github/workflows/billing-runtime.yml, tests/billing, convex/deploy_validators."
"committed_spend_single_auto_renew_invariant","runtime_evidence","Sourcera_Master_Spec.md","71925","M.5.4 Catalog index {#m-5-4-catalog-index}","blocker","V11 (D-11.3-002 remediation; D-1.7-009 correction)","spec_binding_pending_pack_m24_3","m24_3","`/v1/orgs/{org_id}/committed-spend/renew` handler tests; §4.8.8 / §34.12.5 Committed Spend authoring.","`/v1/orgs/{org_id}/committed-spend/renew` handler tests; §4.8.8 / §34.12.5 Committed Spend authoring.","At most one future auto-renew schedule may exist per `org_id`; it belongs to the Org's sole active contract. Conflicting schedule registration MUST return HTTP 409 `committed_spend_auto_renew_already_scheduled`.",".github/workflows/billing-runtime.yml, tests/billing, convex/deploy_validators",".github/workflows/billing-runtime.yml:missing; tests/billing:missing; convex/deploy_validators:missing","required_product_runtime_evidence_missing","Runtime status is still spec_binding_pending_pack_m24_3; required artifact evidence not promoted. Checked: .github/workflows/billing-runtime.yml, tests/billing, convex/deploy_validators."
"committed_spend_console_scope_consistency","runtime_evidence","Sourcera_Master_Spec.md","71926","M.5.4 Catalog index {#m-5-4-catalog-index}","blocker","V11 (D-11.3-002 remediation)","spec_binding_pending_pack_m24_3","m24_3","Committed-spend cross-console-read handlers + property tests.","Committed-spend cross-console-read handlers + property tests.","Committed-spend pools are console-scoped per §1.3 firewall: a `console=buyer` pool MUST NOT be readable from a seller-console session and vice versa. Cross-console read attempt MUST return HTTP 404 (subkind `firewall_non_leak` per §7.2).",".github/workflows/billing-runtime.yml, tests/billing, convex/deploy_validators",".github/workflows/billing-runtime.yml:missing; tests/billing:missing; convex/deploy_validators:missing","required_product_runtime_evidence_missing","Runtime status is still spec_binding_pending_pack_m24_3; required artifact evidence not promoted. Checked: .github/workflows/billing-runtime.yml, tests/billing, convex/deploy_validators."
"accessibility_settings_preference_contract","runtime_evidence","Sourcera_Master_Spec.md","71938","M.5.4 Catalog index {#m-5-4-catalog-index}","blocker","Phase 37 P1 (D-37-003 remediation)","spec_binding_pending_pack_m11_3","m11_3","Settings -> Accessibility UI, §4.2.14 UserAccessibilityPreference handlers, DSAR export.","Settings -> Accessibility UI, §4.2.14 UserAccessibilityPreference handlers, DSAR export.","Saving Settings -> Accessibility MUST persist UserAccessibilityPreference, apply without reload, emit redacted AuditEvent, and include the row in DSAR export while redacting raw assistive-tech JSON.",".github/workflows/deploy-validator.yml, .github/workflows/test-strategy.yml, convex/deploy_validators, tests/integration",".github/workflows/deploy-validator.yml:missing; .github/workflows/test-strategy.yml:missing; convex/deploy_validators:missing; tests/integration:missing","required_product_runtime_evidence_missing","Runtime status is still spec_binding_pending_pack_m11_3; required artifact evidence not promoted. Checked: .github/workflows/deploy-validator.yml, .github/workflows/test-strategy.yml, convex/deploy_validators, tests/integration."
"rtl_directionality_runtime_contract","runtime_evidence","Sourcera_Master_Spec.md","71942","M.5.4 Catalog index {#m-5-4-catalog-index}","blocker","Phase 37 P1 (D-37-002 remediation)","spec_binding_pending_pack_m11_3","m11_3","`useDirectionality()` hook and `responsive_conformance_suite` RTL passes.","`useDirectionality()` hook and `responsive_conformance_suite` RTL passes.","RTL sessions MUST set `dir`, mirror directional icons only, align numbers per §38.11, and preserve meaningful reading order at every responsive tier.",".github/workflows/deploy-validator.yml, .github/workflows/test-strategy.yml, convex/deploy_validators, tests/integration",".github/workflows/deploy-validator.yml:missing; .github/workflows/test-strategy.yml:missing; convex/deploy_validators:missing; tests/integration:missing","required_product_runtime_evidence_missing","Runtime status is still spec_binding_pending_pack_m11_3; required artifact evidence not promoted. Checked: .github/workflows/deploy-validator.yml, .github/workflows/test-strategy.yml, convex/deploy_validators, tests/integration."
"locale_resolution_engine_contract","runtime_evidence","Sourcera_Master_Spec.md","71943","M.5.4 Catalog index {#m-5-4-catalog-index}","blocker","Phase 37 P1 (D-37-005 remediation)","spec_binding_pending_pack_m11_3","m11_3","Locale Resolution Engine, `next-intl` formatting, public and authenticated route shells.","Locale Resolution Engine, `next-intl` formatting, public and authenticated route shells.","Locale resolution MUST follow §37.2 precedence, set `<html lang>`, use ICU MessageFormat, and render locale-aware dates / numbers / currency without string concatenation.",".github/workflows/deploy-validator.yml, .github/workflows/test-strategy.yml, convex/deploy_validators, tests/integration",".github/workflows/deploy-validator.yml:missing; .github/workflows/test-strategy.yml:missing; convex/deploy_validators:missing; tests/integration:missing","required_product_runtime_evidence_missing","Runtime status is still spec_binding_pending_pack_m11_3; required artifact evidence not promoted. Checked: .github/workflows/deploy-validator.yml, .github/workflows/test-strategy.yml, convex/deploy_validators, tests/integration."
"workspace_pulse_health_persistence_contract","runtime_evidence","Sourcera_Master_Spec.md","71948","M.5.4 Catalog index {#m-5-4-catalog-index}","blocker","Phase 4.11 P1 (D-4.11-007 remediation)","spec_binding_pending_pack_m11_3","m11_3","§4.3.22.2 entity writes, daily Pulse compute scheduler, Solo-mode suppression path, and threshold-event correlation.","§4.3.22.2 entity writes, daily Pulse compute scheduler, Solo-mode suppression path, and threshold-event correlation.","Daily Pulse compute MUST write exactly one WorkspacePulseHealth row per Workspace per UTC day, persist the same row in Solo Mode while suppressing only the surface, lock Phase 12 rows against mutable recompute, and bind color-band transitions to the threshold event ID when emitted.",".github/workflows/deploy-validator.yml, .github/workflows/test-strategy.yml, convex/deploy_validators, tests/integration",".github/workflows/deploy-validator.yml:missing; .github/workflows/test-strategy.yml:missing; convex/deploy_validators:missing; tests/integration:missing","required_product_runtime_evidence_missing","Runtime status is still spec_binding_pending_pack_m11_3; required artifact evidence not promoted. Checked: .github/workflows/deploy-validator.yml, .github/workflows/test-strategy.yml, convex/deploy_validators, tests/integration."
"seller_pulse_surface_engine_mapping","runtime_evidence","Sourcera_Master_Spec.md","71952","M.5.4 Catalog index {#m-5-4-catalog-index}","blocker","Phase 5.5 / Phase 24 P1 (D-24-014 remediation)","spec_binding_pending_pack_m11_3","m11_3","Appendix M.1 Seller Pulse row + §24.4.4 Solo Seller Surface Treatment.","Appendix M.1 Seller Pulse row + §24.4.4 Solo Seller Surface Treatment.","Seller Pulse MUST have a distinct Appendix M.1 row, must not be collapsed with Seller Inbox or Seller Analytics, and must preserve engine writes while suppressing per-component breakdown / team status / trend chart on Seller Solo / Free.",".github/workflows/deploy-validator.yml, .github/workflows/test-strategy.yml, convex/deploy_validators, tests/integration",".github/workflows/deploy-validator.yml:missing; .github/workflows/test-strategy.yml:missing; convex/deploy_validators:missing; tests/integration:missing","required_product_runtime_evidence_missing","Runtime status is still spec_binding_pending_pack_m11_3; required artifact evidence not promoted. Checked: .github/workflows/deploy-validator.yml, .github/workflows/test-strategy.yml, convex/deploy_validators, tests/integration."
"firecrawl_outage_progress_line_substitution","runtime_evidence","Sourcera_Master_Spec.md","72105","M.5.12 V13 catalog additions (PLG / Growth / Analytics / Hero Moment) {#m-5-12-v13-additions}","blocker","V13 catalog additions (PLG / Growth / Analytics / Hero Moment) {#m-5-12-v13-additions}","spec_binding_pending_pack_m02_3","m02_3","runtime_behavior","pr_lint + next.js render-path test + Datadog synthetic","§48.8.3 step 5 sequencer reads `provider_health_state(firecrawl)` at line-render; substitute line never renders literal `""Scanning""`; §48.8.7 #7 detector does not fire; latency pause column `stage_3_firecrawl_outage_pause_ms` recorded. Local guard `tools/spec-lint/gates/firecrawl_outage_progress_line_substitution.ts` and pass/fail fixtures protect the spec contract; deployed render-path and Datadog evidence remains required — closes D-13V-022.","deployed render-path and Datadog evidence remains required","tools/spec-lint/gates/firecrawl_outage_progress_line_substitution.ts:present","local_guard_present_external_evidence_pending","Runtime status is still spec_binding_pending_pack_m02_3; required artifact evidence not promoted. No candidate path is inferred; use the row execution context and assertion."
"kb_bootstrap_allowance_compensation_completeness","runtime_evidence","Sourcera_Master_Spec.md","72106","M.5.12 V13 catalog additions (PLG / Growth / Analytics / Hero Moment) {#m-5-12-v13-additions}","blocker","V13 catalog additions (PLG / Growth / Analytics / Hero Moment) {#m-5-12-v13-additions}","spec_binding_pending_pack_m02_3","m02_3","runtime_behavior + content_consistency","pr_lint + convex unit + post-build","Eligibility predicate matches the four canonical causes; `kb_bootstrap.allowance_restored` audit event schema includes `restoration_reason ∈ Appendix J`; Ops endpoint exists with correct auth-scope; Loops.so email type registered. Local guard `tools/spec-lint/gates/kb_bootstrap_allowance_compensation_completeness.ts` and pass/fail fixtures protect the spec contract; deployed Convex, endpoint, audit, and delivery evidence remains required — closes D-13V-023.","deployed Convex, endpoint, audit, and delivery evidence remains required","tools/spec-lint/gates/kb_bootstrap_allowance_compensation_completeness.ts:present","local_guard_present_external_evidence_pending","Runtime status is still spec_binding_pending_pack_m02_3; required artifact evidence not promoted. No candidate path is inferred; use the row execution context and assertion."
"buyer_activation_metric_canonical_consumer","runtime_evidence","Sourcera_Master_Spec.md","72107","M.5.12 V13 catalog additions (PLG / Growth / Analytics / Hero Moment) {#m-5-12-v13-additions}","blocker","V13 catalog additions (PLG / Growth / Analytics / Hero Moment) {#m-5-12-v13-additions}","spec_binding_pending_pack_m21_3","m21_3","content_consistency","post-build","§35.5.2 formula is single-sourced; every §51 / §42 / §50.14 dashboard queries via the canonical formula; no inline duplication anywhere — closes D-51-001",".github/workflows/marketplace-runtime.yml, convex/deploy_validators, tests/marketplace, tests/analytics",".github/workflows/marketplace-runtime.yml:missing; convex/deploy_validators:missing; tests/marketplace:missing; tests/analytics:missing","required_product_runtime_evidence_missing","Runtime status is still spec_binding_pending_pack_m21_3; required artifact evidence not promoted. Checked: .github/workflows/marketplace-runtime.yml, convex/deploy_validators, tests/marketplace, tests/analytics."
"usage_dashboard_plan_gating_canonical_6_tier_consumer","runtime_evidence","Sourcera_Master_Spec.md","72110","M.5.12 V13 catalog additions (PLG / Growth / Analytics / Hero Moment) {#m-5-12-v13-additions}","blocker","V13 catalog additions (PLG / Growth / Analytics / Hero Moment) {#m-5-12-v13-additions}","spec_binding_pending_pack_m21_3","m21_3","content_consistency","post-build","§51.3.6 12-row enumeration matches §34.1 canonical 6-tier-per-console schema; no inline numerical literals duplicating §34.1 / §39; Solo rows cite §44.6.1 hide list — closes D-51-004 / -005 / -006 / -007",".github/workflows/marketplace-runtime.yml, convex/deploy_validators, tests/marketplace, tests/analytics",".github/workflows/marketplace-runtime.yml:missing; convex/deploy_validators:missing; tests/marketplace:missing; tests/analytics:missing","required_product_runtime_evidence_missing","Runtime status is still spec_binding_pending_pack_m21_3; required artifact evidence not promoted. Checked: .github/workflows/marketplace-runtime.yml, convex/deploy_validators, tests/marketplace, tests/analytics."
"m16_same_domain_enforcement_dual_point_canonical","runtime_evidence","Sourcera_Master_Spec.md","72113","M.5.12 V13 catalog additions (PLG / Growth / Analytics / Hero Moment) {#m-5-12-v13-additions}","blocker","V13 catalog additions (PLG / Growth / Analytics / Hero Moment) {#m-5-12-v13-additions}","spec_binding_pending_pack_m02_3","m02_3","runtime_behavior + content_consistency","pr_lint + convex unit + post-build","Create-time validator runs IFF `referee_email` provided at create; signup-time safety net catches SSO-domain-divergence; both points emit canonical `m16_referral_same_domain_blocked` with `enforcement_point ∈ Appendix J enum`. Local guard `tools/spec-lint/gates/m16_same_domain_enforcement_dual_point_canonical.ts` and pass/fail fixtures protect the spec contract; deployed create-time and signup-time validator evidence remains required — closes D-13V-004.","deployed create-time and signup-time validator evidence remains required","tools/spec-lint/gates/m16_same_domain_enforcement_dual_point_canonical.ts:present","local_guard_present_external_evidence_pending","Runtime status is still spec_binding_pending_pack_m02_3; required artifact evidence not promoted. No candidate path is inferred; use the row execution context and assertion."
"m3_signed_payload_anonymity_binding","runtime_evidence","Sourcera_Master_Spec.md","72119","M.5.12 V13 catalog additions (PLG / Growth / Analytics / Hero Moment) {#m-5-12-v13-additions}","blocker","V13 catalog additions (PLG / Growth / Analytics / Hero Moment) {#m-5-12-v13-additions}","spec_binding_pending_pack_m11_3","m11_3","runtime_behavior + schema_contract","migration + convex transaction + signer + API/public-render integration","M3 draft remains unsigned; atomic publish server-derives the signed buyer display from committed anonymity fields; public HTML/JSON/meta/cache/webhook/telemetry cannot leak buyer identity; post-publish mutation fails closed — closes D-48-008",".github/workflows/deploy-validator.yml, .github/workflows/test-strategy.yml, convex/deploy_validators, tests/integration",".github/workflows/deploy-validator.yml:missing; .github/workflows/test-strategy.yml:missing; convex/deploy_validators:missing; tests/integration:missing","required_product_runtime_evidence_missing","Runtime status is still spec_binding_pending_pack_m11_3; required artifact evidence not promoted. Checked: .github/workflows/deploy-validator.yml, .github/workflows/test-strategy.yml, convex/deploy_validators, tests/integration."
"solo_tier_buyer_hero_moment_slo_single_source","runtime_evidence","Sourcera_Master_Spec.md","72135","M.5.12 V13 catalog additions (PLG / Growth / Analytics / Hero Moment) {#m-5-12-v13-additions}","blocker","V13 catalog additions (PLG / Growth / Analytics / Hero Moment) {#m-5-12-v13-additions}","spec_binding_pending_pack_m21_3","m21_3","content_consistency","post-build","Parity with seller-side gate; §35.5.5 AC #4 + §44.6.4.X — closes D-HM-002 sibling",".github/workflows/marketplace-runtime.yml, convex/deploy_validators, tests/marketplace, tests/analytics",".github/workflows/marketplace-runtime.yml:missing; convex/deploy_validators:missing; tests/marketplace:missing; tests/analytics:missing","required_product_runtime_evidence_missing","Runtime status is still spec_binding_pending_pack_m21_3; required artifact evidence not promoted. Checked: .github/workflows/marketplace-runtime.yml, convex/deploy_validators, tests/marketplace, tests/analytics."
"dsar_erased_seller_excluded_from_recovery_cadence","runtime_evidence","Sourcera_Master_Spec.md","72137","M.5.12 V13 catalog additions (PLG / Growth / Analytics / Hero Moment) {#m-5-12-v13-additions}","blocker","V13 catalog additions (PLG / Growth / Analytics / Hero Moment) {#m-5-12-v13-additions}","spec_binding_pending_pack_m02_3","m02_3","runtime_behavior","pr_lint + convex unit + suppression-list join","§48.8.12 sweeper skips pseudonymized rows; send/retry dispatch re-checks erasure state; audit row records a PII-minimized skip; recovery state remains unchanged. Local guard `tools/spec-lint/gates/dsar_erased_seller_excluded_from_recovery_cadence.ts` and pass/fail fixtures protect the spec contract; deployed enqueue, send-time, retry, and suppression-join evidence remains required — closes D-HM-006 sibling.","deployed enqueue, send-time, retry, and suppression-join evidence remains required","tools/spec-lint/gates/dsar_erased_seller_excluded_from_recovery_cadence.ts:present","local_guard_present_external_evidence_pending","Runtime status is still spec_binding_pending_pack_m02_3; required artifact evidence not promoted. No candidate path is inferred; use the row execution context and assertion."
"dsar_erased_buyer_excluded_from_recovery_cadence","runtime_evidence","Sourcera_Master_Spec.md","72138","M.5.12 V13 catalog additions (PLG / Growth / Analytics / Hero Moment) {#m-5-12-v13-additions}","blocker","V13 catalog additions (PLG / Growth / Analytics / Hero Moment) {#m-5-12-v13-additions}","spec_binding_pending_pack_m21_3","m21_3","runtime_behavior","convex unit","Parity with seller-side; §35.5.4 — closes D-HM-002 sibling",".github/workflows/marketplace-runtime.yml, convex/deploy_validators, tests/marketplace, tests/analytics",".github/workflows/marketplace-runtime.yml:missing; convex/deploy_validators:missing; tests/marketplace:missing; tests/analytics:missing","required_product_runtime_evidence_missing","Runtime status is still spec_binding_pending_pack_m21_3; required artifact evidence not promoted. Checked: .github/workflows/marketplace-runtime.yml, convex/deploy_validators, tests/marketplace, tests/analytics."
"network_effects_dashboard_outage_render_contract","runtime_evidence","Sourcera_Master_Spec.md","72141","M.5.12 V13 catalog additions (PLG / Growth / Analytics / Hero Moment) {#m-5-12-v13-additions}","blocker","V13 catalog additions (PLG / Growth / Analytics / Hero Moment) {#m-5-12-v13-additions}","spec_binding_pending_pack_m02_3","m02_3","runtime_behavior","pr_lint + next.js render-path test","All four §48.3.8 render paths remain specified (PostHog / Snowflake / Datadog / composite). Local guard `tools/spec-lint/gates/network_effects_dashboard_outage_render_contract.ts` and pass/fail fixtures protect the spec contract; deployed four-path render evidence remains required — closes D-48.3-009.","deployed four-path render evidence remains required","tools/spec-lint/gates/network_effects_dashboard_outage_render_contract.ts:present","local_guard_present_external_evidence_pending","Runtime status is still spec_binding_pending_pack_m02_3; required artifact evidence not promoted. No candidate path is inferred; use the row execution context and assertion."
"network_effects_residency_partition_canonical_consumer","runtime_evidence","Sourcera_Master_Spec.md","72142","M.5.12 V13 catalog additions (PLG / Growth / Analytics / Hero Moment) {#m-5-12-v13-additions}","blocker","V13 catalog additions (PLG / Growth / Analytics / Hero Moment) {#m-5-12-v13-additions}","spec_binding_pending_pack_m21_3","m21_3","runtime_behavior","terraform IaC + post-build","§48.3.9 partition contract implemented at PostHog routing + Snowflake partition + dashboard render — closes D-48.3-010",".github/workflows/marketplace-runtime.yml, convex/deploy_validators, tests/marketplace, tests/analytics",".github/workflows/marketplace-runtime.yml:missing; convex/deploy_validators:missing; tests/marketplace:missing; tests/analytics:missing","required_product_runtime_evidence_missing","Runtime status is still spec_binding_pending_pack_m21_3; required artifact evidence not promoted. Checked: .github/workflows/marketplace-runtime.yml, convex/deploy_validators, tests/marketplace, tests/analytics."
"network_effect_attribution_window_canonical_consumer","runtime_evidence","Sourcera_Master_Spec.md","72143","M.5.12 V13 catalog additions (PLG / Growth / Analytics / Hero Moment) {#m-5-12-v13-additions}","blocker","V13 catalog additions (PLG / Growth / Analytics / Hero Moment) {#m-5-12-v13-additions}","spec_binding_pending_pack_m21_3","m21_3","runtime_behavior + schema_contract","Snowflake/dbt + PostHog query + dashboard/export parity","Every §48.3.2 / §48.3.5 signal persists and consumes the §48.3.2.1 window kind, boundaries, source snapshot, and right-censoring rules; cross-window joins fail unless explicitly declared — closes D-48.3-014",".github/workflows/marketplace-runtime.yml, convex/deploy_validators, tests/marketplace, tests/analytics",".github/workflows/marketplace-runtime.yml:missing; convex/deploy_validators:missing; tests/marketplace:missing; tests/analytics:missing","required_product_runtime_evidence_missing","Runtime status is still spec_binding_pending_pack_m21_3; required artifact evidence not promoted. Checked: .github/workflows/marketplace-runtime.yml, convex/deploy_validators, tests/marketplace, tests/analytics."
"negative_network_effects_monitoring_contract","runtime_evidence","Sourcera_Master_Spec.md","72144","M.5.12 V13 catalog additions (PLG / Growth / Analytics / Hero Moment) {#m-5-12-v13-additions}","blocker","V13 catalog additions (PLG / Growth / Analytics / Hero Moment) {#m-5-12-v13-additions}","spec_binding_pending_pack_m21_3","m21_3","runtime_behavior","Snowflake/dbt + dashboard + Datadog/PagerDuty + audit integration","§48.3.10 four counter-signals bind versioned thresholds, k-floor/residency/outage states, reviewed reversible remediation, audit, mobile read-only behavior, and concurrency tests — closes D-48.3-013",".github/workflows/marketplace-runtime.yml, convex/deploy_validators, tests/marketplace, tests/analytics",".github/workflows/marketplace-runtime.yml:missing; convex/deploy_validators:missing; tests/marketplace:missing; tests/analytics:missing","required_product_runtime_evidence_missing","Runtime status is still spec_binding_pending_pack_m21_3; required artifact evidence not promoted. Checked: .github/workflows/marketplace-runtime.yml, convex/deploy_validators, tests/marketplace, tests/analytics."
"entitlement_matrix_registry_binding_completeness","runtime_evidence","Sourcera_Master_Spec.md","72178","M.5.14 v7.2.0-REM Phase 4 catalog additions (P0 Entitlement Registry) {#m-5-14-v72rem-phase-4-additions}","blocker","v7.2.0-REM Phase 4 catalog additions (P0 Entitlement Registry) {#m-5-14-v72rem-phase-4-additions}","spec_binding_pending_pack_m11_3","m11_3","meta_catalog_invariant","deploy_validator + pr_lint","Deploy-time validator + PR-lint detector at `tools/spec-lint/entitlement_matrix_registry_binding.ts` (PR-lint half) and `convex/deploy_validators/entitlement_matrix_registry_binding.ts` (deploy-time half). Asserts a bidirectional binding contract between §34.8.5 Entitlement Matrix rows and §21.4 `CapabilityRegistryEntry` rows. Forward pass (§21.4 → §34.8.5): every `CapabilityRegistryEntry` row with `state ∈ {active, beta-on-rollout, deprecated-within-grace}` AND `billing_mode = customer_billed` AND `capability_id` does NOT match the family-root pattern `^[a-z_]+_family$` (the family-root rows are billing-ledger rollup display identifiers; never directly invokable; matrix rows are authored for the runtime-invokable siblings, not the rollup root — see §21.4.1.B cardinality contract) MUST have a §34.8.5 matrix row whose `capability_id` cell matches the registry `capability_id` OR matches an alias in `CapabilityRegistryEntry.aliases`. Reverse pass (§34.8.5 → §21.4): every `capability_id` cell in the §34.8.5 matrix MUST resolve to a `CapabilityRegistryEntry` row (any state) OR to one of the six registered exemption classes enumerated in §34.8.7 AC #6 (platform-internal aggregation; non-AI Security/Admin; non-AI Free-Forever Seller; non-AI Marketplace UI/API surfaces; non-AI Buyer `tco_modeling`; AE rows awaiting `AuthoredExtensionSignoff` activation). The exemption classifier is a closed-set predicate; additions require Pricing Owner + Engineering Lead dual-signoff per the row's `not_permitted_entitlement_registry_binding_integrity` override class. The forward-pass failure-mode code is `capability_registry_active_capability_missing_matrix_row` (registered in Appendix I v7.2.0-REM Phase 4 extension; HTTP 422 at deploy-validator path; `retryable=false`). The reverse-pass failure-mode code is `entitlement_matrix_unbound_capability_id` (registered in Appendix I v7.2.0-REM Phase 4 extension; HTTP 422 at deploy-validator path; `retryable=false`). The detector emits one structured rejection record per offending row with `direction ∈ {forward, reverse}`, `offending_capability_id`, `expected_binding_site`, `exemption_class_attempted` (nullable). Hardens §34.8.7 AC #6 from prose to a runtime-bindable gate; closes D-EM-001 P0 cleanly. The D-EM-002 / D-EM-003 / D-EM-004 P0 siblings remain open at the time this gate lands — the gate will detect each remaining reverse-pass orphan and fail-closed on the first deploy-validator run post-wiring, surfacing the full unbound set to the remediation owner.",".github/workflows/deploy-validator.yml, .github/workflows/test-strategy.yml, convex/deploy_validators, tests/integration",".github/workflows/deploy-validator.yml:missing; .github/workflows/test-strategy.yml:missing; convex/deploy_validators:missing; tests/integration:missing","required_product_runtime_evidence_missing","Runtime status is still spec_binding_pending_pack_m11_3; required artifact evidence not promoted. Checked: .github/workflows/deploy-validator.yml, .github/workflows/test-strategy.yml, convex/deploy_validators, tests/integration."
"qa_suggestion_family_cardinality","runtime_evidence","Sourcera_Master_Spec.md","72179","M.5.14 v7.2.0-REM Phase 4 catalog additions (P0 Entitlement Registry) {#m-5-14-v72rem-phase-4-additions}","blocker","v7.2.0-REM Phase 4 catalog additions (P0 Entitlement Registry) {#m-5-14-v72rem-phase-4-additions}","spec_binding_pending_pack_m11_3","m11_3","runtime_property_test","runtime_test + pr_lint","Runtime property test at `tests/integration/qa_suggestion_family_cardinality.spec.ts` (Convex test harness) + spec-tree lint at `tools/spec-lint/qa_suggestion_family_cardinality.ts`. Asserts the §21.4.1 family-rooted sibling-split contract for the `qa_suggestion_family` rollup root. Three sub-assertions: (a) No direct invocation of the family root. Every AIOperation write path (Convex mutation `aiOperations.create`; SDK route handler `POST /v1/agent/invoke`; Managed Agent invocation handler `POST /v1/agent/managed/invoke`) MUST reject any payload whose `capability_id == qa_suggestion_family` with HTTP 422 `capability_rollup_root_not_invokable` (Appendix I v7.2.0-REM Phase 4 extension). (b) Exactly-one sibling per AIOperation. No AIOperation row may carry a `capability_id` outside the registered sibling set `{qa_suggestion_buyer, qa_suggestion_seller}` while also carrying `capability_family == qa_suggestion`. (c) Mutually-exclusive `console_applicability`. The sibling rows' `console_applicability` arrays MUST be disjoint at deploy time (`qa_suggestion_buyer = [buyer]`; `qa_suggestion_seller = [seller]`); schema-validation rejects any drift. Property test runs on a synthetic 10k-row AIOperation write stream including 5% adversarial inputs (legacy-alias references, family-root references, cross-console invocations). Fail-closed on any sub-assertion violation.",".github/workflows/deploy-validator.yml, .github/workflows/test-strategy.yml, convex/deploy_validators, tests/integration",".github/workflows/deploy-validator.yml:missing; .github/workflows/test-strategy.yml:missing; convex/deploy_validators:missing; tests/integration:missing","required_product_runtime_evidence_missing","Runtime status is still spec_binding_pending_pack_m11_3; required artifact evidence not promoted. Checked: .github/workflows/deploy-validator.yml, .github/workflows/test-strategy.yml, convex/deploy_validators, tests/integration."
"qa_suggestion_family_outcome_contract_isolation","runtime_evidence","Sourcera_Master_Spec.md","72180","M.5.14 v7.2.0-REM Phase 4 catalog additions (P0 Entitlement Registry) {#m-5-14-v72rem-phase-4-additions}","blocker","v7.2.0-REM Phase 4 catalog additions (P0 Entitlement Registry) {#m-5-14-v72rem-phase-4-additions}","spec_binding_pending_pack_m11_3","m11_3","cross_feature_invariant","deploy_validator","Deploy-time validator at `convex/deploy_validators/qa_suggestion_family_outcome_contract_isolation.ts`. Asserts the §21.4.1.B cross-validator: the two `qa_suggestion_*` siblings carry independent `outcome_contract_id` FKs, AND a contract-version bump on one sibling MUST NOT retroactively re-resolve in-flight operations on the other. Sub-assertions: (a) FK independence. `qa_suggestion_buyer.outcome_contract_id ≠ qa_suggestion_seller.outcome_contract_id` at deploy time. (b) Per-sibling Outcome Resolver routing. The §34.11 Outcome Resolver loads the OutcomeContract version active at the *AIOperation's* `created_at` per the per-sibling FK — NOT a family-level lookup. (c) PostHog event-name aliasing integrity. The legacy event name `agent.qa_suggestion.invoked` resolves to the seller-side sibling event name `agent.qa_suggestion_seller.invoked` at PostHog ingestion time; never to the buyer-side sibling. Validator runs at every PricingTableVersion publish + every OutcomeContract row mutation; fail-closed blocks deploy.",".github/workflows/deploy-validator.yml, .github/workflows/test-strategy.yml, convex/deploy_validators, tests/integration",".github/workflows/deploy-validator.yml:missing; .github/workflows/test-strategy.yml:missing; convex/deploy_validators:missing; tests/integration:missing","required_product_runtime_evidence_missing","Runtime status is still spec_binding_pending_pack_m11_3; required artifact evidence not promoted. Checked: .github/workflows/deploy-validator.yml, .github/workflows/test-strategy.yml, convex/deploy_validators, tests/integration."
"kb_suggestion_family_cardinality","runtime_evidence","Sourcera_Master_Spec.md","72206","M.5.15 v7.2.0-REM Phase 4.2 catalog additions (P0 Entitlement Registry — D-EM-002 Closure + kb_suggestion Family-Rooted Sibling Split) {#m-5-15-v72rem-phase-4-2-additions}","blocker","v7.2.0-REM Phase 4.2 catalog additions (P0 Entitlement Registry — D-EM-002 Closure + kb_suggestion Family-Rooted Sibling Split) {#m-5-15-v72rem-phase-4-2-additions}","spec_binding_pending_pack_m11_3","m11_3","runtime_property_test","runtime_test + pr_lint","Runtime property test at `tests/integration/kb_suggestion_family_cardinality.spec.ts` (Convex test harness) + spec-tree lint at `tools/spec-lint/kb_suggestion_family_cardinality.ts`. Asserts the §21.4.1.D family-rooted sibling-split contract for the `kb_suggestion_family` rollup root. Three sub-assertions: (a) No direct invocation of the family root. Every AIOperation write path MUST reject any payload whose `capability_id == kb_suggestion_family` with HTTP 422 `capability_rollup_root_not_invokable` (Appendix I v7.2.0-REM Phase 4 extension; same code re-used per the §4.8.2 AC #9 generalization). (b) Exactly-one sibling per AIOperation. No AIOperation row may carry a `capability_id` outside the registered sibling set `{kb_suggestion_buyer, kb_suggestion_seller}` while also carrying `capability_family == kb_suggestion`. (c) Mutually-exclusive `console_applicability`. The sibling rows' `console_applicability` arrays MUST be disjoint at deploy time (`kb_suggestion_buyer = [buyer]`; `kb_suggestion_seller = [seller]`); schema-validation rejects any drift. Property test runs on a synthetic 10k-row AIOperation write stream including 5% adversarial inputs (legacy `kb_suggestion` references, family-root references, cross-console invocations). Fail-closed on any sub-assertion violation.",".github/workflows/deploy-validator.yml, .github/workflows/test-strategy.yml, convex/deploy_validators, tests/integration",".github/workflows/deploy-validator.yml:missing; .github/workflows/test-strategy.yml:missing; convex/deploy_validators:missing; tests/integration:missing","required_product_runtime_evidence_missing","Runtime status is still spec_binding_pending_pack_m11_3; required artifact evidence not promoted. Checked: .github/workflows/deploy-validator.yml, .github/workflows/test-strategy.yml, convex/deploy_validators, tests/integration."
"kb_suggestion_family_outcome_contract_isolation","runtime_evidence","Sourcera_Master_Spec.md","72207","M.5.15 v7.2.0-REM Phase 4.2 catalog additions (P0 Entitlement Registry — D-EM-002 Closure + kb_suggestion Family-Rooted Sibling Split) {#m-5-15-v72rem-phase-4-2-additions}","blocker","v7.2.0-REM Phase 4.2 catalog additions (P0 Entitlement Registry — D-EM-002 Closure + kb_suggestion Family-Rooted Sibling Split) {#m-5-15-v72rem-phase-4-2-additions}","spec_binding_pending_pack_m11_3","m11_3","cross_feature_invariant","deploy_validator","Deploy-time validator at `convex/deploy_validators/kb_suggestion_family_outcome_contract_isolation.ts`. Asserts the §21.4.1.D cross-validator: the two `kb_suggestion_*` siblings carry independent `outcome_contract_id` FKs, AND a contract-version bump on one sibling MUST NOT retroactively re-resolve in-flight operations on the other. Sub-assertions: (a) FK independence. `kb_suggestion_buyer.outcome_contract_id ≠ kb_suggestion_seller.outcome_contract_id` at deploy time. (b) Per-sibling Outcome Resolver routing. The §34.11 Outcome Resolver loads the OutcomeContract version active at the *AIOperation's* `created_at` per the per-sibling FK — NOT a family-level lookup. (c) PostHog event-name aliasing integrity. The legacy event name `agent.kb_suggestion.invoked` resolves to the appropriate console-disambiguated sibling event name (`agent.kb_suggestion_buyer.invoked` for buyer-console PostHog events; `agent.kb_suggestion_seller.invoked` for seller-console PostHog events) at PostHog ingestion time based on the event's `console` property; never to the family-root identifier. Validator runs at every PricingTableVersion publish + every OutcomeContract row mutation; fail-closed blocks deploy.",".github/workflows/deploy-validator.yml, .github/workflows/test-strategy.yml, convex/deploy_validators, tests/integration",".github/workflows/deploy-validator.yml:missing; .github/workflows/test-strategy.yml:missing; convex/deploy_validators:missing; tests/integration:missing","required_product_runtime_evidence_missing","Runtime status is still spec_binding_pending_pack_m11_3; required artifact evidence not promoted. Checked: .github/workflows/deploy-validator.yml, .github/workflows/test-strategy.yml, convex/deploy_validators, tests/integration."
"kb_suggestion_alias_console_resolution_integrity","runtime_evidence","Sourcera_Master_Spec.md","72208","M.5.15 v7.2.0-REM Phase 4.2 catalog additions (P0 Entitlement Registry — D-EM-002 Closure + kb_suggestion Family-Rooted Sibling Split) {#m-5-15-v72rem-phase-4-2-additions}","blocker","v7.2.0-REM Phase 4.2 catalog additions (P0 Entitlement Registry — D-EM-002 Closure + kb_suggestion Family-Rooted Sibling Split) {#m-5-15-v72rem-phase-4-2-additions}","spec_binding_pending_pack_m11_3","m11_3","cross_feature_invariant","deploy_validator + runtime_test","Deploy-time validator at `convex/deploy_validators/kb_suggestion_alias_console_resolution_integrity.ts` + runtime property test at `tests/integration/kb_suggestion_alias_console_resolution.spec.ts`. Asserts the §21.4.1.D Footnote A console-disambiguated alias-rewrite contract — a deliberate divergence from the §21.4.1.B `qa_suggestion_*` alias contract because the legacy `kb_suggestion` string had cross-console rate-card history before the D-EM-013 split and both consoles invoked it from v7.0.0 stamp onward. Three sub-assertions: (a) Deterministic console-disambiguated rewrite. A legacy `capability_id = kb_suggestion` invocation from a buyer-console session resolves to `kb_suggestion_buyer`; from a seller-console session, to `kb_suggestion_seller`. Runtime test fires 1,000 synthetic invocations from each console and asserts the routing distribution. (b) Console-indeterminate rejection. An invocation with no clear console context (a synthetic test scenario; not reachable in production per §7.2 firewall enforcement) is rejected with HTTP 422 `capability_alias_console_indeterminate` (new; Appendix I v7.2.0-REM Phase 4.2 extension). (c) No family-root absorption. No AIOperation row writes against the family-root `kb_suggestion_family` identifier when the legacy alias is invoked (verifying that the alias-rewrite resolver bypasses the rollup root, per the §21.4.1.D Row 1 contract that the rollup root's `aliases` array is empty). The validator inspects the alias-rewrite resolver's routing table at deploy time and asserts none of the legacy strings map to the family root. Fail-closed on any sub-assertion violation.",".github/workflows/deploy-validator.yml, .github/workflows/test-strategy.yml, convex/deploy_validators, tests/integration",".github/workflows/deploy-validator.yml:missing; .github/workflows/test-strategy.yml:missing; convex/deploy_validators:missing; tests/integration:missing","required_product_runtime_evidence_missing","Runtime status is still spec_binding_pending_pack_m11_3; required artifact evidence not promoted. Checked: .github/workflows/deploy-validator.yml, .github/workflows/test-strategy.yml, convex/deploy_validators, tests/integration."
"first_pass_rfp_draft_outcome_contract_isolation","runtime_evidence","Sourcera_Master_Spec.md","72232","M.5.16 v7.2.0-REM Phase 4.3 catalog additions (P0 Entitlement Registry — D-EM-003 Closure + first_pass_rfp_draft Per-Requirement Registry Row) {#m-5-16-v72rem-phase-4-3-additions}","blocker","v7.2.0-REM Phase 4.3 catalog additions (P0 Entitlement Registry — D-EM-003 Closure + first_pass_rfp_draft Per-Requirement Registry Row) {#m-5-16-v72rem-phase-4-3-additions}","spec_binding_pending_pack_m11_3","m11_3","cross_feature_invariant","deploy_validator + runtime_test","Deploy-time validator at `convex/deploy_validators/first_pass_rfp_draft_outcome_contract_isolation.ts` + runtime property test at `tests/integration/first_pass_rfp_draft_outcome_contract_isolation.spec.ts`. Asserts the §21.4.1.E shared-signal-name with independent-contract-rows pattern: `first_pass_rfp_draft` (per-requirement, Seller-Free customer-billed; registered at §21.4.1.E) and `first_pass_responses` (batch-of-100, Seller-Starter+, Managed Agent; registered at §21.4.2 row 3) share the OutcomeContract signal name `first_pass_rfp_draft` (the artifact class is identical — RFP draft text) but settle against independent OutcomeContract rows per §4.8.4 AC #1. Five sub-assertions: (a) FK independence at deploy time. `(SELECT outcome_contract_id FROM CapabilityRegistryEntry WHERE capability_id='first_pass_rfp_draft') ≠ (SELECT outcome_contract_id FROM CapabilityRegistryEntry WHERE capability_id='first_pass_responses')`. Deploy fails closed on equality. (b) Per-row Outcome Resolver routing. The §34.11 Outcome Resolver loads the OutcomeContract version active at the *AIOperation's* `created_at` per the per-row FK — NOT via signal-name lookup. The validator inspects the Outcome Resolver routing table and asserts the resolver indexes by `capability_id`, NOT by signal name. (c) Contract-version isolation under bump. A contract-version bump on `first_pass_responses` (e.g., changing accept threshold from 50% to 60%) MUST NOT retroactively re-resolve in-flight `first_pass_rfp_draft` operations. The validator runs a synthetic bump scenario at every `PricingTableVersion` publish and asserts the `first_pass_rfp_draft` OutcomeContract row's `version` is unchanged and that AIOperation rows with `capability_id='first_pass_rfp_draft'` and `settlement_state='pending'` retain their previously-resolved OutcomeContract FK. (d) SellerOutcomeSignalConfig isolation. The §4.8.13 `SellerOutcomeSignalConfig` is indexed by `capability_id`, not by signal name. The validator asserts that a SellerOutcomeSignalConfig override on the seller-side for `first_pass_responses` (e.g., raising `min_retention_threshold_pct` from 50 to 75 per the §4.8.13 row 9162 default) does NOT bleed into `first_pass_rfp_draft` resolution. (e) PostHog event-name distinctness. The AIOperation Usage Event PostHog stream MUST emit `agent.first_pass_rfp_draft.invoked` for §21.4.1.E invocations and `agent.first_pass_responses.invoked` for §21.4.2 row 3 batch invocations — distinct event names per the Appendix G v7.2.0-REM Phase 4.3 + Phase 14.x registrations; the events MUST NOT be aliased to a shared name despite the shared OutcomeContract signal name. Property test fires 1,000 synthetic invocations of each capability and asserts the PostHog ingestion routing. Fail-closed on any sub-assertion violation.",".github/workflows/deploy-validator.yml, .github/workflows/test-strategy.yml, convex/deploy_validators, tests/integration",".github/workflows/deploy-validator.yml:missing; .github/workflows/test-strategy.yml:missing; convex/deploy_validators:missing; tests/integration:missing","required_product_runtime_evidence_missing","Runtime status is still spec_binding_pending_pack_m11_3; required artifact evidence not promoted. Checked: .github/workflows/deploy-validator.yml, .github/workflows/test-strategy.yml, convex/deploy_validators, tests/integration."
"legal_entity_residency_change_revenue_leak_test","runtime_evidence","Sourcera_Master_Spec.md","72267","M.5.17 v7.2.0-REM Phase 5 catalog additions (P0 Residency & Legal-Entity Reconciliation — D-RES-004 Closure + Stripe Customer Atomic-Binding Protocol) {#m-5-17-v72rem-phase-5-additions}","blocker","v7.2.0-REM Phase 5 catalog additions (P0 Residency & Legal-Entity Reconciliation — D-RES-004 Closure + Stripe Customer Atomic-Binding Protocol) {#m-5-17-v72rem-phase-5-additions}","spec_binding_pending_pack_m24_3","m24_3","cross_feature_invariant","deploy_validator + runtime_test + synthetic_monitor","Deploy-time validator at `convex/deploy_validators/legal_entity_residency_change_revenue_leak_test.ts` + runtime property test at `tests/integration/legal_entity_residency_change_revenue_leak_test.spec.ts` + Datadog synthetic monitor `legal_entity_residency_change_revenue_leak_monitor` evaluating every 5 minutes against the production Convex deployment. Asserts six sub-assertions covering the §34.10.5.A Stripe-Customer Atomic-Binding Protocol end-to-end: (a) Canonical 4-value enforcement (write-time). Convex schema validator rejects any AIOperation, AIWallet, AIWalletLedgerEntry, or MarketplaceDiscoveryRevenueRecord write with `legal_entity ∉ {sourcera_us_llc, sourcera_eu_gmbh, sourcera_apac_pte, sourcera_custom}`; the legacy value `sourcera_uk_ltd` MUST be rejected on new writes with HTTP 422 (or its Convex-validator equivalent). Synthetic test: 4 successful canonical writes + 1 rejected `sourcera_uk_ltd` write per entity type (= 20 synthetic writes total). (b) Residency-change atomic transaction. A synthetic Organization mutation transitioning `data_residency_region` from any canonical value to any other canonical value MUST execute the five-step transaction in §34.10.5.A invariant #3 in the specified order; any step failure rolls back the entire mutation; concurrent residency-change attempts on the same Org serialize via the row-level lock. Test fires 100 synthetic residency-change cycles with 10 concurrent-attempt scenarios; failure rate MUST be 0%. (c) Stripe Customer 1:1 binding under unique index. A second `Customer.create` attempt for the same `(org_id, legal_entity)` keyed Org-Customer pair MUST be rejected at the `Organization.stripe_customer_id_active` unique-index layer with HTTP 422 `stripe_customer_active_duplicate`. Synthetic test: 10 attempts to create a duplicate active Customer; all 10 MUST be rejected. (d) Outcome Resolver legacy-legal-entity routing. A synthetic AIOperation written with `legal_entity = sourcera_us_llc` settles against the pre-cutover Stripe Customer even after the Organization has rebinded to `sourcera_eu_gmbh` (per §34.10.5.A invariant #4 + AC #4). Test fires 50 synthetic AIOperations written pre-cutover and settled post-cutover; the resolver MUST route to `Organization.stripe_customer_id_historical[]` for the matching legal-entity entry. (e) Historical `sourcera_uk_ltd` row read-fidelity. A synthetic AIOperation row historically settled with `legal_entity = sourcera_uk_ltd` (seeded into the test database via the v7.0.0 pre-Phase-2V row simulator) MUST remain readable through Ops-Finance and Compliance projections; the Outcome Resolver MUST NOT mutate the row's `legal_entity` field; no new Stripe Customer assignment MUST be keyed off the legacy row. Test fires 25 synthetic legacy-row reads + 25 synthetic post-Phase-5 writes; legacy reads succeed, post-Phase-5 writes with `legal_entity = sourcera_uk_ltd` are rejected. (f) `custom`-residency Org binding correctness. A synthetic Organization with `data_residency_region = custom` + `custom_sovereign_residency_label = uk_crown_secure` MUST receive a Stripe Customer keyed on `(org_id, sourcera_custom)` with `metadata.custom_sovereign_residency_label = uk_crown_secure`; AC #14 (the deterministic mapping AC) MUST fire fail-open (the legitimate `custom` cohort is no longer blocked by the missing `custom → sourcera_custom` mapping row). Test fires 10 `custom`-residency Org-creation scenarios with 4 distinct `custom_sovereign_residency_label` values; all 10 MUST succeed with the correct Stripe Customer metadata. Fail-closed on any sub-assertion violation.",".github/workflows/billing-runtime.yml, tests/billing, convex/deploy_validators",".github/workflows/billing-runtime.yml:missing; tests/billing:missing; convex/deploy_validators:missing","required_product_runtime_evidence_missing","Runtime status is still spec_binding_pending_pack_m24_3; required artifact evidence not promoted. Checked: .github/workflows/billing-runtime.yml, tests/billing, convex/deploy_validators."
"org_custom_residency_label_required","runtime_evidence","Sourcera_Master_Spec.md","72269","M.5.17 v7.2.0-REM Phase 5 catalog additions (P0 Residency & Legal-Entity Reconciliation — D-RES-004 Closure + Stripe Customer Atomic-Binding Protocol) {#m-5-17-v72rem-phase-5-additions}","blocker","v7.2.0-REM Phase 5 catalog additions (P0 Residency & Legal-Entity Reconciliation — D-RES-004 Closure + Stripe Customer Atomic-Binding Protocol) {#m-5-17-v72rem-phase-5-additions}","spec_binding_pending_pack_m11_3","m11_3","per_feature_gate","runtime_test","Runtime property test at `tests/integration/org_custom_residency_label_required.spec.ts`. Asserts that any Organization mutation setting `data_residency_region = custom` with `custom_sovereign_residency_label = null` is rejected at the §4.1.1 Organization-write layer with HTTP 422 `organization_custom_residency_label_required`. The test fires 20 synthetic Organization writes with `custom` residency + null label (all MUST be rejected) + 10 with `custom` + non-null label (all MUST succeed). Fail-closed on any sub-assertion violation.",".github/workflows/deploy-validator.yml, .github/workflows/test-strategy.yml, convex/deploy_validators, tests/integration",".github/workflows/deploy-validator.yml:missing; .github/workflows/test-strategy.yml:missing; convex/deploy_validators:missing; tests/integration:missing","required_product_runtime_evidence_missing","Runtime status is still spec_binding_pending_pack_m11_3; required artifact evidence not promoted. Checked: .github/workflows/deploy-validator.yml, .github/workflows/test-strategy.yml, convex/deploy_validators, tests/integration."
"solo_trial_one_per_org_lifetime","runtime_evidence","Sourcera_Master_Spec.md","72354","M.5.21 v7.2.0-REM P1 Solo trial additions (D-14.1-002 / D-14.2-002 closure) {#m-5-21-v72rem-p1-solo-trial-additions}","blocker","v7.2.0-REM P1 Solo trial additions (D-14.1-002 / D-14.2-002 closure) {#m-5-21-v72rem-p1-solo-trial-additions}","spec_binding_pending_pack_m02_3","m02_3","cross_feature_invariant","pr_lint + deploy_validator","Every accepted Solo migration `TrialState` is unique by `(org_id, console, legal_entity, trial_kind)`; accepts only eligible existing v2-cohort Free Orgs; active Solo migration trials suppress per-evaluation and per-bid charges; day-91 auto-downgrade emits `billing.plan.downgraded`, `billing.solo_trial.ended`, and `org.solo_trial_ended` atomically; fails closed on duplicate acceptance, missing Appendix C/G/J/I registration, or a Solo-trial plan change lacking `trial_state_id`. Local guard `tools/spec-lint/gates/solo_trial_one_per_org_lifetime.ts` and pass/fail fixtures verify the spec-tree contract; deployed eligibility, transaction, and billing-suppression validator evidence remains required.","deployed eligibility, transaction, and billing-suppression validator evidence remains required","tools/spec-lint/gates/solo_trial_one_per_org_lifetime.ts:present","local_guard_present_external_evidence_pending","Runtime status is still spec_binding_pending_pack_m02_3; required artifact evidence not promoted. No candidate path is inferred; use the row execution context and assertion."
"solo_upgrade_cta_threshold_3_events_30d_subscription_immediate_per_eval_bid","runtime_evidence","Sourcera_Master_Spec.md","72364","M.5.22 v7.2.0-REM P1 Solo throttling upgrade-CTA additions (D-14.1-003 / D-14.2-003 closure) {#m-5-22-v72rem-p1-solo-throttling-upgrade-cta-additions}","blocker","v7.2.0-REM P1 Solo throttling upgrade-CTA additions (D-14.1-003 / D-14.2-003 closure) {#m-5-22-v72rem-p1-solo-throttling-upgrade-cta-additions}","spec_binding_pending_pack_m02_3","m02_3","cross_feature_invariant","pr_lint + deploy_validator","Subscription-mode Buyer/Seller Solo emits `billing.solo_upgrade_cta.triggered` only after ≥ 3 `solo.envelope.throttling_engaged` events in a rolling 30-day window per `(org_id, console)`; Buyer Solo per-evaluation emits on the first `solo.envelope.exhausted` event in the charged evaluation; Seller Solo per-bid emits on the first `solo.envelope.exhausted` event in the charged bid; target plans resolve to `business_starter` / `seller_starter`; CTA placement excludes the §44.6.4 throttling toast; payload excludes envelope values, costs, raw content, buyer/seller identity leakage, and per-capability spend. Fails closed on missing Appendix C/G/J registration or stale `upgrade_completed.trigger` attribution. Local guard `tools/spec-lint/gates/solo_upgrade_cta_threshold_3_events_30d_subscription_immediate_per_eval_bid.ts` and pass/fail fixtures verify source consistency; deployed aggregation, idempotency, and render evidence remains required.","deployed aggregation, idempotency, and render evidence remains required","tools/spec-lint/gates/solo_upgrade_cta_threshold_3_events_30d_subscription_immediate_per_eval_bid.ts:present","local_guard_present_external_evidence_pending","Runtime status is still spec_binding_pending_pack_m02_3; required artifact evidence not promoted. No candidate path is inferred; use the row execution context and assertion."
"member_role_permission_completeness","runtime_evidence","Sourcera_Master_Spec.md","72428","M.5.28 v7.2.0-REM Phase 3.1 RBAC Residual P1 addition (D-3.1-003 / D-3.1-004 / D-3.1-005 / D-3.1-007 / D-3.1-014 closure) {#m-5-28-v72rem-phase-3-1-rbac-residual-p1-addition}","blocker","v7.2.0-REM Phase 3.1 RBAC Residual P1 addition (D-3.1-003 / D-3.1-004 / D-3.1-005 / D-3.1-007 / D-3.1-014 closure) {#m-5-28-v72rem-phase-3-1-rbac-residual-p1-addition}","spec_binding_pending_pack_m11_3","m11_3","rbac_contract_consistency","pr_lint + deploy_validator + endpoint_fixture","§5.2.2 MUST enumerate every operation a bare `member` can perform; endpoint RBAC fixtures MUST prove a bare `member` can read only the Org / self / team projections listed there and cannot read billing, Workspace, Seller Console, Marketplace publisher, webhook, API token, or Ops surfaces unless another role grants that surface.",".github/workflows/deploy-validator.yml, .github/workflows/test-strategy.yml, convex/deploy_validators, tests/integration",".github/workflows/deploy-validator.yml:missing; .github/workflows/test-strategy.yml:missing; convex/deploy_validators:missing; tests/integration:missing","required_product_runtime_evidence_missing","Runtime status is still spec_binding_pending_pack_m11_3; required artifact evidence not promoted. Checked: .github/workflows/deploy-validator.yml, .github/workflows/test-strategy.yml, convex/deploy_validators, tests/integration."
"org_admin_billing_read_consistency","runtime_evidence","Sourcera_Master_Spec.md","72429","M.5.28 v7.2.0-REM Phase 3.1 RBAC Residual P1 addition (D-3.1-003 / D-3.1-004 / D-3.1-005 / D-3.1-007 / D-3.1-014 closure) {#m-5-28-v72rem-phase-3-1-rbac-residual-p1-addition}","blocker","v7.2.0-REM Phase 3.1 RBAC Residual P1 addition (D-3.1-003 / D-3.1-004 / D-3.1-005 / D-3.1-007 / D-3.1-014 closure) {#m-5-28-v72rem-phase-3-1-rbac-residual-p1-addition}","spec_binding_pending_pack_m11_3","m11_3","rbac_contract_consistency","pr_lint + deploy_validator + endpoint_fixture","§5.2 Org Admin wording, §5.2.1 operations, §4.8 billing entity RBAC, §32.8 endpoint RBAC, and §5.11 Billing & AI Accounting rows MUST agree: `org_admin` has read-only access to enumerated own-Org billing rows and no billing mutation authority unless also holding `billing_admin`.",".github/workflows/deploy-validator.yml, .github/workflows/test-strategy.yml, convex/deploy_validators, tests/integration",".github/workflows/deploy-validator.yml:missing; .github/workflows/test-strategy.yml:missing; convex/deploy_validators:missing; tests/integration:missing","required_product_runtime_evidence_missing","Runtime status is still spec_binding_pending_pack_m11_3; required artifact evidence not promoted. Checked: .github/workflows/deploy-validator.yml, .github/workflows/test-strategy.yml, convex/deploy_validators, tests/integration."
"buyer_console_role_permission_completeness","runtime_evidence","Sourcera_Master_Spec.md","72430","M.5.28 v7.2.0-REM Phase 3.1 RBAC Residual P1 addition (D-3.1-003 / D-3.1-004 / D-3.1-005 / D-3.1-007 / D-3.1-014 closure) {#m-5-28-v72rem-phase-3-1-rbac-residual-p1-addition}","blocker","v7.2.0-REM Phase 3.1 RBAC Residual P1 addition (D-3.1-003 / D-3.1-004 / D-3.1-005 / D-3.1-007 / D-3.1-014 closure) {#m-5-28-v72rem-phase-3-1-rbac-residual-p1-addition}","spec_binding_pending_pack_m11_3","m11_3","rbac_contract_consistency","pr_lint + deploy_validator + endpoint_fixture","§5.3.1 operation rows MUST cover the Buyer Console roles declared in §5.3 and Appendix J; endpoint RBAC predicates and §5.11 cells MUST agree for workspace lifecycle, team management, phase transitions, Use Case / Requirement CRUD, scoring, disqualification, comments, Selection Report, export, audit-log, and Defense View operations.",".github/workflows/deploy-validator.yml, .github/workflows/test-strategy.yml, convex/deploy_validators, tests/integration",".github/workflows/deploy-validator.yml:missing; .github/workflows/test-strategy.yml:missing; convex/deploy_validators:missing; tests/integration:missing","required_product_runtime_evidence_missing","Runtime status is still spec_binding_pending_pack_m11_3; required artifact evidence not promoted. Checked: .github/workflows/deploy-validator.yml, .github/workflows/test-strategy.yml, convex/deploy_validators, tests/integration."
"seller_console_role_permission_completeness","runtime_evidence","Sourcera_Master_Spec.md","72431","M.5.28 v7.2.0-REM Phase 3.1 RBAC Residual P1 addition (D-3.1-003 / D-3.1-004 / D-3.1-005 / D-3.1-007 / D-3.1-014 closure) {#m-5-28-v72rem-phase-3-1-rbac-residual-p1-addition}","blocker","v7.2.0-REM Phase 3.1 RBAC Residual P1 addition (D-3.1-003 / D-3.1-004 / D-3.1-005 / D-3.1-007 / D-3.1-014 closure) {#m-5-28-v72rem-phase-3-1-rbac-residual-p1-addition}","spec_binding_pending_pack_m11_3","m11_3","rbac_contract_consistency","pr_lint + deploy_validator + endpoint_fixture","§5.5.1 operation rows MUST cover all Appendix J `seller_workspace_role` values and agree with §5.11.2 overlays, §22 KB authority, §27 Marketplace / Seller Signal authority, §31.9 CRM Sync authority, §34.12.6 seller billing authority, and Seller Console endpoint RBAC predicates.",".github/workflows/deploy-validator.yml, .github/workflows/test-strategy.yml, convex/deploy_validators, tests/integration",".github/workflows/deploy-validator.yml:missing; .github/workflows/test-strategy.yml:missing; convex/deploy_validators:missing; tests/integration:missing","required_product_runtime_evidence_missing","Runtime status is still spec_binding_pending_pack_m11_3; required artifact evidence not promoted. Checked: .github/workflows/deploy-validator.yml, .github/workflows/test-strategy.yml, convex/deploy_validators, tests/integration."
"seller_onboarding_reactivation_single_source","runtime_evidence","Sourcera_Master_Spec.md","72451","M.5.30 v7.2.0-REM Phase 5.7 Seller Onboarding Lifecycle P1 addition (D-5.7-002 / D-5.7-003 closure) {#m-5-30-v72rem-phase-5-7-seller-onboarding-lifecycle-p1-addition}","blocker","v7.2.0-REM Phase 5.7 Seller Onboarding Lifecycle P1 addition (D-5.7-002 / D-5.7-003 closure) {#m-5-30-v72rem-phase-5-7-seller-onboarding-lifecycle-p1-addition}","spec_binding_pending_pack_m11_3","m11_3","catalog_consistency","pr_lint + deploy_validator","§4.4.22 Computation Rules, §4.4.22 AC #9, §49.1.1 Workflow step 2, §49.1.1 failure mode 6, and §49.1.1 AC #7 MUST agree that a same-invite seller return after pre-activation abandonment re-enters the existing SellerOnboardingSession row, preserves the original `stage_1_arrival_at`, and transitions to `reactivated` on first requirement response. The gate fails closed on normative §49.1.1 text that claims a new row is created for same-invite reactivation, claims a unique-index carve-out on abandoned rows, or resets the activation-metric start timestamp.",".github/workflows/deploy-validator.yml, .github/workflows/test-strategy.yml, convex/deploy_validators, tests/integration",".github/workflows/deploy-validator.yml:missing; .github/workflows/test-strategy.yml:missing; convex/deploy_validators:missing; tests/integration:missing","required_product_runtime_evidence_missing","Runtime status is still spec_binding_pending_pack_m11_3; required artifact evidence not promoted. Checked: .github/workflows/deploy-validator.yml, .github/workflows/test-strategy.yml, convex/deploy_validators, tests/integration."
"seller_onboarding_staleness_window_single_source","runtime_evidence","Sourcera_Master_Spec.md","72452","M.5.30 v7.2.0-REM Phase 5.7 Seller Onboarding Lifecycle P1 addition (D-5.7-002 / D-5.7-003 closure) {#m-5-30-v72rem-phase-5-7-seller-onboarding-lifecycle-p1-addition}","blocker","v7.2.0-REM Phase 5.7 Seller Onboarding Lifecycle P1 addition (D-5.7-002 / D-5.7-003 closure) {#m-5-30-v72rem-phase-5-7-seller-onboarding-lifecycle-p1-addition}","spec_binding_pending_pack_m11_3","m11_3","numerical_singleton_invariant","pr_lint + deploy_validator","§4.4.22 Computation Rules are the sole canonical home for SellerOnboardingSession lifecycle timing: pre-activation abandonment and post-activation churn. §49.1 may cite §4.4.22 or restate a trigger only when the sentence also names the §4.4.22 classifier; §40.2 may describe retention only and MUST NOT define lifecycle TTLs. The gate fails closed on orphaned retired two-week staleness-sweep language, any post-activation churn path that writes `abandoned`, or any retention-table row that becomes the source of a lifecycle classifier window.",".github/workflows/deploy-validator.yml, .github/workflows/test-strategy.yml, convex/deploy_validators, tests/integration",".github/workflows/deploy-validator.yml:missing; .github/workflows/test-strategy.yml:missing; convex/deploy_validators:missing; tests/integration:missing","required_product_runtime_evidence_missing","Runtime status is still spec_binding_pending_pack_m11_3; required artifact evidence not promoted. Checked: .github/workflows/deploy-validator.yml, .github/workflows/test-strategy.yml, convex/deploy_validators, tests/integration."
"email_bounce_complaint_suppression_runtime","runtime_evidence","Sourcera_Master_Spec.md","72630","M.5.45 v7.2.0-REM Phase 41 Email Domain P1 addition (D-41-001 through D-41-008, D-41-012, D-41-014 closure) {#m-5-45-v72rem-phase-41-email-domain-p1-addition}","blocker","v7.2.0-REM Phase 41 Email Domain P1 addition (D-41-001 through D-41-008, D-41-012, D-41-014 closure) {#m-5-45-v72rem-phase-41-email-domain-p1-addition}","spec_binding_pending_pack_m02_3","m02_3","runtime_property_test","pr_lint + runtime_test","A provider hard bounce or complaint MUST create/update SuppressionListEntry and block the next send to the same recipient hash before provider dispatch; event sequence must include `email_send_bounced` or `email_send_complained` before the suppression block. Local guard `tools/spec-lint/gates/email_bounce_complaint_suppression_runtime.ts` and pass/fail fixtures protect the spec contract; deployed provider-webhook and pre-dispatch suppression evidence remains required.","deployed provider-webhook and pre-dispatch suppression evidence remains required","tools/spec-lint/gates/email_bounce_complaint_suppression_runtime.ts:present","local_guard_present_external_evidence_pending","Runtime status is still spec_binding_pending_pack_m02_3; required artifact evidence not promoted. No candidate path is inferred; use the row execution context and assertion."
"contest_window_db_trigger_present","runtime_evidence","Sourcera_Master_Spec.md","72647","M.5.46 v7.2.0-REM Phase CONS Pricing Core P1 addition (D-CONS-003 through D-CONS-013 closure) {#m-5-46-v72rem-phase-cons-pricing-core-p1-addition}","blocker","v7.2.0-REM Phase CONS Pricing Core P1 addition (D-CONS-003 through D-CONS-013 closure) {#m-5-46-v72rem-phase-cons-pricing-core-p1-addition}","spec_binding_pending_pack_m11_3","m11_3","data_integrity_invariant","deploy_validator + runtime_test","Direct `ContestRecord` writes outside §32.8 contest APIs MUST be rejected by the database trigger `contest_record_window_guard`; test fixtures MUST prove the same 14-day window and provenance-hash predicates are enforced at API and direct-write layers.",".github/workflows/deploy-validator.yml, .github/workflows/test-strategy.yml, convex/deploy_validators, tests/integration",".github/workflows/deploy-validator.yml:missing; .github/workflows/test-strategy.yml:missing; convex/deploy_validators:missing; tests/integration:missing","required_product_runtime_evidence_missing","Runtime status is still spec_binding_pending_pack_m11_3; required artifact evidence not promoted. Checked: .github/workflows/deploy-validator.yml, .github/workflows/test-strategy.yml, convex/deploy_validators, tests/integration."
"free_allowance_plan_entitlement_partitioning","runtime_evidence","Sourcera_Master_Spec.md","72648","M.5.46 v7.2.0-REM Phase CONS Pricing Core P1 addition (D-CONS-003 through D-CONS-013 closure) {#m-5-46-v72rem-phase-cons-pricing-core-p1-addition}","blocker","v7.2.0-REM Phase CONS Pricing Core P1 addition (D-CONS-003 through D-CONS-013 closure) {#m-5-46-v72rem-phase-cons-pricing-core-p1-addition}","spec_binding_pending_pack_m11_3","m11_3","billing_counter_invariant","runtime_test","`FreeAllowanceCounter` rows with `scope_hint=plan_entitlement_partitioned` MUST decrement `plan_entitlement_quota_consumed` without granting additive PLG free allowance, and plan-tier quota exhaustion MUST NOT mutate lifetime PLG counters for unrelated capabilities.",".github/workflows/deploy-validator.yml, .github/workflows/test-strategy.yml, convex/deploy_validators, tests/integration",".github/workflows/deploy-validator.yml:missing; .github/workflows/test-strategy.yml:missing; convex/deploy_validators:missing; tests/integration:missing","required_product_runtime_evidence_missing","Runtime status is still spec_binding_pending_pack_m11_3; required artifact evidence not promoted. Checked: .github/workflows/deploy-validator.yml, .github/workflows/test-strategy.yml, convex/deploy_validators, tests/integration."
"wallet_auto_topup_period_cap_counter_completeness","runtime_evidence","Sourcera_Master_Spec.md","72651","M.5.46 v7.2.0-REM Phase CONS Pricing Core P1 addition (D-CONS-003 through D-CONS-013 closure) {#m-5-46-v72rem-phase-cons-pricing-core-p1-addition}","blocker","v7.2.0-REM Phase CONS Pricing Core P1 addition (D-CONS-003 through D-CONS-013 closure) {#m-5-46-v72rem-phase-cons-pricing-core-p1-addition}","spec_binding_pending_pack_m11_3","m11_3","billing_counter_invariant","runtime_test","AIWallet auto-topup config and execution MUST enforce daily, weekly, and monthly caps from persisted max/consumed/window fields, reset stale windows before charge attempts, reject daily/weekly cap overruns with Appendix I errors, and emit cap-failure payloads through §31.8.4.",".github/workflows/deploy-validator.yml, .github/workflows/test-strategy.yml, convex/deploy_validators, tests/integration",".github/workflows/deploy-validator.yml:missing; .github/workflows/test-strategy.yml:missing; convex/deploy_validators:missing; tests/integration:missing","required_product_runtime_evidence_missing","Runtime status is still spec_binding_pending_pack_m11_3; required artifact evidence not promoted. Checked: .github/workflows/deploy-validator.yml, .github/workflows/test-strategy.yml, convex/deploy_validators, tests/integration."
"pulse_digest_summary_firewall","runtime_evidence","Sourcera_Master_Spec.md","72668","M.5.47 v7.2.0-REM Phase 4.11 Inbox and Pulse P1 continuation addition (D-4.11-006, D-4.11-008 through D-4.11-016 closure) {#m-5-47-v72rem-phase-4-11-inbox-and-pulse-p1-continuation-addition}","blocker","v7.2.0-REM Phase 4.11 Inbox and Pulse P1 continuation addition (D-4.11-006, D-4.11-008 through D-4.11-016 closure) {#m-5-47-v72rem-phase-4-11-inbox-and-pulse-p1-continuation-addition}","spec_binding_pending_pack_m11_3","m11_3","cross_console_firewall_invariant","runtime_test","Generated Pulse Digest summaries MUST be blocked when post-generation validation detects seller, buyer, or Marketplace-domain names outside the recipient's §5.11 projection; fallback copy must still send.",".github/workflows/deploy-validator.yml, .github/workflows/test-strategy.yml, convex/deploy_validators, tests/integration",".github/workflows/deploy-validator.yml:missing; .github/workflows/test-strategy.yml:missing; convex/deploy_validators:missing; tests/integration:missing","required_product_runtime_evidence_missing","Runtime status is still spec_binding_pending_pack_m11_3; required artifact evidence not promoted. Checked: .github/workflows/deploy-validator.yml, .github/workflows/test-strategy.yml, convex/deploy_validators, tests/integration."
"inbox_mutation_idempotency_contract","runtime_evidence","Sourcera_Master_Spec.md","72671","M.5.47 v7.2.0-REM Phase 4.11 Inbox and Pulse P1 continuation addition (D-4.11-006, D-4.11-008 through D-4.11-016 closure) {#m-5-47-v72rem-phase-4-11-inbox-and-pulse-p1-continuation-addition}","blocker","v7.2.0-REM Phase 4.11 Inbox and Pulse P1 continuation addition (D-4.11-006, D-4.11-008 through D-4.11-016 closure) {#m-5-47-v72rem-phase-4-11-inbox-and-pulse-p1-continuation-addition}","spec_binding_pending_pack_m11_3","m11_3","api_idempotency_invariant","runtime_test","Inbox read, dismiss, restore, and mark-all-read mutations MUST require `Idempotency-Key`, reject same-key / different-body replay, and never duplicate audit, PostHog, Unread Marker, or async-job writes.",".github/workflows/deploy-validator.yml, .github/workflows/test-strategy.yml, convex/deploy_validators, tests/integration",".github/workflows/deploy-validator.yml:missing; .github/workflows/test-strategy.yml:missing; convex/deploy_validators:missing; tests/integration:missing","required_product_runtime_evidence_missing","Runtime status is still spec_binding_pending_pack_m11_3; required artifact evidence not promoted. Checked: .github/workflows/deploy-validator.yml, .github/workflows/test-strategy.yml, convex/deploy_validators, tests/integration."
"agent_feedback_no_model_training","runtime_evidence","Sourcera_Master_Spec.md","72685","M.5.48 v7.2.0-REM Phase 4.12 Agent Core P1 addition (D-4.12-001 / -013 / -018 / -019 / -025 / -029 / -035 closure) {#m-5-48-v72rem-phase-4-12-agent-core-p1-addition}","blocker","v7.2.0-REM Phase 4.12 Agent Core P1 addition (D-4.12-001 / -013 / -018 / -019 / -025 / -029 / -035 closure) {#m-5-48-v72rem-phase-4-12-agent-core-p1-addition}","spec_binding_pending_pack_m11_3","m11_3","privacy_invariant","deploy_validator + runtime_test","`AgentFeedbackRecord.used_for_model_training` MUST be immutable false; helpful / not-helpful / hallucination feedback may tune per-Org thresholds only and MUST NOT train, fine-tune, recalibrate, or export to provider model-training systems.",".github/workflows/deploy-validator.yml, .github/workflows/test-strategy.yml, convex/deploy_validators, tests/integration",".github/workflows/deploy-validator.yml:missing; .github/workflows/test-strategy.yml:missing; convex/deploy_validators:missing; tests/integration:missing","required_product_runtime_evidence_missing","Runtime status is still spec_binding_pending_pack_m11_3; required artifact evidence not promoted. Checked: .github/workflows/deploy-validator.yml, .github/workflows/test-strategy.yml, convex/deploy_validators, tests/integration."
"policy_ingestion_partial_resume_idempotency","runtime_evidence","Sourcera_Master_Spec.md","72702","M.5.49 v7.2.0-REM Phase 12 Policy Ingestion P1 addition (D-12-001 / -003 / -005 / -007 / -009 / -010 / -011 / -013 / -018 / -022 closure) {#m-5-49-v72rem-phase-12-policy-ingestion-p1-addition}","blocker","v7.2.0-REM Phase 12 Policy Ingestion P1 addition (D-12-001 / -003 / -005 / -007 / -009 / -010 / -011 / -013 / -018 / -022 closure) {#m-5-49-v72rem-phase-12-policy-ingestion-p1-addition}","spec_binding_pending_pack_m11_3","m11_3","api_idempotency_invariant","runtime_test","Partial extraction MUST persist counters, estimated totals, resume locator, and resume-token hash; same-key replay MUST return the same job; different-key fork attempts MUST return `policy_extraction_partial_resume_required`; no duplicate controls or AIOperations may be written.",".github/workflows/deploy-validator.yml, .github/workflows/test-strategy.yml, convex/deploy_validators, tests/integration",".github/workflows/deploy-validator.yml:missing; .github/workflows/test-strategy.yml:missing; convex/deploy_validators:missing; tests/integration:missing","required_product_runtime_evidence_missing","Runtime status is still spec_binding_pending_pack_m11_3; required artifact evidence not promoted. Checked: .github/workflows/deploy-validator.yml, .github/workflows/test-strategy.yml, convex/deploy_validators, tests/integration."
"policy_ingestion_parent_child_settlement","runtime_evidence","Sourcera_Master_Spec.md","72704","M.5.49 v7.2.0-REM Phase 12 Policy Ingestion P1 addition (D-12-001 / -003 / -005 / -007 / -009 / -010 / -011 / -013 / -018 / -022 closure) {#m-5-49-v72rem-phase-12-policy-ingestion-p1-addition}","blocker","v7.2.0-REM Phase 12 Policy Ingestion P1 addition (D-12-001 / -003 / -005 / -007 / -009 / -010 / -011 / -013 / -018 / -022 closure) {#m-5-49-v72rem-phase-12-policy-ingestion-p1-addition}","spec_binding_pending_pack_m11_3","m11_3","billing_invariant","runtime_test","Within a PolicyIngestionJob, exactly one customer-chargeable `policy_parsing` parent AIOperation may settle; `policy_deduplication` and `policy_traceability_mapping` child operations MUST carry `parent_operation_id`, zero value/cost/effective charge, and no customer-visible standalone rate-card row.",".github/workflows/deploy-validator.yml, .github/workflows/test-strategy.yml, convex/deploy_validators, tests/integration",".github/workflows/deploy-validator.yml:missing; .github/workflows/test-strategy.yml:missing; convex/deploy_validators:missing; tests/integration:missing","required_product_runtime_evidence_missing","Runtime status is still spec_binding_pending_pack_m11_3; required artifact evidence not promoted. Checked: .github/workflows/deploy-validator.yml, .github/workflows/test-strategy.yml, convex/deploy_validators, tests/integration."
"policy_ingestion_buyer_console_firewall","runtime_evidence","Sourcera_Master_Spec.md","72706","M.5.49 v7.2.0-REM Phase 12 Policy Ingestion P1 addition (D-12-001 / -003 / -005 / -007 / -009 / -010 / -011 / -013 / -018 / -022 closure) {#m-5-49-v72rem-phase-12-policy-ingestion-p1-addition}","blocker","v7.2.0-REM Phase 12 Policy Ingestion P1 addition (D-12-001 / -003 / -005 / -007 / -009 / -010 / -011 / -013 / -018 / -022 closure) {#m-5-49-v72rem-phase-12-policy-ingestion-p1-addition}","spec_binding_pending_pack_m11_3","m11_3","cross_console_firewall_invariant","runtime_test","Seller-console, Marketplace, public, cross-Org, and cross-Workspace attempts against Policy Ingestion entities/endpoints MUST return HTTP 404 before existence disclosure; no Policy Ingestion webhook may create ConsoleBridgeEvent fan-out.",".github/workflows/deploy-validator.yml, .github/workflows/test-strategy.yml, convex/deploy_validators, tests/integration",".github/workflows/deploy-validator.yml:missing; .github/workflows/test-strategy.yml:missing; convex/deploy_validators:missing; tests/integration:missing","required_product_runtime_evidence_missing","Runtime status is still spec_binding_pending_pack_m11_3; required artifact evidence not promoted. Checked: .github/workflows/deploy-validator.yml, .github/workflows/test-strategy.yml, convex/deploy_validators, tests/integration."
"workspace_template_idempotency_atomicity","runtime_evidence","Sourcera_Master_Spec.md","72721","M.5.50 v7.2.0-REM Phase 4.10 Template Library API/Event P1 addition (D-4.10-006 / -007 / -008 / -016 closure) {#m-5-50-v72rem-phase-4-10-template-library-api-event-p1-addition}","blocker","v7.2.0-REM Phase 4.10 Template Library API/Event P1 addition (D-4.10-006 / -007 / -008 / -016 closure) {#m-5-50-v72rem-phase-4-10-template-library-api-event-p1-addition}","spec_binding_pending_pack_m11_3","m11_3","api_idempotency_invariant","runtime_test","Save as Template, Apply Update, Workspace from Template, metadata update, delete, and Suggest Improvement MUST require `Idempotency-Key`, dedupe same-key replay, reject same-key/different-body replay, and roll back partial multi-row writes without duplicate AuditEvent, webhook, PostHog, WorkspaceTemplate, WorkspaceTemplateVersion, Workspace, Use Case, or Requirement rows.",".github/workflows/deploy-validator.yml, .github/workflows/test-strategy.yml, convex/deploy_validators, tests/integration",".github/workflows/deploy-validator.yml:missing; .github/workflows/test-strategy.yml:missing; convex/deploy_validators:missing; tests/integration:missing","required_product_runtime_evidence_missing","Runtime status is still spec_binding_pending_pack_m11_3; required artifact evidence not promoted. Checked: .github/workflows/deploy-validator.yml, .github/workflows/test-strategy.yml, convex/deploy_validators, tests/integration."
"scenario_modeling_aioperation_settlement","runtime_evidence","Sourcera_Master_Spec.md","72738","M.5.51 v7.2.0-REM Phase 4.5 Scenario Modeling P1 addition (D-4.5-002 / -003 / -004 / -005 / -006 / -007 / -009 / -011 / -015 closure) {#m-5-51-v72rem-phase-4-5-scenario-modeling-p1-addition}","blocker","v7.2.0-REM Phase 4.5 Scenario Modeling P1 addition (D-4.5-002 / -003 / -004 / -005 / -006 / -007 / -009 / -011 / -015 closure) {#m-5-51-v72rem-phase-4-5-scenario-modeling-p1-addition}","spec_binding_pending_pack_m11_3","m11_3","entitlement_billing_invariant","runtime_test","Persisted recalculation and persisted sensitivity runs MUST create exactly one `scenario_modeling` AIOperation after validation and lock checks; CRUD, compare, export, and preview-only sensitivity MUST create zero customer-billed AIOperations.",".github/workflows/deploy-validator.yml, .github/workflows/test-strategy.yml, convex/deploy_validators, tests/integration",".github/workflows/deploy-validator.yml:missing; .github/workflows/test-strategy.yml:missing; convex/deploy_validators:missing; tests/integration:missing","required_product_runtime_evidence_missing","Runtime status is still spec_binding_pending_pack_m11_3; required artifact evidence not promoted. Checked: .github/workflows/deploy-validator.yml, .github/workflows/test-strategy.yml, convex/deploy_validators, tests/integration."
"entitlement_matrix_non_ai_runtime_branching","runtime_evidence","Sourcera_Master_Spec.md","72754","M.5.52 v7.2.0-REM Phase EM Entitlement Matrix P1 addition (D-EM-005 / -006 / -007 / -009 / -010 / -011 / -013 / -014 / -018 closure) {#m-5-52-v72rem-phase-em-entitlement-matrix-p1-addition}","blocker","v7.2.0-REM Phase EM Entitlement Matrix P1 addition (D-EM-005 / -006 / -007 / -009 / -010 / -011 / -013 / -014 / -018 closure) {#m-5-52-v72rem-phase-em-entitlement-matrix-p1-addition}","spec_binding_pending_pack_m11_3","m11_3","cross_feature_invariant","runtime_test","Rows with `enforcement_mode` beginning `n_a_` MUST branch to §5.11 / owning-feature logic and MUST NOT load CapabilityRegistryEntry, FreeAllowanceCounter, AIWallet, OutcomeContract, or write AIOperation rows.",".github/workflows/deploy-validator.yml, .github/workflows/test-strategy.yml, convex/deploy_validators, tests/integration",".github/workflows/deploy-validator.yml:missing; .github/workflows/test-strategy.yml:missing; convex/deploy_validators:missing; tests/integration:missing","required_product_runtime_evidence_missing","Runtime status is still spec_binding_pending_pack_m11_3; required artifact evidence not promoted. Checked: .github/workflows/deploy-validator.yml, .github/workflows/test-strategy.yml, convex/deploy_validators, tests/integration."
"qa_suggestion_cross_console_firewall_boundary","runtime_evidence","Sourcera_Master_Spec.md","72784","M.5.54 v7.2.0-REM Phase 4.9 Q&A Residual P1 addition (D-4.9-010 / D-4.9-011 / D-4.9-014 closure) {#m-5-54-v72rem-phase-4-9-qa-residual-p1-addition}","blocker","v7.2.0-REM Phase 4.9 Q&A Residual P1 addition (D-4.9-010 / D-4.9-011 / D-4.9-014 closure) {#m-5-54-v72rem-phase-4-9-qa-residual-p1-addition}","spec_binding_pending_pack_m11_3","m11_3","cross_console_firewall_invariant","runtime_test + pr_lint","`qa_suggestion_buyer` MUST NOT call §22.8 KB MCP tools or read Seller KB entries. `qa_suggestion_seller` may retrieve seller KB only through a scoped §22.8 vault JWT and seller-visible Q&A projection. Any buyer-to-seller-KB bridge projection requires a new Authored Extension and fails closed until registered.",".github/workflows/deploy-validator.yml, .github/workflows/test-strategy.yml, convex/deploy_validators, tests/integration",".github/workflows/deploy-validator.yml:missing; .github/workflows/test-strategy.yml:missing; convex/deploy_validators:missing; tests/integration:missing","required_product_runtime_evidence_missing","Runtime status is still spec_binding_pending_pack_m11_3; required artifact evidence not promoted. Checked: .github/workflows/deploy-validator.yml, .github/workflows/test-strategy.yml, convex/deploy_validators, tests/integration."
"marketplace_match_score_snapshot_tuple_uniqueness","runtime_evidence","Sourcera_Master_Spec.md","72798","M.5.55 v7.2.0-REM Phase 6.2 Match Score Entity P1 addition (D-6.2-001 / D-6.2-006 closure) {#m-5-55-v72rem-phase-6-2-match-score-entity-p1-addition}","blocker","v7.2.0-REM Phase 6.2 Match Score Entity P1 addition (D-6.2-001 / D-6.2-006 closure) {#m-5-55-v72rem-phase-6-2-match-score-entity-p1-addition}","spec_binding_pending_pack_m11_3","m11_3","runtime_property_test","runtime_test","Match Score computation MUST materialize exactly one `MarketplaceMatchScoreSnapshot` per `(trigger_class, listing_or_eoi_or_workspace, seller_software_id, model_version_id)` tuple, with idempotent retries and no partial render before snapshot write.",".github/workflows/deploy-validator.yml, .github/workflows/test-strategy.yml, convex/deploy_validators, tests/integration",".github/workflows/deploy-validator.yml:missing; .github/workflows/test-strategy.yml:missing; convex/deploy_validators:missing; tests/integration:missing","required_product_runtime_evidence_missing","Runtime status is still spec_binding_pending_pack_m11_3; required artifact evidence not promoted. Checked: .github/workflows/deploy-validator.yml, .github/workflows/test-strategy.yml, convex/deploy_validators, tests/integration."
"marketplace_proactive_offer_pre_acceptance_redaction","runtime_evidence","Sourcera_Master_Spec.md","72812","M.5.56 v7.2.0-REM Phase 6.2 MarketplaceProactiveOffer P1 addition (D-6.2-015 closure) {#m-5-56-v72rem-phase-6-2-marketplaceproactiveoffer-p1-addition}","blocker","v7.2.0-REM Phase 6.2 MarketplaceProactiveOffer P1 addition (D-6.2-015 closure) {#m-5-56-v72rem-phase-6-2-marketplaceproactiveoffer-p1-addition}","spec_binding_pending_pack_m11_3","m11_3","cross_console_firewall_invariant","runtime_test + pr_lint","Seller-audience reads of `MarketplaceProactiveOffer` and DirectInviteTargetAccount before buyer acceptance MUST NOT serialize buyer Org, Workspace, user, domain, opaque token, or decline identity. Accepted targets may reveal identity only through the atomic §27.9.4 de-anonymization link.",".github/workflows/deploy-validator.yml, .github/workflows/test-strategy.yml, convex/deploy_validators, tests/integration",".github/workflows/deploy-validator.yml:missing; .github/workflows/test-strategy.yml:missing; convex/deploy_validators:missing; tests/integration:missing","required_product_runtime_evidence_missing","Runtime status is still spec_binding_pending_pack_m11_3; required artifact evidence not promoted. Checked: .github/workflows/deploy-validator.yml, .github/workflows/test-strategy.yml, convex/deploy_validators, tests/integration."
"marketplace_proactive_offer_lifecycle_state_machine","runtime_evidence","Sourcera_Master_Spec.md","72813","M.5.56 v7.2.0-REM Phase 6.2 MarketplaceProactiveOffer P1 addition (D-6.2-015 closure) {#m-5-56-v72rem-phase-6-2-marketplaceproactiveoffer-p1-addition}","blocker","v7.2.0-REM Phase 6.2 MarketplaceProactiveOffer P1 addition (D-6.2-015 closure) {#m-5-56-v72rem-phase-6-2-marketplaceproactiveoffer-p1-addition}","spec_binding_pending_pack_m11_3","m11_3","state_machine_contract","runtime_test","`MarketplaceProactiveOffer.offer_state` MUST use Appendix J `marketplace_proactive_offer_state`, follow the §4.5.13 From/To table, write AuditEvent on every transition, and reject terminal-state customer mutation with `marketplace_proactive_offer_invalid_state_transition`.",".github/workflows/deploy-validator.yml, .github/workflows/test-strategy.yml, convex/deploy_validators, tests/integration",".github/workflows/deploy-validator.yml:missing; .github/workflows/test-strategy.yml:missing; convex/deploy_validators:missing; tests/integration:missing","required_product_runtime_evidence_missing","Runtime status is still spec_binding_pending_pack_m11_3; required artifact evidence not promoted. Checked: .github/workflows/deploy-validator.yml, .github/workflows/test-strategy.yml, convex/deploy_validators, tests/integration."
"mcp_session_token_record_entity_home","runtime_evidence","Sourcera_Master_Spec.md","72829","M.5.57 v7.2.0-REM Phase 5.2 KB / MCP P1 addition (D-5.2-001 / D-5.2-002 / D-5.2-003 / D-5.2-004 / D-5.2-005 / D-5.2-009 / D-5.2-017 / D-5.2-021 closure) {#m-5-57-v72rem-phase-5-2-kb-mcp-p1-addition}","blocker","v7.2.0-REM Phase 5.2 KB / MCP P1 addition (D-5.2-001 / D-5.2-002 / D-5.2-003 / D-5.2-004 / D-5.2-005 / D-5.2-009 / D-5.2-017 / D-5.2-021 closure) {#m-5-57-v72rem-phase-5-2-kb-mcp-p1-addition}","spec_binding_pending_pack_m11_3","m11_3","data_model_contract","pr_lint + runtime_test","`MCPSessionTokenRecord` MUST have a single canonical §4.8.17 entity field table with indexes, scope isolation, retention/DSAR/residency, and acceptance criteria. §22.8.3.1 may describe runtime minting but MUST NOT reintroduce a second field-table authority.",".github/workflows/deploy-validator.yml, .github/workflows/test-strategy.yml, convex/deploy_validators, tests/integration",".github/workflows/deploy-validator.yml:missing; .github/workflows/test-strategy.yml:missing; convex/deploy_validators:missing; tests/integration:missing","required_product_runtime_evidence_missing","Runtime status is still spec_binding_pending_pack_m11_3; required artifact evidence not promoted. Checked: .github/workflows/deploy-validator.yml, .github/workflows/test-strategy.yml, convex/deploy_validators, tests/integration."
"kb_mcp_webhook_alert_catalog_completeness","runtime_evidence","Sourcera_Master_Spec.md","72830","M.5.57 v7.2.0-REM Phase 5.2 KB / MCP P1 addition (D-5.2-001 / D-5.2-002 / D-5.2-003 / D-5.2-004 / D-5.2-005 / D-5.2-009 / D-5.2-017 / D-5.2-021 closure) {#m-5-57-v72rem-phase-5-2-kb-mcp-p1-addition}","blocker","v7.2.0-REM Phase 5.2 KB / MCP P1 addition (D-5.2-001 / D-5.2-002 / D-5.2-003 / D-5.2-004 / D-5.2-005 / D-5.2-009 / D-5.2-017 / D-5.2-021 closure) {#m-5-57-v72rem-phase-5-2-kb-mcp-p1-addition}","spec_binding_pending_pack_m11_3","m11_3","notification_catalog_consistency","pr_lint + runtime_test","Every KB/MCP lifecycle, auth, vectorization, namespace-migration, and firewall event referenced by §22.4 / §22.8 / §22.15 MUST have Appendix C and Appendix G rows; `kb.firewall.violation_attempt` MUST map to AuditEvent action `mcp_kb_firewall_violation` and §42.3.1 severity routing.",".github/workflows/deploy-validator.yml, .github/workflows/test-strategy.yml, convex/deploy_validators, tests/integration",".github/workflows/deploy-validator.yml:missing; .github/workflows/test-strategy.yml:missing; convex/deploy_validators:missing; tests/integration:missing","required_product_runtime_evidence_missing","Runtime status is still spec_binding_pending_pack_m11_3; required artifact evidence not promoted. Checked: .github/workflows/deploy-validator.yml, .github/workflows/test-strategy.yml, convex/deploy_validators, tests/integration."
"seller_software_transfer_request_entity_home","runtime_evidence","Sourcera_Master_Spec.md","72846","M.5.58 v7.2.0-REM Phase 5.6 Seller Profiles / Public Pages P1 addition (D-5.6-001 / -002 / -003 / -004 / -005 / -006 / -007 / -008 / -009 / -010 / -019 / -020 / -021 closure) {#m-5-58-v72rem-phase-5-6-seller-public-pages-p1-addition}","blocker","v7.2.0-REM Phase 5.6 Seller Profiles / Public Pages P1 addition (D-5.6-001 / -002 / -003 / -004 / -005 / -006 / -007 / -008 / -009 / -010 / -019 / -020 / -021 closure) {#m-5-58-v72rem-phase-5-6-seller-public-pages-p1-addition}","spec_binding_pending_pack_m11_3","m11_3","data_model_contract","pr_lint + runtime_test","SellerSoftware transfer workflows MUST resolve to §4.4.38 with field table, indexes, scope isolation, retention/DSAR/residency, state machine, silent-consent safeguards, `former_org_ids` append-only mutation, and rollback-on-partial-transfer semantics.",".github/workflows/deploy-validator.yml, .github/workflows/test-strategy.yml, convex/deploy_validators, tests/integration",".github/workflows/deploy-validator.yml:missing; .github/workflows/test-strategy.yml:missing; convex/deploy_validators:missing; tests/integration:missing","required_product_runtime_evidence_missing","Runtime status is still spec_binding_pending_pack_m11_3; required artifact evidence not promoted. Checked: .github/workflows/deploy-validator.yml, .github/workflows/test-strategy.yml, convex/deploy_validators, tests/integration."
"responsive_conformance_suite","runtime_evidence","Sourcera_Master_Spec.md","72866","M.5.59 v7.2.0-REM Phase 38 Responsive / Mobile P1 addition (D-38-001 / -002 / -003 / -004 / -005 / -006 / -009 / -020 closure) {#m-5-59-v72rem-phase-38-responsive-mobile-p1-addition}","blocker","v7.2.0-REM Phase 38 Responsive / Mobile P1 addition (D-38-001 / -002 / -003 / -004 / -005 / -006 / -009 / -020 closure) {#m-5-59-v72rem-phase-38-responsive-mobile-p1-addition}","spec_binding_pending_pack_m21_3","m21_3","responsive_ui_conformance","ui_e2e + visual_regression","Every top-level route MUST render without forbidden overflow, forbidden component leakage, or touch-target violations across §38.6.1 tiers plus §37.1 reflow fixtures; artifacts publish to §50.14.13.",".github/workflows/marketplace-runtime.yml, convex/deploy_validators, tests/marketplace, tests/analytics",".github/workflows/marketplace-runtime.yml:missing; convex/deploy_validators:missing; tests/marketplace:missing; tests/analytics:missing","required_product_runtime_evidence_missing","Runtime status is still spec_binding_pending_pack_m21_3; required artifact evidence not promoted. Checked: .github/workflows/marketplace-runtime.yml, convex/deploy_validators, tests/marketplace, tests/analytics."
"tap_count_probe","runtime_evidence","Sourcera_Master_Spec.md","72867","M.5.59 v7.2.0-REM Phase 38 Responsive / Mobile P1 addition (D-38-001 / -002 / -003 / -004 / -005 / -006 / -009 / -020 closure) {#m-5-59-v72rem-phase-38-responsive-mobile-p1-addition}","blocker","v7.2.0-REM Phase 38 Responsive / Mobile P1 addition (D-38-001 / -002 / -003 / -004 / -005 / -006 / -009 / -020 closure) {#m-5-59-v72rem-phase-38-responsive-mobile-p1-addition}","spec_binding_pending_pack_m21_3","m21_3","mobile_workflow_efficiency","ui_e2e + nightly_full_sweep","Every §38.8.4 top-20 and destructive-exception mobile workflow MUST satisfy its tap ceiling on qualifying PRs, nightly full sweep, and release gate.",".github/workflows/marketplace-runtime.yml, convex/deploy_validators, tests/marketplace, tests/analytics",".github/workflows/marketplace-runtime.yml:missing; convex/deploy_validators:missing; tests/marketplace:missing; tests/analytics:missing","required_product_runtime_evidence_missing","Runtime status is still spec_binding_pending_pack_m21_3; required artifact evidence not promoted. Checked: .github/workflows/marketplace-runtime.yml, convex/deploy_validators, tests/marketplace, tests/analytics."
"cross_console_shared_ui_preference_firewall","runtime_evidence","Sourcera_Master_Spec.md","72874","M.5.59 v7.2.0-REM Phase 38 Responsive / Mobile P1 addition (D-38-001 / -002 / -003 / -004 / -005 / -006 / -009 / -020 closure) {#m-5-59-v72rem-phase-38-responsive-mobile-p1-addition}","blocker","v7.2.0-REM Phase 38 Responsive / Mobile P1 addition (D-38-001 / -002 / -003 / -004 / -005 / -006 / -009 / -020 closure) {#m-5-59-v72rem-phase-38-responsive-mobile-p1-addition}","spec_binding_pending_pack_m11_3","m11_3","cross_console_firewall_invariant","runtime_test","UserUIPreference serializers MUST return only active-console `last_observed_breakpoint_tier_by_console_json` values and MUST NOT leak contralateral console activity through customer clients, Console Bridge, public APIs, or PostHog customer projects.",".github/workflows/deploy-validator.yml, .github/workflows/test-strategy.yml, convex/deploy_validators, tests/integration",".github/workflows/deploy-validator.yml:missing; .github/workflows/test-strategy.yml:missing; convex/deploy_validators:missing; tests/integration:missing","required_product_runtime_evidence_missing","Runtime status is still spec_binding_pending_pack_m11_3; required artifact evidence not promoted. Checked: .github/workflows/deploy-validator.yml, .github/workflows/test-strategy.yml, convex/deploy_validators, tests/integration."
"core_web_vitals_in_app_lighthouse_ci","runtime_evidence","Sourcera_Master_Spec.md","72887","M.5.60 v7.2.0-REM Phase 44 Performance / Solo P1 addition (D-44-001 / -003 / -005 / -006 / -008 closure) {#m-5-60-v72rem-phase-44-performance-solo-p1-addition}","blocker","v7.2.0-REM Phase 44 Performance / Solo P1 addition (D-44-001 / -003 / -005 / -006 / -008 closure) {#m-5-60-v72rem-phase-44-performance-solo-p1-addition}","spec_binding_pending_pack_m21_3","m21_3","synthetic_monitor","lighthouse_ci + synthetic_monitor","Buyer Console, Seller Console, authenticated Marketplace, and Ops Console MUST satisfy the §44.1 in-app Core Web Vitals rows on desktop and mobile fixtures; failures block release unless an incident-window exclusion is recorded per §42.6.",".github/workflows/marketplace-runtime.yml, convex/deploy_validators, tests/marketplace, tests/analytics",".github/workflows/marketplace-runtime.yml:missing; convex/deploy_validators:missing; tests/marketplace:missing; tests/analytics:missing","required_product_runtime_evidence_missing","Runtime status is still spec_binding_pending_pack_m21_3; required artifact evidence not promoted. Checked: .github/workflows/marketplace-runtime.yml, convex/deploy_validators, tests/marketplace, tests/analytics."
"api_latency_p95_regression","runtime_evidence","Sourcera_Master_Spec.md","72888","M.5.60 v7.2.0-REM Phase 44 Performance / Solo P1 addition (D-44-001 / -003 / -005 / -006 / -008 closure) {#m-5-60-v72rem-phase-44-performance-solo-p1-addition}","blocker","v7.2.0-REM Phase 44 Performance / Solo P1 addition (D-44-001 / -003 / -005 / -006 / -008 closure) {#m-5-60-v72rem-phase-44-performance-solo-p1-addition}","spec_binding_pending_pack_m11_3","m11_3","runtime_property_test","runtime_test + deploy_validator","Non-Agent API p95 / p99 latency budgets from §44.1 and §44.5 MUST be asserted against production canary telemetry and load-test fixtures.",".github/workflows/deploy-validator.yml, .github/workflows/test-strategy.yml, convex/deploy_validators, tests/integration",".github/workflows/deploy-validator.yml:missing; .github/workflows/test-strategy.yml:missing; convex/deploy_validators:missing; tests/integration:missing","required_product_runtime_evidence_missing","Runtime status is still spec_binding_pending_pack_m11_3; required artifact evidence not promoted. Checked: .github/workflows/deploy-validator.yml, .github/workflows/test-strategy.yml, convex/deploy_validators, tests/integration."
"convex_reactivity_slo_regression","runtime_evidence","Sourcera_Master_Spec.md","72889","M.5.60 v7.2.0-REM Phase 44 Performance / Solo P1 addition (D-44-001 / -003 / -005 / -006 / -008 closure) {#m-5-60-v72rem-phase-44-performance-solo-p1-addition}","blocker","v7.2.0-REM Phase 44 Performance / Solo P1 addition (D-44-001 / -003 / -005 / -006 / -008 closure) {#m-5-60-v72rem-phase-44-performance-solo-p1-addition}","spec_binding_pending_pack_m11_3","m11_3","runtime_property_test","runtime_test","Collaborative-scoring and general Convex reactive-query commit-to-render SLOs MUST satisfy §44.1 / §7.5.3 row bindings without WebSocket-delta-only measurement drift.",".github/workflows/deploy-validator.yml, .github/workflows/test-strategy.yml, convex/deploy_validators, tests/integration",".github/workflows/deploy-validator.yml:missing; .github/workflows/test-strategy.yml:missing; convex/deploy_validators:missing; tests/integration:missing","required_product_runtime_evidence_missing","Runtime status is still spec_binding_pending_pack_m11_3; required artifact evidence not promoted. Checked: .github/workflows/deploy-validator.yml, .github/workflows/test-strategy.yml, convex/deploy_validators, tests/integration."
"agent_budget_breach","runtime_evidence","Sourcera_Master_Spec.md","72890","M.5.60 v7.2.0-REM Phase 44 Performance / Solo P1 addition (D-44-001 / -003 / -005 / -006 / -008 closure) {#m-5-60-v72rem-phase-44-performance-solo-p1-addition}","blocker","v7.2.0-REM Phase 44 Performance / Solo P1 addition (D-44-001 / -003 / -005 / -006 / -008 closure) {#m-5-60-v72rem-phase-44-performance-solo-p1-addition}","spec_binding_pending_pack_m11_3","m11_3","runtime_property_test","runtime_test + eval_harness","Agent direct-invocation hard timeouts, retry budgets, and capability-specific §44.1 / §22.10 budgets MUST fail closed on timeout / retry drift and surface graceful degradation.",".github/workflows/deploy-validator.yml, .github/workflows/test-strategy.yml, convex/deploy_validators, tests/integration",".github/workflows/deploy-validator.yml:missing; .github/workflows/test-strategy.yml:missing; convex/deploy_validators:missing; tests/integration:missing","required_product_runtime_evidence_missing","Runtime status is still spec_binding_pending_pack_m11_3; required artifact evidence not promoted. Checked: .github/workflows/deploy-validator.yml, .github/workflows/test-strategy.yml, convex/deploy_validators, tests/integration."
"load_test_sla_breach","runtime_evidence","Sourcera_Master_Spec.md","72891","M.5.60 v7.2.0-REM Phase 44 Performance / Solo P1 addition (D-44-001 / -003 / -005 / -006 / -008 closure) {#m-5-60-v72rem-phase-44-performance-solo-p1-addition}","blocker","v7.2.0-REM Phase 44 Performance / Solo P1 addition (D-44-001 / -003 / -005 / -006 / -008 closure) {#m-5-60-v72rem-phase-44-performance-solo-p1-addition}","spec_binding_pending_pack_m21_3","m21_3","synthetic_monitor","monthly_load + quarterly_spike + endurance","§44.4 monthly, quarterly spike, and endurance load tests MUST publish artifacts and block release when the relevant §44.1 / §44.5 budgets breach outside an approved §42.6 incident window.",".github/workflows/marketplace-runtime.yml, convex/deploy_validators, tests/marketplace, tests/analytics",".github/workflows/marketplace-runtime.yml:missing; convex/deploy_validators:missing; tests/marketplace:missing; tests/analytics:missing","required_product_runtime_evidence_missing","Runtime status is still spec_binding_pending_pack_m21_3; required artifact evidence not promoted. Checked: .github/workflows/marketplace-runtime.yml, convex/deploy_validators, tests/marketplace, tests/analytics."
"bundle_size_budget_in_app","runtime_evidence","Sourcera_Master_Spec.md","72892","M.5.60 v7.2.0-REM Phase 44 Performance / Solo P1 addition (D-44-001 / -003 / -005 / -006 / -008 closure) {#m-5-60-v72rem-phase-44-performance-solo-p1-addition}","blocker","v7.2.0-REM Phase 44 Performance / Solo P1 addition (D-44-001 / -003 / -005 / -006 / -008 closure) {#m-5-60-v72rem-phase-44-performance-solo-p1-addition}","spec_binding_pending_pack_m21_3","m21_3","spec_tree_lint","build_check + pr_lint","Authenticated route bundles MUST stay within the §44.1 mobile initial-JS and in-app Core Web Vitals budgets; deferred panels must be code-split and excluded only when they are not part of first interaction.",".github/workflows/marketplace-runtime.yml, convex/deploy_validators, tests/marketplace, tests/analytics",".github/workflows/marketplace-runtime.yml:missing; convex/deploy_validators:missing; tests/marketplace:missing; tests/analytics:missing","required_product_runtime_evidence_missing","Runtime status is still spec_binding_pending_pack_m21_3; required artifact evidence not promoted. Checked: .github/workflows/marketplace-runtime.yml, convex/deploy_validators, tests/marketplace, tests/analytics."
"solo_absorption_cap_enforced","runtime_evidence","Sourcera_Master_Spec.md","72895","M.5.60 v7.2.0-REM Phase 44 Performance / Solo P1 addition (D-44-001 / -003 / -005 / -006 / -008 closure) {#m-5-60-v72rem-phase-44-performance-solo-p1-addition}","blocker","v7.2.0-REM Phase 44 Performance / Solo P1 addition (D-44-001 / -003 / -005 / -006 / -008 closure) {#m-5-60-v72rem-phase-44-performance-solo-p1-addition}","spec_binding_pending_pack_m11_3","m11_3","cross_feature_invariant","runtime_test + deploy_validator","When `SoloEnvelopeCounter.current_period_consumed_value_dollars` reaches `absorption_cap_value_dollars`, new non-critical Solo AIOperation invocations MUST fail closed or return the standard degraded AI result; `never_throttle` carve-outs are limited to §44.6.3.A.",".github/workflows/deploy-validator.yml, .github/workflows/test-strategy.yml, convex/deploy_validators, tests/integration",".github/workflows/deploy-validator.yml:missing; .github/workflows/test-strategy.yml:missing; convex/deploy_validators:missing; tests/integration:missing","required_product_runtime_evidence_missing","Runtime status is still spec_binding_pending_pack_m11_3; required artifact evidence not promoted. Checked: .github/workflows/deploy-validator.yml, .github/workflows/test-strategy.yml, convex/deploy_validators, tests/integration."
"solo_absorption_cap_counter_state_contract","runtime_evidence","Sourcera_Master_Spec.md","72897","M.5.60 v7.2.0-REM Phase 44 Performance / Solo P1 addition (D-44-001 / -003 / -005 / -006 / -008 closure) {#m-5-60-v72rem-phase-44-performance-solo-p1-addition}","blocker","v7.2.0-REM Phase 44 Performance / Solo P1 addition (D-44-001 / -003 / -005 / -006 / -008 closure) {#m-5-60-v72rem-phase-44-performance-solo-p1-addition}","spec_binding_pending_pack_m11_3","m11_3","state_machine_contract","runtime_test","§4.8.14 `SoloEnvelopeCounter` MUST include `absorption_cap_value_dollars`, `absorption_cap_reached_at`, and `throttling_state='absorption_cap_reached'`; rollover / upgrade / per-eval / per-bid renewal must reset or replace the cap state before accepting new Solo work.",".github/workflows/deploy-validator.yml, .github/workflows/test-strategy.yml, convex/deploy_validators, tests/integration",".github/workflows/deploy-validator.yml:missing; .github/workflows/test-strategy.yml:missing; convex/deploy_validators:missing; tests/integration:missing","required_product_runtime_evidence_missing","Runtime status is still spec_binding_pending_pack_m11_3; required artifact evidence not promoted. Checked: .github/workflows/deploy-validator.yml, .github/workflows/test-strategy.yml, convex/deploy_validators, tests/integration."
"bid_workspace_deal_size_band_firewall","runtime_evidence","Sourcera_Master_Spec.md","72913","M.5.61 v7.2.0-REM Phase DEC Decision-Divergence P1 addition (D-DEC-001 / -002 / -004 / -005 / -007 / -008 closure) {#m-5-61-v72rem-phase-dec-decision-divergence-p1-addition}","blocker","v7.2.0-REM Phase DEC Decision-Divergence P1 addition (D-DEC-001 / -002 / -004 / -005 / -007 / -008 closure) {#m-5-61-v72rem-phase-dec-decision-divergence-p1-addition}","spec_binding_pending_pack_m11_3","m11_3","cross_console_firewall_invariant","runtime_test + pr_lint","Seller-side Bid Workspace materialization may carry only Appendix J `bid_workspace_deal_size_band`; raw buyer deal value, budget, TCO, and cost-model fields MUST be absent from seller projections and Console Bridge payloads.",".github/workflows/deploy-validator.yml, .github/workflows/test-strategy.yml, convex/deploy_validators, tests/integration",".github/workflows/deploy-validator.yml:missing; .github/workflows/test-strategy.yml:missing; convex/deploy_validators:missing; tests/integration:missing","required_product_runtime_evidence_missing","Runtime status is still spec_binding_pending_pack_m11_3; required artifact evidence not promoted. Checked: .github/workflows/deploy-validator.yml, .github/workflows/test-strategy.yml, convex/deploy_validators, tests/integration."
"first_pass_high_stakes_band_only","runtime_evidence","Sourcera_Master_Spec.md","72914","M.5.61 v7.2.0-REM Phase DEC Decision-Divergence P1 addition (D-DEC-001 / -002 / -004 / -005 / -007 / -008 closure) {#m-5-61-v72rem-phase-dec-decision-divergence-p1-addition}","blocker","v7.2.0-REM Phase DEC Decision-Divergence P1 addition (D-DEC-001 / -002 / -004 / -005 / -007 / -008 closure) {#m-5-61-v72rem-phase-dec-decision-divergence-p1-addition}","spec_binding_pending_pack_m11_3","m11_3","cross_feature_invariant","runtime_test","`first_pass_high_stakes` classification MUST use `deal_size_band ∈ {enterprise, strategic}`, seller opt-in, or compliance-critical tags and MUST NOT read buyer-side raw estimated value.",".github/workflows/deploy-validator.yml, .github/workflows/test-strategy.yml, convex/deploy_validators, tests/integration",".github/workflows/deploy-validator.yml:missing; .github/workflows/test-strategy.yml:missing; convex/deploy_validators:missing; tests/integration:missing","required_product_runtime_evidence_missing","Runtime status is still spec_binding_pending_pack_m11_3; required artifact evidence not promoted. Checked: .github/workflows/deploy-validator.yml, .github/workflows/test-strategy.yml, convex/deploy_validators, tests/integration."
"pro_trial_no_refund_after_vendor_notification","runtime_evidence","Sourcera_Master_Spec.md","72915","M.5.61 v7.2.0-REM Phase DEC Decision-Divergence P1 addition (D-DEC-001 / -002 / -004 / -005 / -007 / -008 closure) {#m-5-61-v72rem-phase-dec-decision-divergence-p1-addition}","blocker","v7.2.0-REM Phase DEC Decision-Divergence P1 addition (D-DEC-001 / -002 / -004 / -005 / -007 / -008 closure) {#m-5-61-v72rem-phase-dec-decision-divergence-p1-addition}","spec_binding_pending_pack_m11_3","m11_3","state_machine_contract","runtime_test","`expired_unaccepted`, post-dispatch `buyer_revoked`, and post-notification fraud terminal paths MUST leave `pool_refund_applied=false`; only pre-notification refund-eligible transitions may restore buyer pool capacity.",".github/workflows/deploy-validator.yml, .github/workflows/test-strategy.yml, convex/deploy_validators, tests/integration",".github/workflows/deploy-validator.yml:missing; .github/workflows/test-strategy.yml:missing; convex/deploy_validators:missing; tests/integration:missing","required_product_runtime_evidence_missing","Runtime status is still spec_binding_pending_pack_m11_3; required artifact evidence not promoted. Checked: .github/workflows/deploy-validator.yml, .github/workflows/test-strategy.yml, convex/deploy_validators, tests/integration."
"wallet_autotopup_ops_override_bounds","runtime_evidence","Sourcera_Master_Spec.md","72916","M.5.61 v7.2.0-REM Phase DEC Decision-Divergence P1 addition (D-DEC-001 / -002 / -004 / -005 / -007 / -008 closure) {#m-5-61-v72rem-phase-dec-decision-divergence-p1-addition}","blocker","v7.2.0-REM Phase DEC Decision-Divergence P1 addition (D-DEC-001 / -002 / -004 / -005 / -007 / -008 closure) {#m-5-61-v72rem-phase-dec-decision-divergence-p1-addition}","spec_binding_pending_pack_m11_3","m11_3","entitlement_billing_invariant","runtime_test + deploy_validator","Customer auto-topup writes MUST bind to the self-serve §4.8.3 ceiling; Enterprise Ops override writes through §4.8.3.B / §50.23 may exceed it only up to the absolute maximum with approval, reason, audit, webhook, and customer notification.",".github/workflows/deploy-validator.yml, .github/workflows/test-strategy.yml, convex/deploy_validators, tests/integration",".github/workflows/deploy-validator.yml:missing; .github/workflows/test-strategy.yml:missing; convex/deploy_validators:missing; tests/integration:missing","required_product_runtime_evidence_missing","Runtime status is still spec_binding_pending_pack_m11_3; required artifact evidence not promoted. Checked: .github/workflows/deploy-validator.yml, .github/workflows/test-strategy.yml, convex/deploy_validators, tests/integration."
"wallet_free_free_additive_pool","runtime_evidence","Sourcera_Master_Spec.md","72918","M.5.61 v7.2.0-REM Phase DEC Decision-Divergence P1 addition (D-DEC-001 / -002 / -004 / -005 / -007 / -008 closure) {#m-5-61-v72rem-phase-dec-decision-divergence-p1-addition}","blocker","v7.2.0-REM Phase DEC Decision-Divergence P1 addition (D-DEC-001 / -002 / -004 / -005 / -007 / -008 closure) {#m-5-61-v72rem-phase-dec-decision-divergence-p1-addition}","spec_binding_pending_pack_m11_3","m11_3","entitlement_billing_invariant","runtime_test + deploy_validator","Buyer Free + Seller Free MUST materialize one Org-scoped AIWallet with $10 included-budget value and no per-console wallet partition; downgrade from paid+Free to Free+Free MUST recalculate to $10 at billing rollover.",".github/workflows/deploy-validator.yml, .github/workflows/test-strategy.yml, convex/deploy_validators, tests/integration",".github/workflows/deploy-validator.yml:missing; .github/workflows/test-strategy.yml:missing; convex/deploy_validators:missing; tests/integration:missing","required_product_runtime_evidence_missing","Runtime status is still spec_binding_pending_pack_m11_3; required artifact evidence not promoted. Checked: .github/workflows/deploy-validator.yml, .github/workflows/test-strategy.yml, convex/deploy_validators, tests/integration."
"wallet_free_paid_additive_pool_solo_exception","runtime_evidence","Sourcera_Master_Spec.md","72919","M.5.61 v7.2.0-REM Phase DEC Decision-Divergence P1 addition (D-DEC-001 / -002 / -004 / -005 / -007 / -008 closure) {#m-5-61-v72rem-phase-dec-decision-divergence-p1-addition}","blocker","v7.2.0-REM Phase DEC Decision-Divergence P1 addition (D-DEC-001 / -002 / -004 / -005 / -007 / -008 closure) {#m-5-61-v72rem-phase-dec-decision-divergence-p1-addition}","spec_binding_pending_pack_m11_3","m11_3","entitlement_billing_invariant","runtime_test + deploy_validator","Free+customer-visible-paid combinations MUST add the Free budget to the paid AIWallet pool while Solo+Free and Solo+Paid MUST continue excluding Solo's engine-side envelope and must not render a customer-visible Solo wallet balance.",".github/workflows/deploy-validator.yml, .github/workflows/test-strategy.yml, convex/deploy_validators, tests/integration",".github/workflows/deploy-validator.yml:missing; .github/workflows/test-strategy.yml:missing; convex/deploy_validators:missing; tests/integration:missing","required_product_runtime_evidence_missing","Runtime status is still spec_binding_pending_pack_m11_3; required artifact evidence not promoted. Checked: .github/workflows/deploy-validator.yml, .github/workflows/test-strategy.yml, convex/deploy_validators, tests/integration."
"seller_solo_onboarding_consumption_invisibility","runtime_evidence","Sourcera_Master_Spec.md","72931","M.5.62 v7.2.0-REM Phase 5.7 Seller Onboarding Residual P1 addition (D-5.7-006 / -008 / -009 / -011 / -015 / -016 / -024 closure) {#m-5-62-v72rem-phase-5-7-seller-onboarding-residual-p1-addition}","blocker","v7.2.0-REM Phase 5.7 Seller Onboarding Residual P1 addition (D-5.7-006 / -008 / -009 / -011 / -015 / -016 / -024 closure) {#m-5-62-v72rem-phase-5-7-seller-onboarding-residual-p1-addition}","spec_binding_pending_pack_m11_3","m11_3","tier_visibility_integrity","runtime_test + pr_lint","§49.1.5 / §49.1.6 / §49.1.7 Seller Solo surfaces MUST hide AIWallet, value-dollar, rate-card, wallet-exhaustion, and envelope-pressure UI while preserving engine-side AIOperation writes per §44.6.",".github/workflows/deploy-validator.yml, .github/workflows/test-strategy.yml, convex/deploy_validators, tests/integration",".github/workflows/deploy-validator.yml:missing; .github/workflows/test-strategy.yml:missing; convex/deploy_validators:missing; tests/integration:missing","required_product_runtime_evidence_missing","Runtime status is still spec_binding_pending_pack_m11_3; required artifact evidence not promoted. Checked: .github/workflows/deploy-validator.yml, .github/workflows/test-strategy.yml, convex/deploy_validators, tests/integration."
"seller_solo_per_bid_charge_stage_binding","runtime_evidence","Sourcera_Master_Spec.md","72932","M.5.62 v7.2.0-REM Phase 5.7 Seller Onboarding Residual P1 addition (D-5.7-006 / -008 / -009 / -011 / -015 / -016 / -024 closure) {#m-5-62-v72rem-phase-5-7-seller-onboarding-residual-p1-addition}","blocker","v7.2.0-REM Phase 5.7 Seller Onboarding Residual P1 addition (D-5.7-006 / -008 / -009 / -011 / -015 / -016 / -024 closure) {#m-5-62-v72rem-phase-5-7-seller-onboarding-residual-p1-addition}","spec_binding_pending_pack_m11_3","m11_3","entitlement_billing_invariant","runtime_test","Seller Solo per-bid charge capture MUST occur on Stage-5 Submit per §34.2.5 before buyer delivery; failed capture MUST keep the Bid Workspace in `solo_per_bid_charge_pending` and MUST NOT advance Stage 6.",".github/workflows/deploy-validator.yml, .github/workflows/test-strategy.yml, convex/deploy_validators, tests/integration",".github/workflows/deploy-validator.yml:missing; .github/workflows/test-strategy.yml:missing; convex/deploy_validators:missing; tests/integration:missing","required_product_runtime_evidence_missing","Runtime status is still spec_binding_pending_pack_m11_3; required artifact evidence not promoted. Checked: .github/workflows/deploy-validator.yml, .github/workflows/test-strategy.yml, convex/deploy_validators, tests/integration."
"seller_solo_per_bid_election_authorization_binding","runtime_evidence","Sourcera_Master_Spec.md","72933","M.5.62 v7.2.0-REM Phase 5.7 Seller Onboarding Residual P1 addition (D-5.7-006 / -008 / -009 / -011 / -015 / -016 / -024 closure) {#m-5-62-v72rem-phase-5-7-seller-onboarding-residual-p1-addition}","blocker","v7.2.0-REM Phase 5.7 Seller Onboarding Residual P1 addition (D-5.7-006 / -008 / -009 / -011 / -015 / -016 / -024 closure) {#m-5-62-v72rem-phase-5-7-seller-onboarding-residual-p1-addition}","spec_binding_pending_pack_m24_3","m24_3","billing_state_invariant","stripe_test + runtime_test","Explicit per-bid Solo election MUST atomically persist `solo_per_bid_elected_at`, an uncaptured manual-capture authorization BillingEvent, and the provisional §4.8.14 envelope; capture occurs only at submit; expiry/abandonment releases authorization, closes the envelope, preserves committed audit/AIOperation rows, and restores Free future-write treatment.",".github/workflows/billing-runtime.yml, tests/billing, convex/deploy_validators",".github/workflows/billing-runtime.yml:missing; tests/billing:missing; convex/deploy_validators:missing","required_product_runtime_evidence_missing","Runtime status is still spec_binding_pending_pack_m24_3; required artifact evidence not promoted. Checked: .github/workflows/billing-runtime.yml, tests/billing, convex/deploy_validators."
"selection_report_v2_watermark_grandfathering","runtime_evidence","Sourcera_Master_Spec.md","72934","M.5.62 v7.2.0-REM Phase 5.7 Seller Onboarding Residual P1 addition (D-5.7-006 / -008 / -009 / -011 / -015 / -016 / -024 closure) {#m-5-62-v72rem-phase-5-7-seller-onboarding-residual-p1-addition}","blocker","v7.2.0-REM Phase 5.7 Seller Onboarding Residual P1 addition (D-5.7-006 / -008 / -009 / -011 / -015 / -016 / -024 closure) {#m-5-62-v72rem-phase-5-7-seller-onboarding-residual-p1-addition}","spec_binding_pending_pack_m11_3","m11_3","migration_invariant","migration_test + export_test","The one published v3 cutover version deterministically backfills pre-v3 SelectionReports to `v2_unwatermarked_grandfathered`; every later render/export stays unwatermarked; post-cutover Free reports remain plan-resolved.",".github/workflows/deploy-validator.yml, .github/workflows/test-strategy.yml, convex/deploy_validators, tests/integration",".github/workflows/deploy-validator.yml:missing; .github/workflows/test-strategy.yml:missing; convex/deploy_validators:missing; tests/integration:missing","required_product_runtime_evidence_missing","Runtime status is still spec_binding_pending_pack_m11_3; required artifact evidence not promoted. Checked: .github/workflows/deploy-validator.yml, .github/workflows/test-strategy.yml, convex/deploy_validators, tests/integration."
"seller_kb_v2_cutover_grandfathering","runtime_evidence","Sourcera_Master_Spec.md","72935","M.5.62 v7.2.0-REM Phase 5.7 Seller Onboarding Residual P1 addition (D-5.7-006 / -008 / -009 / -011 / -015 / -016 / -024 closure) {#m-5-62-v72rem-phase-5-7-seller-onboarding-residual-p1-addition}","blocker","v7.2.0-REM Phase 5.7 Seller Onboarding Residual P1 addition (D-5.7-006 / -008 / -009 / -011 / -015 / -016 / -024 closure) {#m-5-62-v72rem-phase-5-7-seller-onboarding-residual-p1-addition}","spec_binding_pending_pack_m11_3","m11_3","migration_invariant","migration_test + entitlement_test","Eligible pre-v3 Seller-Free KBEntry rows remain read/write without creating new cap headroom; post-cutover/replacement rows use the current §34.1.2 cap; trial/downgrade/DSAR/residency behavior preserves the persisted decision.",".github/workflows/deploy-validator.yml, .github/workflows/test-strategy.yml, convex/deploy_validators, tests/integration",".github/workflows/deploy-validator.yml:missing; .github/workflows/test-strategy.yml:missing; convex/deploy_validators:missing; tests/integration:missing","required_product_runtime_evidence_missing","Runtime status is still spec_binding_pending_pack_m11_3; required artifact evidence not promoted. Checked: .github/workflows/deploy-validator.yml, .github/workflows/test-strategy.yml, convex/deploy_validators, tests/integration."
"pro_trial_day_31_contextual_cta_entitlement_fit","runtime_evidence","Sourcera_Master_Spec.md","72936","M.5.62 v7.2.0-REM Phase 5.7 Seller Onboarding Residual P1 addition (D-5.7-006 / -008 / -009 / -011 / -015 / -016 / -024 closure) {#m-5-62-v72rem-phase-5-7-seller-onboarding-residual-p1-addition}","blocker","v7.2.0-REM Phase 5.7 Seller Onboarding Residual P1 addition (D-5.7-006 / -008 / -009 / -011 / -015 / -016 / -024 closure) {#m-5-62-v72rem-phase-5-7-seller-onboarding-residual-p1-addition}","spec_binding_pending_pack_m11_3","m11_3","entitlement_surface_invariant","resolver_test + ui_test","Day-31 auto-downgrade renders one carry-over CTA: Solo only when observed use fits current §34.1.2 Solo entitlements, Starter when any observed use requires Starter, and Solo plus compare-plans fallback when evidence is unavailable; render/click reauthorize against current plan.",".github/workflows/deploy-validator.yml, .github/workflows/test-strategy.yml, convex/deploy_validators, tests/integration",".github/workflows/deploy-validator.yml:missing; .github/workflows/test-strategy.yml:missing; convex/deploy_validators:missing; tests/integration:missing","required_product_runtime_evidence_missing","Runtime status is still spec_binding_pending_pack_m11_3; required artifact evidence not promoted. Checked: .github/workflows/deploy-validator.yml, .github/workflows/test-strategy.yml, convex/deploy_validators, tests/integration."
"seller_onboarding_provider_outage_visible","runtime_evidence","Sourcera_Master_Spec.md","72940","M.5.62 v7.2.0-REM Phase 5.7 Seller Onboarding Residual P1 addition (D-5.7-006 / -008 / -009 / -011 / -015 / -016 / -024 closure) {#m-5-62-v72rem-phase-5-7-seller-onboarding-residual-p1-addition}","blocker","v7.2.0-REM Phase 5.7 Seller Onboarding Residual P1 addition (D-5.7-006 / -008 / -009 / -011 / -015 / -016 / -024 closure) {#m-5-62-v72rem-phase-5-7-seller-onboarding-residual-p1-addition}","spec_binding_pending_pack_m11_3","m11_3","observability_contract","runtime_test","Convex, PostHog, and Loops.so outage simulations MUST produce §49.1.7.A failure behavior and §42 / §51 alerting without silent dashboard drift.",".github/workflows/deploy-validator.yml, .github/workflows/test-strategy.yml, convex/deploy_validators, tests/integration",".github/workflows/deploy-validator.yml:missing; .github/workflows/test-strategy.yml:missing; convex/deploy_validators:missing; tests/integration:missing","required_product_runtime_evidence_missing","Runtime status is still spec_binding_pending_pack_m11_3; required artifact evidence not promoted. Checked: .github/workflows/deploy-validator.yml, .github/workflows/test-strategy.yml, convex/deploy_validators, tests/integration."
"seller_onboarding_stage3_abandonment_allowance_not_debited","runtime_evidence","Sourcera_Master_Spec.md","72941","M.5.62 v7.2.0-REM Phase 5.7 Seller Onboarding Residual P1 addition (D-5.7-006 / -008 / -009 / -011 / -015 / -016 / -024 closure) {#m-5-62-v72rem-phase-5-7-seller-onboarding-residual-p1-addition}","blocker","v7.2.0-REM Phase 5.7 Seller Onboarding Residual P1 addition (D-5.7-006 / -008 / -009 / -011 / -015 / -016 / -024 closure) {#m-5-62-v72rem-phase-5-7-seller-onboarding-residual-p1-addition}","spec_binding_pending_pack_m11_3","m11_3","entitlement_billing_invariant","runtime_test","Stage-3 `first_pass_responses` batches cancelled before the §34.10.4 allowance-debit predicate MUST preserve partial drafts and MUST NOT consume the lifetime-free allowance.",".github/workflows/deploy-validator.yml, .github/workflows/test-strategy.yml, convex/deploy_validators, tests/integration",".github/workflows/deploy-validator.yml:missing; .github/workflows/test-strategy.yml:missing; convex/deploy_validators:missing; tests/integration:missing","required_product_runtime_evidence_missing","Runtime status is still spec_binding_pending_pack_m11_3; required artifact evidence not promoted. Checked: .github/workflows/deploy-validator.yml, .github/workflows/test-strategy.yml, convex/deploy_validators, tests/integration."
"audit_event_residency_partitioning_bound","runtime_evidence","Sourcera_Master_Spec.md","72960","M.5.63 v7.2.0-REM Phase 9.3 Residency P1 addition (D-RES-003 / -005 / -006 / -007 / -009 / -010 closure; D-RES-008 stale-status sync) {#m-5-63-v72rem-phase-9-3-residency-p1-addition}","blocker","v7.2.0-REM Phase 9.3 Residency P1 addition (D-RES-003 / -005 / -006 / -007 / -009 / -010 closure; D-RES-008 stale-status sync) {#m-5-63-v72rem-phase-9-3-residency-p1-addition}","spec_binding_pending_pack_m11_3","m11_3","residency_integrity","runtime_test + pr_lint","AuditEvent writes, exports, hash-chain partitions, and Ops reads MUST bind to the owning Org / Workspace / Bid Workspace residency and reject cross-region export/signing with `audit_export_residency_mismatch`.",".github/workflows/deploy-validator.yml, .github/workflows/test-strategy.yml, convex/deploy_validators, tests/integration",".github/workflows/deploy-validator.yml:missing; .github/workflows/test-strategy.yml:missing; convex/deploy_validators:missing; tests/integration:missing","required_product_runtime_evidence_missing","Runtime status is still spec_binding_pending_pack_m11_3; required artifact evidence not promoted. Checked: .github/workflows/deploy-validator.yml, .github/workflows/test-strategy.yml, convex/deploy_validators, tests/integration."
"dsar_export_delivery_residency_bound","runtime_evidence","Sourcera_Master_Spec.md","72961","M.5.63 v7.2.0-REM Phase 9.3 Residency P1 addition (D-RES-003 / -005 / -006 / -007 / -009 / -010 closure; D-RES-008 stale-status sync) {#m-5-63-v72rem-phase-9-3-residency-p1-addition}","blocker","v7.2.0-REM Phase 9.3 Residency P1 addition (D-RES-003 / -005 / -006 / -007 / -009 / -010 closure; D-RES-008 stale-status sync) {#m-5-63-v72rem-phase-9-3-residency-p1-addition}","spec_binding_pending_pack_m11_3","m11_3","privacy_residency_invariant","runtime_test + pr_lint","DSAR export archives, manifests, download URLs, and re-issues MUST use `DSARRequest.data_residency_region`; residency migration must revoke and regenerate ready URLs in the authoritative region.",".github/workflows/deploy-validator.yml, .github/workflows/test-strategy.yml, convex/deploy_validators, tests/integration",".github/workflows/deploy-validator.yml:missing; .github/workflows/test-strategy.yml:missing; convex/deploy_validators:missing; tests/integration:missing","required_product_runtime_evidence_missing","Runtime status is still spec_binding_pending_pack_m11_3; required artifact evidence not promoted. Checked: .github/workflows/deploy-validator.yml, .github/workflows/test-strategy.yml, convex/deploy_validators, tests/integration."
"observability_residency_routing_bound","runtime_evidence","Sourcera_Master_Spec.md","72962","M.5.63 v7.2.0-REM Phase 9.3 Residency P1 addition (D-RES-003 / -005 / -006 / -007 / -009 / -010 closure; D-RES-008 stale-status sync) {#m-5-63-v72rem-phase-9-3-residency-p1-addition}","blocker","v7.2.0-REM Phase 9.3 Residency P1 addition (D-RES-003 / -005 / -006 / -007 / -009 / -010 closure; D-RES-008 stale-status sync) {#m-5-63-v72rem-phase-9-3-residency-p1-addition}","spec_binding_pending_pack_m11_3","m11_3","observability_contract","runtime_test + deploy_validator","Datadog, Sentry, PostHog, Loops.so, and Zendesk routing tables MUST cover `us`, `eu`, `apac`, and `custom`, and MUST reject customer bodies/artifacts in global provider planes.",".github/workflows/deploy-validator.yml, .github/workflows/test-strategy.yml, convex/deploy_validators, tests/integration",".github/workflows/deploy-validator.yml:missing; .github/workflows/test-strategy.yml:missing; convex/deploy_validators:missing; tests/integration:missing","required_product_runtime_evidence_missing","Runtime status is still spec_binding_pending_pack_m11_3; required artifact evidence not promoted. Checked: .github/workflows/deploy-validator.yml, .github/workflows/test-strategy.yml, convex/deploy_validators, tests/integration."
"appendix_g_legacy_alias_retirement_enforced","runtime_evidence","Sourcera_Master_Spec.md","72976","M.5.64 v7.2.0-REM Phase 9.1 Appendix G Residual P1 addition (D-9.1-007 / -008 / -016 / -019 closure; D-9.1-002 adjacent P2 closure) {#m-5-64-v72rem-phase-9-1-appendix-g-residual-p1-addition}","blocker","v7.2.0-REM Phase 9.1 Appendix G Residual P1 addition (D-9.1-007 / -008 / -016 / -019 closure; D-9.1-002 adjacent P2 closure) {#m-5-64-v72rem-phase-9-1-appendix-g-residual-p1-addition}","spec_binding_pending_pack_m02_3","m02_3","deprecation_contract","pr_lint + runtime_test","Legacy Hero Moment aliases marked ""REMOVED at v7.1.0"" MUST NOT be emitted or consumed by active dashboards; any runtime emission produces `usage_analytics_alias_retirement_overdue`. Local pr_lint guard `tools/spec-lint/gates/appendix_g_legacy_alias_retirement_enforced.ts` and pass/fail fixtures are present and verified 2026-07-12; the composite row remains pending for runtime emitter and dashboard-query evidence.","the composite row remains pending for runtime emitter and dashboard-query evidence","tools/spec-lint/gates/appendix_g_legacy_alias_retirement_enforced.ts:present","local_guard_present_external_evidence_pending","Runtime status is still spec_binding_pending_pack_m02_3; required artifact evidence not promoted. No candidate path is inferred; use the row execution context and assertion."
"integration_export_payload_allowlist","runtime_evidence","Sourcera_Master_Spec.md","73020","M.5.67 v7.2.0-REM Phase 8.2 Integration Export API P1 addition (D-8.2-019 closure) {#m-5-67-v72rem-phase-8-2-integration-export-api-p1-addition}","blocker","v7.2.0-REM Phase 8.2 Integration Export API P1 addition (D-8.2-019 closure) {#m-5-67-v72rem-phase-8-2-integration-export-api-p1-addition}","spec_binding_pending_pack_m11_3","m11_3","privacy_firewall_invariant","runtime_test + pr_lint","Integration-export target payloads MUST exclude credential material, internal comments, internal scores and scoring rationale, draft Selection Report text, non-winning vendor data, Marketplace Match Score internals, provider response bodies, and raw provider error bodies.",".github/workflows/deploy-validator.yml, .github/workflows/test-strategy.yml, convex/deploy_validators, tests/integration",".github/workflows/deploy-validator.yml:missing; .github/workflows/test-strategy.yml:missing; convex/deploy_validators:missing; tests/integration:missing","required_product_runtime_evidence_missing","Runtime status is still spec_binding_pending_pack_m11_3; required artifact evidence not promoted. Checked: .github/workflows/deploy-validator.yml, .github/workflows/test-strategy.yml, convex/deploy_validators, tests/integration."
"cmek_rotation_runtime_evidence","runtime_evidence","Sourcera_Master_Spec.md","73047","M.5.69 v7.1.1 Full-Scope Capability Remediation addition (2026-07-07) {#m-5-69-v711-full-scope-capability-remediation-addition}","blocker","v7.1.1 Full-Scope Capability Remediation addition (2026-07-07) {#m-5-69-v711-full-scope-capability-remediation-addition}","spec_binding_pending_pack_m11_3","m11_3","runtime_property_test","runtime_test + release_stamp","CMEK validate, rotate, revoke, paused-decrypt, restored-decrypt, audit-event, and provider-outage paths MUST pass against real key-provider fixtures before Enterprise CMEK can be claimed.",".github/workflows/deploy-validator.yml, .github/workflows/test-strategy.yml, convex/deploy_validators, tests/integration",".github/workflows/deploy-validator.yml:missing; .github/workflows/test-strategy.yml:missing; convex/deploy_validators:missing; tests/integration:missing","required_product_runtime_evidence_missing","Runtime status is still spec_binding_pending_pack_m11_3; required artifact evidence not promoted. Checked: .github/workflows/deploy-validator.yml, .github/workflows/test-strategy.yml, convex/deploy_validators, tests/integration."
"field_encryption_plaintext_egress_guard","runtime_evidence","Sourcera_Master_Spec.md","73048","M.5.69 v7.1.1 Full-Scope Capability Remediation addition (2026-07-07) {#m-5-69-v711-full-scope-capability-remediation-addition}","blocker","v7.1.1 Full-Scope Capability Remediation addition (2026-07-07) {#m-5-69-v711-full-scope-capability-remediation-addition}","spec_binding_pending_pack_m11_3","m11_3","privacy_security_invariant","runtime_test + deploy_validator","Active FieldEncryptionPolicy fields MUST NOT egress plaintext to logs, PostHog, webhooks, emails, exports, or provider prompts except through explicitly authorized §6.8 / §40.4 paths.",".github/workflows/deploy-validator.yml, .github/workflows/test-strategy.yml, convex/deploy_validators, tests/integration",".github/workflows/deploy-validator.yml:missing; .github/workflows/test-strategy.yml:missing; convex/deploy_validators:missing; tests/integration:missing","required_product_runtime_evidence_missing","Runtime status is still spec_binding_pending_pack_m11_3; required artifact evidence not promoted. Checked: .github/workflows/deploy-validator.yml, .github/workflows/test-strategy.yml, convex/deploy_validators, tests/integration."
"video_demo_transcript_pii_redaction","runtime_evidence","Sourcera_Master_Spec.md","73052","M.5.69 v7.1.1 Full-Scope Capability Remediation addition (2026-07-07) {#m-5-69-v711-full-scope-capability-remediation-addition}","blocker","v7.1.1 Full-Scope Capability Remediation addition (2026-07-07) {#m-5-69-v711-full-scope-capability-remediation-addition}","spec_binding_pending_pack_m21_3","m21_3","privacy_security_invariant","runtime_test + deploy_validator","VideoDemoAsset playback and AI summary MUST remain blocked until scan, transcript generation, PII redaction, visibility, retention, and residency checks pass.",".github/workflows/marketplace-runtime.yml, convex/deploy_validators, tests/marketplace, tests/analytics",".github/workflows/marketplace-runtime.yml:missing; convex/deploy_validators:missing; tests/marketplace:missing; tests/analytics:missing","required_product_runtime_evidence_missing","Runtime status is still spec_binding_pending_pack_m21_3; required artifact evidence not promoted. Checked: .github/workflows/marketplace-runtime.yml, convex/deploy_validators, tests/marketplace, tests/analytics."
"mobile_full_parity_closure","runtime_evidence","Sourcera_Master_Spec.md","73054","M.5.69 v7.1.1 Full-Scope Capability Remediation addition (2026-07-07) {#m-5-69-v711-full-scope-capability-remediation-addition}","blocker","v7.1.1 Full-Scope Capability Remediation addition (2026-07-07) {#m-5-69-v711-full-scope-capability-remediation-addition}","spec_binding_pending_pack_m21_3","m21_3","mobile_parity_consistency","runtime_test + release_stamp","Every customer-facing §38.8.2 row MUST be `parity` or `supported`, or have a verified MobileParityClosureRecord naming an allowed §38.4 exception.",".github/workflows/marketplace-runtime.yml, convex/deploy_validators, tests/marketplace, tests/analytics",".github/workflows/marketplace-runtime.yml:missing; convex/deploy_validators:missing; tests/marketplace:missing; tests/analytics:missing","required_product_runtime_evidence_missing","Runtime status is still spec_binding_pending_pack_m21_3; required artifact evidence not promoted. Checked: .github/workflows/marketplace-runtime.yml, convex/deploy_validators, tests/marketplace, tests/analytics."
"capability_declaration_reuse_count_consistency","runtime_evidence","Sourcera_Master_Spec.md","73171","M.5.79 v7.1.1 Phase 5.1 Seller Teams Residual Contract and Runtime Evidence additions (2026-07-09) {#m-5-79-v711-phase-5-1-seller-teams-residual-contract-and-runtime-evidence-additions}","blocker","v7.1.1 Phase 5.1 Seller Teams Residual Contract and Runtime Evidence additions (2026-07-09) {#m-5-79-v711-phase-5-1-seller-teams-residual-contract-and-runtime-evidence-additions}","spec_binding_pending_pack_m11_3","m11_3","materialized_view_consistency","deploy_validator + runtime_test","CapabilityDeclaration.`reuse_count` MUST equal the count of submitted BidResponse references within p99 ≤ 5 minutes; a nightly full reconciliation MUST repair or fail closed on drift using Appendix J `seller_team_runtime_gate_failure_kind`. Required missing artifacts: `convex/deploy_validators/capability_declaration_reuse_count_consistency.ts` and `tests/integration/capability_declaration_reuse_count_consistency.spec.ts`. No override permits a known mismatch at stamp time.","convex/deploy_validators/capability_declaration_reuse_count_consistency.ts, tests/integration/capability_declaration_reuse_count_consistency.spec.ts","convex/deploy_validators/capability_declaration_reuse_count_consistency.ts:missing; tests/integration/capability_declaration_reuse_count_consistency.spec.ts:missing","required_product_runtime_evidence_missing","Runtime status is still spec_binding_pending_pack_m11_3; required artifact evidence not promoted. Checked: .github/workflows/deploy-validator.yml, .github/workflows/test-strategy.yml, convex/deploy_validators, tests/integration."
"ai_response_generation_billing_consistency","runtime_evidence","Sourcera_Master_Spec.md","73172","M.5.79 v7.1.1 Phase 5.1 Seller Teams Residual Contract and Runtime Evidence additions (2026-07-09) {#m-5-79-v711-phase-5-1-seller-teams-residual-contract-and-runtime-evidence-additions}","blocker","v7.1.1 Phase 5.1 Seller Teams Residual Contract and Runtime Evidence additions (2026-07-09) {#m-5-79-v711-phase-5-1-seller-teams-residual-contract-and-runtime-evidence-additions}","spec_binding_pending_pack_m11_3","m11_3","billing_runtime_consistency","deploy_validator + runtime_test","Every successful `first_pass_rfp_draft` / `ai_response_generation_invoked` MUST have exactly one billable AIOperation and one paired `ai_response_aioperation_settled` record with matching settlement values; missing, duplicate, or mismatched rows fail using Appendix J `seller_team_runtime_gate_failure_kind`. Required missing artifacts: `convex/deploy_validators/ai_response_generation_billing_consistency.ts` and `tests/integration/ai_response_generation_billing_consistency.spec.ts`. No billing override is permitted.","convex/deploy_validators/ai_response_generation_billing_consistency.ts, tests/integration/ai_response_generation_billing_consistency.spec.ts","convex/deploy_validators/ai_response_generation_billing_consistency.ts:missing; tests/integration/ai_response_generation_billing_consistency.spec.ts:missing","required_product_runtime_evidence_missing","Runtime status is still spec_binding_pending_pack_m11_3; required artifact evidence not promoted. Checked: .github/workflows/deploy-validator.yml, .github/workflows/test-strategy.yml, convex/deploy_validators, tests/integration."
"kb_value_meter_estimated_value_guard_runtime","runtime_evidence","Sourcera_Master_Spec.md","73197","M.5.81 v7.1.1 Phase 5.3 KB Lifecycle / Value Residual Contract and Runtime Evidence additions (2026-07-09) {#m-5-81-v711-phase-5-3-kb-lifecycle-value-residual-contract-and-runtime-evidence-additions}","blocker","v7.1.1 Phase 5.3 KB Lifecycle / Value Residual Contract and Runtime Evidence additions (2026-07-09) {#m-5-81-v711-phase-5-3-kb-lifecycle-value-residual-contract-and-runtime-evidence-additions}","spec_binding_pending_pack_m11_3","m11_3","runtime_property_test","deploy_validator + runtime_test","§4.2.1 economics bounds/versioning and §22.18.4 pre-render guard MUST suppress invalid/overflow/above-ceiling raw estimates, emit exactly one bounded guard event, preserve other panel values, enforce role/firewall/concurrency, and never project raw inputs or guarded values to Buyer. Required missing artifacts: `convex/deploy_validators/kb_value_meter_estimated_value_guard_runtime.ts` and `tests/integration/kb_value_meter_estimated_value_guard_runtime.spec.ts`.","convex/deploy_validators/kb_value_meter_estimated_value_guard_runtime.ts, tests/integration/kb_value_meter_estimated_value_guard_runtime.spec.ts","convex/deploy_validators/kb_value_meter_estimated_value_guard_runtime.ts:missing; tests/integration/kb_value_meter_estimated_value_guard_runtime.spec.ts:missing","required_product_runtime_evidence_missing","Runtime status is still spec_binding_pending_pack_m11_3; required artifact evidence not promoted. Checked: .github/workflows/deploy-validator.yml, .github/workflows/test-strategy.yml, convex/deploy_validators, tests/integration."
"kb_injection_scanner_registry_runtime_consistency","runtime_evidence","Sourcera_Master_Spec.md","73198","M.5.81 v7.1.1 Phase 5.3 KB Lifecycle / Value Residual Contract and Runtime Evidence additions (2026-07-09) {#m-5-81-v711-phase-5-3-kb-lifecycle-value-residual-contract-and-runtime-evidence-additions}","blocker","v7.1.1 Phase 5.3 KB Lifecycle / Value Residual Contract and Runtime Evidence additions (2026-07-09) {#m-5-81-v711-phase-5-3-kb-lifecycle-value-residual-contract-and-runtime-evidence-additions}","spec_binding_pending_pack_m11_3","m11_3","runtime_property_test","deploy_validator + runtime_test","Every new/materially edited KBEntry MUST resolve §21.4.3.A `kb_injection_scanner`, pin the pattern-library version, fail closed to review on provider error, and exclude the operation from customer billing. Required missing artifacts: `convex/deploy_validators/kb_injection_scanner_registry_runtime_consistency.ts` and `tests/integration/kb_injection_scanner_registry_runtime_consistency.spec.ts`.","convex/deploy_validators/kb_injection_scanner_registry_runtime_consistency.ts, tests/integration/kb_injection_scanner_registry_runtime_consistency.spec.ts","convex/deploy_validators/kb_injection_scanner_registry_runtime_consistency.ts:missing; tests/integration/kb_injection_scanner_registry_runtime_consistency.spec.ts:missing","required_product_runtime_evidence_missing","Runtime status is still spec_binding_pending_pack_m11_3; required artifact evidence not promoted. Checked: .github/workflows/deploy-validator.yml, .github/workflows/test-strategy.yml, convex/deploy_validators, tests/integration."
"kb_state_persisting_audit_event_coverage","runtime_evidence","Sourcera_Master_Spec.md","73199","M.5.81 v7.1.1 Phase 5.3 KB Lifecycle / Value Residual Contract and Runtime Evidence additions (2026-07-09) {#m-5-81-v711-phase-5-3-kb-lifecycle-value-residual-contract-and-runtime-evidence-additions}","blocker","v7.1.1 Phase 5.3 KB Lifecycle / Value Residual Contract and Runtime Evidence additions (2026-07-09) {#m-5-81-v711-phase-5-3-kb-lifecycle-value-residual-contract-and-runtime-evidence-additions}","spec_binding_pending_pack_m11_3","m11_3","audit_runtime_consistency","deploy_validator + runtime_test","All seven §22.16.4 state-persisting actions MUST atomically emit the registered §6.7 action, deduplicate on `(session_id,event.id,action)`, and roll back the paired mutation on audit failure. Required missing artifacts: `convex/deploy_validators/kb_state_persisting_audit_event_coverage.ts` and `tests/integration/kb_state_persisting_audit_event_coverage.spec.ts`.","convex/deploy_validators/kb_state_persisting_audit_event_coverage.ts, tests/integration/kb_state_persisting_audit_event_coverage.spec.ts","convex/deploy_validators/kb_state_persisting_audit_event_coverage.ts:missing; tests/integration/kb_state_persisting_audit_event_coverage.spec.ts:missing","required_product_runtime_evidence_missing","Runtime status is still spec_binding_pending_pack_m11_3; required artifact evidence not promoted. Checked: .github/workflows/deploy-validator.yml, .github/workflows/test-strategy.yml, convex/deploy_validators, tests/integration."
"firecrawl_status_line_variant_materialization","runtime_evidence","Sourcera_Master_Spec.md","73200","M.5.81 v7.1.1 Phase 5.3 KB Lifecycle / Value Residual Contract and Runtime Evidence additions (2026-07-09) {#m-5-81-v711-phase-5-3-kb-lifecycle-value-residual-contract-and-runtime-evidence-additions}","blocker","v7.1.1 Phase 5.3 KB Lifecycle / Value Residual Contract and Runtime Evidence additions (2026-07-09) {#m-5-81-v711-phase-5-3-kb-lifecycle-value-residual-contract-and-runtime-evidence-additions}","spec_binding_pending_pack_m11_3","m11_3","render_runtime_consistency","deploy_validator + render_test","Each crawl run MUST materialize exactly one valid `first_resolved_page_category` winner and render the truthful §22.20.7 AC #99 line for all values, unknown-category fallback, zero-page failure, replay, and concurrent races. Required missing artifacts: `convex/deploy_validators/firecrawl_status_line_variant_materialization.ts` and `tests/render/firecrawl_status_line_variant_materialization.spec.tsx`.","convex/deploy_validators/firecrawl_status_line_variant_materialization.ts, tests/render/firecrawl_status_line_variant_materialization.spec.tsx","convex/deploy_validators/firecrawl_status_line_variant_materialization.ts:missing; tests/render/firecrawl_status_line_variant_materialization.spec.tsx:missing","required_product_runtime_evidence_missing","Runtime status is still spec_binding_pending_pack_m11_3; required artifact evidence not promoted. Checked: .github/workflows/deploy-validator.yml, .github/workflows/test-strategy.yml, convex/deploy_validators, tests/integration."
"seller_maya_billing_detail_plan_guard","runtime_evidence","Sourcera_Master_Spec.md","73201","M.5.81 v7.1.1 Phase 5.3 KB Lifecycle / Value Residual Contract and Runtime Evidence additions (2026-07-09) {#m-5-81-v711-phase-5-3-kb-lifecycle-value-residual-contract-and-runtime-evidence-additions}","blocker","v7.1.1 Phase 5.3 KB Lifecycle / Value Residual Contract and Runtime Evidence additions (2026-07-09) {#m-5-81-v711-phase-5-3-kb-lifecycle-value-residual-contract-and-runtime-evidence-additions}","spec_binding_pending_pack_m24_3","m24_3","billing_runtime_consistency","deploy_validator + api_integration_test","Seller Free/Solo token issuance and every private §32.8 request MUST reject billing-detail scopes before entity lookup, block `console=all` recovery, preserve public pricing / KB export, and admit former-Solo history only after explicit Starter+ billing-scope re-issue. Required missing artifacts: `convex/deploy_validators/seller_maya_billing_detail_plan_guard.ts` and `tests/integration/seller_maya_billing_detail_plan_guard.spec.ts`.","convex/deploy_validators/seller_maya_billing_detail_plan_guard.ts, tests/integration/seller_maya_billing_detail_plan_guard.spec.ts","convex/deploy_validators/seller_maya_billing_detail_plan_guard.ts:missing; tests/integration/seller_maya_billing_detail_plan_guard.spec.ts:missing","required_product_runtime_evidence_missing","Runtime status is still spec_binding_pending_pack_m24_3; required artifact evidence not promoted. Checked: .github/workflows/billing-runtime.yml, tests/billing, convex/deploy_validators."
"bid_response_editor_lock_runtime_consistency","runtime_evidence","Sourcera_Master_Spec.md","73214","M.5.82 v7.1.1 Phase 23 Bid Workspace Residual Contract and Runtime Evidence additions (2026-07-09) {#m-5-82-v711-phase-23-bid-workspace-residual-contract-and-runtime-evidence-additions}","blocker","v7.1.1 Phase 23 Bid Workspace Residual Contract and Runtime Evidence additions (2026-07-09) {#m-5-82-v711-phase-23-bid-workspace-residual-contract-and-runtime-evidence-additions}","spec_binding_pending_pack_m11_3","m11_3","runtime_property_test","deploy_validator + integration_test","§4.4.2 / §23.2 / §32.10.4 lock acquire, extend, release, force-release, expiry, version CAS, hard-lock precedence, identity redaction, audit, and analytics MUST hold under replay and concurrency. Required missing artifacts: `convex/deploy_validators/bid_response_editor_lock_runtime_consistency.ts` and `tests/integration/bid_response_editor_lock_runtime_consistency.spec.ts`.","convex/deploy_validators/bid_response_editor_lock_runtime_consistency.ts, tests/integration/bid_response_editor_lock_runtime_consistency.spec.ts","convex/deploy_validators/bid_response_editor_lock_runtime_consistency.ts:missing; tests/integration/bid_response_editor_lock_runtime_consistency.spec.ts:missing","required_product_runtime_evidence_missing","Runtime status is still spec_binding_pending_pack_m11_3; required artifact evidence not promoted. Checked: .github/workflows/deploy-validator.yml, .github/workflows/test-strategy.yml, convex/deploy_validators, tests/integration."
"bid_response_bulk_submit_runtime_consistency","runtime_evidence","Sourcera_Master_Spec.md","73215","M.5.82 v7.1.1 Phase 23 Bid Workspace Residual Contract and Runtime Evidence additions (2026-07-09) {#m-5-82-v711-phase-23-bid-workspace-residual-contract-and-runtime-evidence-additions}","blocker","v7.1.1 Phase 23 Bid Workspace Residual Contract and Runtime Evidence additions (2026-07-09) {#m-5-82-v711-phase-23-bid-workspace-residual-contract-and-runtime-evidence-additions}","spec_binding_pending_pack_m11_3","m11_3","runtime_property_test","deploy_validator + integration_test","§23.3 / §32.10.4 bulk submit MUST preserve idempotent per-row validation, HTTP 200/207/422 semantics, failed-row retry, successful-row non-replay, and parent transition only after all required visible rows qualify. Required missing artifacts: `convex/deploy_validators/bid_response_bulk_submit_runtime_consistency.ts` and `tests/integration/bid_response_bulk_submit_runtime_consistency.spec.ts`.","convex/deploy_validators/bid_response_bulk_submit_runtime_consistency.ts, tests/integration/bid_response_bulk_submit_runtime_consistency.spec.ts","convex/deploy_validators/bid_response_bulk_submit_runtime_consistency.ts:missing; tests/integration/bid_response_bulk_submit_runtime_consistency.spec.ts:missing","required_product_runtime_evidence_missing","Runtime status is still spec_binding_pending_pack_m11_3; required artifact evidence not promoted. Checked: .github/workflows/deploy-validator.yml, .github/workflows/test-strategy.yml, convex/deploy_validators, tests/integration."
"bid_workspace_voluntary_withdrawal_runtime_consistency","runtime_evidence","Sourcera_Master_Spec.md","73216","M.5.82 v7.1.1 Phase 23 Bid Workspace Residual Contract and Runtime Evidence additions (2026-07-09) {#m-5-82-v711-phase-23-bid-workspace-residual-contract-and-runtime-evidence-additions}","blocker","v7.1.1 Phase 23 Bid Workspace Residual Contract and Runtime Evidence additions (2026-07-09) {#m-5-82-v711-phase-23-bid-workspace-residual-contract-and-runtime-evidence-additions}","spec_binding_pending_pack_m11_3","m11_3","runtime_property_test","deploy_validator + integration_test","§23.4 withdrawal MUST require exact confirmation and reason, serialize against submit/lock writes, commit terminal state/cascade/audit/bridge outbox atomically, preserve redaction, and reject reactivation. Required missing artifacts: `convex/deploy_validators/bid_workspace_voluntary_withdrawal_runtime_consistency.ts` and `tests/integration/bid_workspace_voluntary_withdrawal_runtime_consistency.spec.ts`.","convex/deploy_validators/bid_workspace_voluntary_withdrawal_runtime_consistency.ts, tests/integration/bid_workspace_voluntary_withdrawal_runtime_consistency.spec.ts","convex/deploy_validators/bid_workspace_voluntary_withdrawal_runtime_consistency.ts:missing; tests/integration/bid_workspace_voluntary_withdrawal_runtime_consistency.spec.ts:missing","required_product_runtime_evidence_missing","Runtime status is still spec_binding_pending_pack_m11_3; required artifact evidence not promoted. Checked: .github/workflows/deploy-validator.yml, .github/workflows/test-strategy.yml, convex/deploy_validators, tests/integration."
"bid_workspace_surface_state_runtime_consistency","runtime_evidence","Sourcera_Master_Spec.md","73217","M.5.82 v7.1.1 Phase 23 Bid Workspace Residual Contract and Runtime Evidence additions (2026-07-09) {#m-5-82-v711-phase-23-bid-workspace-residual-contract-and-runtime-evidence-additions}","blocker","v7.1.1 Phase 23 Bid Workspace Residual Contract and Runtime Evidence additions (2026-07-09) {#m-5-82-v711-phase-23-bid-workspace-residual-contract-and-runtime-evidence-additions}","spec_binding_pending_pack_m11_3","m11_3","render_runtime_consistency","render_test + integration_test","Every §23.6 surface MUST render defined empty/loading/error/retry/partial/offline/concurrent states, preserve drafts and valid uploads, poll idempotency before replay, and never show optimistic success before commit. Required missing artifacts: `tests/render/bid_workspace_surface_state_runtime_consistency.spec.tsx` and `tests/integration/bid_workspace_surface_state_runtime_consistency.spec.ts`.","tests/render/bid_workspace_surface_state_runtime_consistency.spec.tsx, tests/integration/bid_workspace_surface_state_runtime_consistency.spec.ts","tests/render/bid_workspace_surface_state_runtime_consistency.spec.tsx:missing; tests/integration/bid_workspace_surface_state_runtime_consistency.spec.ts:missing","required_product_runtime_evidence_missing","Runtime status is still spec_binding_pending_pack_m11_3; required artifact evidence not promoted. Checked: .github/workflows/deploy-validator.yml, .github/workflows/test-strategy.yml, convex/deploy_validators, tests/integration."
"seller_bid_workspace_mobile_accessibility_runtime","runtime_evidence","Sourcera_Master_Spec.md","73218","M.5.82 v7.1.1 Phase 23 Bid Workspace Residual Contract and Runtime Evidence additions (2026-07-09) {#m-5-82-v711-phase-23-bid-workspace-residual-contract-and-runtime-evidence-additions}","blocker","v7.1.1 Phase 23 Bid Workspace Residual Contract and Runtime Evidence additions (2026-07-09) {#m-5-82-v711-phase-23-bid-workspace-residual-contract-and-runtime-evidence-additions}","spec_binding_pending_pack_m21_3","m21_3","mobile_accessibility_runtime","mobile_e2e + accessibility_test","§23.6 / §38.8.2 mobile flows MUST preserve server predicates, complete within the §38.8.4 tap budget, and pass keyboard, screen-reader, focus, 200%-zoom, contrast, reduced-motion, and progress-announcement tests. Required missing artifacts: `tests/mobile/seller_bid_workspace_mobile_accessibility_runtime.spec.tsx` and `tests/accessibility/seller_bid_workspace_mobile_accessibility_runtime.spec.tsx`.","tests/mobile/seller_bid_workspace_mobile_accessibility_runtime.spec.tsx, tests/accessibility/seller_bid_workspace_mobile_accessibility_runtime.spec.tsx","tests/mobile/seller_bid_workspace_mobile_accessibility_runtime.spec.tsx:missing; tests/accessibility/seller_bid_workspace_mobile_accessibility_runtime.spec.tsx:missing","required_product_runtime_evidence_missing","Runtime status is still spec_binding_pending_pack_m21_3; required artifact evidence not promoted. Checked: .github/workflows/marketplace-runtime.yml, convex/deploy_validators, tests/marketplace, tests/analytics."
"nda_lifecycle_notification_runtime_consistency","runtime_evidence","Sourcera_Master_Spec.md","73231","M.5.83 v7.1.1 Phase 24 Seller Console Residual Contract and Runtime Evidence additions (2026-07-09) {#m-5-83-v711-phase-24-seller-console-residual-contract-and-runtime-evidence-additions}","blocker","v7.1.1 Phase 24 Seller Console Residual Contract and Runtime Evidence additions (2026-07-09) {#m-5-83-v711-phase-24-seller-console-residual-contract-and-runtime-evidence-additions}","spec_binding_pending_pack_m11_3","m11_3","notification_runtime_consistency","deploy_validator + integration_test","NDA executed / expired / revoked transitions MUST atomically enqueue exactly one authorized Appendix C event, matching Appendix G mirror, AuditEvent, and Loops route after commit; replay, concurrent version supersession, wrong-console recipients, and delivery failure MUST preserve idempotency and redaction. Required missing artifacts: `convex/deploy_validators/nda_lifecycle_notification_runtime_consistency.ts` and `tests/integration/nda_lifecycle_notification_runtime_consistency.spec.ts`.","convex/deploy_validators/nda_lifecycle_notification_runtime_consistency.ts, tests/integration/nda_lifecycle_notification_runtime_consistency.spec.ts","convex/deploy_validators/nda_lifecycle_notification_runtime_consistency.ts:missing; tests/integration/nda_lifecycle_notification_runtime_consistency.spec.ts:missing","required_product_runtime_evidence_missing","Runtime status is still spec_binding_pending_pack_m11_3; required artifact evidence not promoted. Checked: .github/workflows/deploy-validator.yml, .github/workflows/test-strategy.yml, convex/deploy_validators, tests/integration."
"seller_console_phase24_firewall_state_runtime_consistency","runtime_evidence","Sourcera_Master_Spec.md","73232","M.5.83 v7.1.1 Phase 24 Seller Console Residual Contract and Runtime Evidence additions (2026-07-09) {#m-5-83-v711-phase-24-seller-console-residual-contract-and-runtime-evidence-additions}","blocker","v7.1.1 Phase 24 Seller Console Residual Contract and Runtime Evidence additions (2026-07-09) {#m-5-83-v711-phase-24-seller-console-residual-contract-and-runtime-evidence-additions}","spec_binding_pending_pack_m11_3","m11_3","runtime_property_test","deploy_validator + render_test + integration_test","§24.7 empty/loading/error/retry/partial/concurrency states MUST preserve committed data and authorization; Seller Inbox, Pulse, and Analytics MUST never cross the Console Bridge; Q&A/NDA projections MUST match §4.7.1 / §25 allowlists; retention, DSAR invalidation, and residency placement MUST match §4.5.3 / §40. Required missing artifacts: `convex/deploy_validators/seller_console_phase24_firewall_state_runtime_consistency.ts`, `tests/render/seller_console_phase24_surface_states.spec.tsx`, and `tests/integration/seller_console_phase24_firewall_state_runtime_consistency.spec.ts`.","convex/deploy_validators/seller_console_phase24_firewall_state_runtime_consistency.ts, tests/render/seller_console_phase24_surface_states.spec.tsx, tests/integration/seller_console_phase24_firewall_state_runtime_consistency.spec.ts","convex/deploy_validators/seller_console_phase24_firewall_state_runtime_consistency.ts:missing; tests/render/seller_console_phase24_surface_states.spec.tsx:missing; tests/integration/seller_console_phase24_firewall_state_runtime_consistency.spec.ts:missing","required_product_runtime_evidence_missing","Runtime status is still spec_binding_pending_pack_m11_3; required artifact evidence not promoted. Checked: .github/workflows/deploy-validator.yml, .github/workflows/test-strategy.yml, convex/deploy_validators, tests/integration."
"seller_console_phase24_mobile_accessibility_runtime","runtime_evidence","Sourcera_Master_Spec.md","73233","M.5.83 v7.1.1 Phase 24 Seller Console Residual Contract and Runtime Evidence additions (2026-07-09) {#m-5-83-v711-phase-24-seller-console-residual-contract-and-runtime-evidence-additions}","blocker","v7.1.1 Phase 24 Seller Console Residual Contract and Runtime Evidence additions (2026-07-09) {#m-5-83-v711-phase-24-seller-console-residual-contract-and-runtime-evidence-additions}","spec_binding_pending_pack_m21_3","m21_3","mobile_accessibility_runtime","mobile_e2e + accessibility_test","Seller Q&A, NDA, Inbox, Pulse, and Analytics MUST preserve §38.8.2 parity and pass keyboard, screen-reader, focus, 200%-zoom, contrast, reduced-motion, chart/table alternative, and mobile authorization tests. Required missing artifacts: `tests/mobile/seller_console_phase24_mobile_accessibility_runtime.spec.tsx` and `tests/accessibility/seller_console_phase24_mobile_accessibility_runtime.spec.tsx`.","tests/mobile/seller_console_phase24_mobile_accessibility_runtime.spec.tsx, tests/accessibility/seller_console_phase24_mobile_accessibility_runtime.spec.tsx","tests/mobile/seller_console_phase24_mobile_accessibility_runtime.spec.tsx:missing; tests/accessibility/seller_console_phase24_mobile_accessibility_runtime.spec.tsx:missing","required_product_runtime_evidence_missing","Runtime status is still spec_binding_pending_pack_m21_3; required artifact evidence not promoted. Checked: .github/workflows/marketplace-runtime.yml, convex/deploy_validators, tests/marketplace, tests/analytics."
"seller_console_phase24_plan_authority_runtime_consistency","runtime_evidence","Sourcera_Master_Spec.md","73234","M.5.83 v7.1.1 Phase 24 Seller Console Residual Contract and Runtime Evidence additions (2026-07-09) {#m-5-83-v711-phase-24-seller-console-residual-contract-and-runtime-evidence-additions}","blocker","v7.1.1 Phase 24 Seller Console Residual Contract and Runtime Evidence additions (2026-07-09) {#m-5-83-v711-phase-24-seller-console-residual-contract-and-runtime-evidence-additions}","spec_binding_pending_pack_m24_3","m24_3","entitlement_runtime_consistency","deploy_validator + api_integration_test","Core Q&A, checkbox NDA, Inbox, Pulse, and Analytics UI MUST remain available on every seller plan; `pulse_digest_weekly` MUST require the canonical §34.8.5 minimum; Seller Analytics API MUST follow §34.1.2 API Access; no invented NDA, export-format, or analytics-window tier split may execute. Required missing artifacts: `convex/deploy_validators/seller_console_phase24_plan_authority_runtime_consistency.ts` and `tests/integration/seller_console_phase24_plan_authority_runtime_consistency.spec.ts`.","convex/deploy_validators/seller_console_phase24_plan_authority_runtime_consistency.ts, tests/integration/seller_console_phase24_plan_authority_runtime_consistency.spec.ts","convex/deploy_validators/seller_console_phase24_plan_authority_runtime_consistency.ts:missing; tests/integration/seller_console_phase24_plan_authority_runtime_consistency.spec.ts:missing","required_product_runtime_evidence_missing","Runtime status is still spec_binding_pending_pack_m24_3; required artifact evidence not promoted. Checked: .github/workflows/billing-runtime.yml, tests/billing, convex/deploy_validators."
"api_multistatus_schema_registration","runtime_evidence","Sourcera_Master_Spec.md","73247","M.5.84 v7.1.1 Phase 8.1 API Residual Contract and Runtime Evidence additions (2026-07-09) {#m-5-84-v711-phase-8-1-api-residual-contract-and-runtime-evidence-additions}","blocker","v7.1.1 Phase 8.1 API Residual Contract and Runtime Evidence additions (2026-07-09) {#m-5-84-v711-phase-8-1-api-residual-contract-and-runtime-evidence-additions}","spec_binding_pending_pack_m02_3","m02_3","openapi_schema_runtime_consistency","openapi_validator + schema_test","Every endpoint that can emit HTTP 207 MUST publish the full §32.6.1 endpoint-specific response schema and Appendix J action enum in generated OpenAPI; every published 207 schema MUST resolve to a documented endpoint. Required missing artifacts: `tools/openapi/validators/api_multistatus_schema_registration.ts` and `tests/openapi/api_multistatus_schema_registration.spec.ts`.","tools/openapi/validators/api_multistatus_schema_registration.ts, tests/openapi/api_multistatus_schema_registration.spec.ts","tools/openapi/validators/api_multistatus_schema_registration.ts:missing; tests/openapi/api_multistatus_schema_registration.spec.ts:missing","required_product_runtime_evidence_missing","Runtime status is still spec_binding_pending_pack_m02_3; required artifact evidence not promoted. No candidate path is inferred; use the row execution context and assertion."
"api_standard_retry_after_runtime_consistency","runtime_evidence","Sourcera_Master_Spec.md","73248","M.5.84 v7.1.1 Phase 8.1 API Residual Contract and Runtime Evidence additions (2026-07-09) {#m-5-84-v711-phase-8-1-api-residual-contract-and-runtime-evidence-additions}","blocker","v7.1.1 Phase 8.1 API Residual Contract and Runtime Evidence additions (2026-07-09) {#m-5-84-v711-phase-8-1-api-residual-contract-and-runtime-evidence-additions}","spec_binding_pending_pack_m11_3","m11_3","api_middleware_runtime_consistency","middleware_test + api_integration_test","Every HTTP 429 MUST emit canonical `Retry-After`, compatibility `X-RateLimit-RetryAfter` with the same integer, limit/remaining headers, and the endpoint's Appendix I envelope; no class may emit only the compatibility header. Required missing artifacts: `tests/middleware/api_standard_retry_after_runtime_consistency.spec.ts` and `tests/integration/api_standard_retry_after_runtime_consistency.spec.ts`.","tests/middleware/api_standard_retry_after_runtime_consistency.spec.ts, tests/integration/api_standard_retry_after_runtime_consistency.spec.ts","tests/middleware/api_standard_retry_after_runtime_consistency.spec.ts:missing; tests/integration/api_standard_retry_after_runtime_consistency.spec.ts:missing","required_product_runtime_evidence_missing","Runtime status is still spec_binding_pending_pack_m11_3; required artifact evidence not promoted. Checked: .github/workflows/deploy-validator.yml, .github/workflows/test-strategy.yml, convex/deploy_validators, tests/integration."
"billing_async_failure_state_runtime_consistency","runtime_evidence","Sourcera_Master_Spec.md","73249","M.5.84 v7.1.1 Phase 8.1 API Residual Contract and Runtime Evidence additions (2026-07-09) {#m-5-84-v711-phase-8-1-api-residual-contract-and-runtime-evidence-additions}","blocker","v7.1.1 Phase 8.1 API Residual Contract and Runtime Evidence additions (2026-07-09) {#m-5-84-v711-phase-8-1-api-residual-contract-and-runtime-evidence-additions}","spec_binding_pending_pack_m11_3","m11_3","billing_runtime_property_test","worker_test + api_integration_test","Manual top-up Stripe timeout, Billing Ledger export timeout/failure, Enterprise plan-change signoff expiry, and KB export DSAR/residency pause MUST follow the §32 state machines, remain idempotent, emit registered outcomes once, and commit no prohibited side effects. Required missing artifacts: `tests/workers/billing_async_failure_state_runtime_consistency.spec.ts` and `tests/integration/billing_async_failure_state_runtime_consistency.spec.ts`.","tests/workers/billing_async_failure_state_runtime_consistency.spec.ts, tests/integration/billing_async_failure_state_runtime_consistency.spec.ts","tests/workers/billing_async_failure_state_runtime_consistency.spec.ts:missing; tests/integration/billing_async_failure_state_runtime_consistency.spec.ts:missing","required_product_runtime_evidence_missing","Runtime status is still spec_binding_pending_pack_m11_3; required artifact evidence not promoted. Checked: .github/workflows/deploy-validator.yml, .github/workflows/test-strategy.yml, convex/deploy_validators, tests/integration."
"api_rate_limit_plan_quota_runtime_consistency","runtime_evidence","Sourcera_Master_Spec.md","73250","M.5.84 v7.1.1 Phase 8.1 API Residual Contract and Runtime Evidence additions (2026-07-09) {#m-5-84-v711-phase-8-1-api-residual-contract-and-runtime-evidence-additions}","blocker","v7.1.1 Phase 8.1 API Residual Contract and Runtime Evidence additions (2026-07-09) {#m-5-84-v711-phase-8-1-api-residual-contract-and-runtime-evidence-additions}","spec_binding_pending_pack_m24_3","m24_3","entitlement_runtime_consistency","deploy_validator + api_integration_test","General API access MUST follow §34.1.1 / §34.1.2; monthly counters MUST use canonical plan enums and §32.4 quotas; class envelopes MUST resolve to §39.1; Seller Scale remains read-only and no Free/Solo/Starter/Growth Seller general API entitlement may be invented. Required missing artifacts: `convex/deploy_validators/api_rate_limit_plan_quota_runtime_consistency.ts` and `tests/integration/api_rate_limit_plan_quota_runtime_consistency.spec.ts`.","convex/deploy_validators/api_rate_limit_plan_quota_runtime_consistency.ts, tests/integration/api_rate_limit_plan_quota_runtime_consistency.spec.ts","convex/deploy_validators/api_rate_limit_plan_quota_runtime_consistency.ts:missing; tests/integration/api_rate_limit_plan_quota_runtime_consistency.spec.ts:missing","required_product_runtime_evidence_missing","Runtime status is still spec_binding_pending_pack_m24_3; required artifact evidence not promoted. Checked: .github/workflows/billing-runtime.yml, tests/billing, convex/deploy_validators."
"webhook_dlq_runtime_consistency","runtime_evidence","Sourcera_Master_Spec.md","73265","M.5.85 v7.1.1 Phase 8.2 Webhook Residual Contract and Runtime Evidence additions (2026-07-09) {#m-5-85-v711-phase-8-2-webhook-residual-contract-and-runtime-evidence-additions}","blocker","v7.1.1 Phase 8.2 Webhook Residual Contract and Runtime Evidence additions (2026-07-09) {#m-5-85-v711-phase-8-2-webhook-residual-contract-and-runtime-evidence-additions}","spec_binding_pending_pack_m11_3","m11_3","runtime_property_test","schema_test + worker_test + api_integration_test","Terminal 4xx and exhausted retry paths MUST atomically create §4.6.6, safe API projection, notification outbox, AuditEvent, and PostHog rows; replay/dismiss/expiry/DSAR/concurrency/firewall behavior MUST follow Appendix L.19. Required missing artifacts: `convex/schema/webhook_delivery_failures.ts`, `tests/workers/webhook_dlq_runtime_consistency.spec.ts`, and `tests/integration/webhook_failure_api_runtime_consistency.spec.ts`.","convex/schema/webhook_delivery_failures.ts, tests/workers/webhook_dlq_runtime_consistency.spec.ts, tests/integration/webhook_failure_api_runtime_consistency.spec.ts","convex/schema/webhook_delivery_failures.ts:missing; tests/workers/webhook_dlq_runtime_consistency.spec.ts:missing; tests/integration/webhook_failure_api_runtime_consistency.spec.ts:missing","required_product_runtime_evidence_missing","Runtime status is still spec_binding_pending_pack_m11_3; required artifact evidence not promoted. Checked: .github/workflows/deploy-validator.yml, .github/workflows/test-strategy.yml, convex/deploy_validators, tests/integration."
"webhook_endpoint_pool_runtime_consistency","runtime_evidence","Sourcera_Master_Spec.md","73266","M.5.85 v7.1.1 Phase 8.2 Webhook Residual Contract and Runtime Evidence additions (2026-07-09) {#m-5-85-v711-phase-8-2-webhook-residual-contract-and-runtime-evidence-additions}","blocker","v7.1.1 Phase 8.2 Webhook Residual Contract and Runtime Evidence additions (2026-07-09) {#m-5-85-v711-phase-8-2-webhook-residual-contract-and-runtime-evidence-additions}","spec_binding_pending_pack_m24_3","m24_3","runtime_property_test","deploy_validator + entitlement_integration_test","Runtime endpoint counting MUST use one Org-pooled subscription set, apply the maximum of buyer/seller §34.1 cells, count the §31.5 states exactly, and preserve/disable excess rows deterministically on downgrade. Required missing artifacts: `convex/deploy_validators/webhook_endpoint_pool_runtime_consistency.ts` and `tests/integration/webhook_endpoint_pool_runtime_consistency.spec.ts`.","convex/deploy_validators/webhook_endpoint_pool_runtime_consistency.ts, tests/integration/webhook_endpoint_pool_runtime_consistency.spec.ts","convex/deploy_validators/webhook_endpoint_pool_runtime_consistency.ts:missing; tests/integration/webhook_endpoint_pool_runtime_consistency.spec.ts:missing","required_product_runtime_evidence_missing","Runtime status is still spec_binding_pending_pack_m24_3; required artifact evidence not promoted. Checked: .github/workflows/billing-runtime.yml, tests/billing, convex/deploy_validators."
"webhook_dlq_observability_runtime_consistency","runtime_evidence","Sourcera_Master_Spec.md","73267","M.5.85 v7.1.1 Phase 8.2 Webhook Residual Contract and Runtime Evidence additions (2026-07-09) {#m-5-85-v711-phase-8-2-webhook-residual-contract-and-runtime-evidence-additions}","blocker","v7.1.1 Phase 8.2 Webhook Residual Contract and Runtime Evidence additions (2026-07-09) {#m-5-85-v711-phase-8-2-webhook-residual-contract-and-runtime-evidence-additions}","spec_binding_pending_pack_m21_3","m21_3","synthetic_monitor","telemetry_test + synthetic_monitor","Every terminal failure MUST emit the §42.2.5 distribution/counters with correct start/stop/tags, resolve an eligible recipient fallback, and page through `RB-PLAT-007` on threshold/no-recipient breach. Required missing artifacts: `tests/observability/webhook_dlq_observability_runtime_consistency.spec.ts` and `synthetics/webhook_dlq_notification_dispatch_latency.ts`.","tests/observability/webhook_dlq_observability_runtime_consistency.spec.ts, synthetics/webhook_dlq_notification_dispatch_latency.ts","tests/observability/webhook_dlq_observability_runtime_consistency.spec.ts:missing; synthetics/webhook_dlq_notification_dispatch_latency.ts:missing","required_product_runtime_evidence_missing","Runtime status is still spec_binding_pending_pack_m21_3; required artifact evidence not promoted. Checked: .github/workflows/marketplace-runtime.yml, convex/deploy_validators, tests/marketplace, tests/analytics."
"ai_wallet_state_machine_runtime_consistency","runtime_evidence","Sourcera_Master_Spec.md","73268","M.5.85 v7.1.1 Phase 8.2 Webhook Residual Contract and Runtime Evidence additions (2026-07-09) {#m-5-85-v711-phase-8-2-webhook-residual-contract-and-runtime-evidence-additions}","blocker","v7.1.1 Phase 8.2 Webhook Residual Contract and Runtime Evidence additions (2026-07-09) {#m-5-85-v711-phase-8-2-webhook-residual-contract-and-runtime-evidence-additions}","spec_binding_pending_pack_m11_3","m11_3","runtime_property_test","property_test + billing_integration_test","Runtime wallet transitions MUST match Appendix L.20 and §4.8.3 exactly; counter/state changes MUST be atomic, closed terminal, console-pooled, and webhook/audit emission idempotent. Required missing artifacts: `tests/property/ai_wallet_state_machine_runtime_consistency.spec.ts` and `tests/integration/ai_wallet_state_machine_runtime_consistency.spec.ts`.","tests/property/ai_wallet_state_machine_runtime_consistency.spec.ts, tests/integration/ai_wallet_state_machine_runtime_consistency.spec.ts","tests/property/ai_wallet_state_machine_runtime_consistency.spec.ts:missing; tests/integration/ai_wallet_state_machine_runtime_consistency.spec.ts:missing","required_product_runtime_evidence_missing","Runtime status is still spec_binding_pending_pack_m11_3; required artifact evidence not promoted. Checked: .github/workflows/deploy-validator.yml, .github/workflows/test-strategy.yml, convex/deploy_validators, tests/integration."
"dsar_cascade_audit_completeness","runtime_evidence","Sourcera_Master_Spec.md","73516","M.5.109 v7.1.1 DSAR Observability Catalog Reconciliation (D-3.5-036) {#m-5-109-v711-dsar-observability-catalog-reconciliation}","blocker","v7.1.1 DSAR Observability Catalog Reconciliation (D-3.5-036) {#m-5-109-v711-dsar-observability-catalog-reconciliation}","spec_binding_pending_pack_m11_3","m11_3","runtime_property_test","runtime_test","For every DSAR cascade mutation, the worker MUST persist exactly one `dsar.cascade.row_redacted` AuditEvent carrying `entity_type`, `entity_id`, registered `redaction_path`, `actor_type=system_dsar_cascade_worker`, and `actor_id=dsar_cascade_worker_v1`; a synthetic cascade corpus must have one event per mutation and no orphan event. Failure: property-test mismatch names the mutation or event and blocks deploy. Override: `not_permitted_gdpr_art_17`. Runbook: `runbooks.sourcera.com/ci-gates/dsar_cascade_audit_completeness`.",".github/workflows/deploy-validator.yml, .github/workflows/test-strategy.yml, convex/deploy_validators, tests/integration",".github/workflows/deploy-validator.yml:missing; .github/workflows/test-strategy.yml:missing; convex/deploy_validators:missing; tests/integration:missing","required_product_runtime_evidence_missing","Runtime status is still spec_binding_pending_pack_m11_3; required artifact evidence not promoted. Checked: .github/workflows/deploy-validator.yml, .github/workflows/test-strategy.yml, convex/deploy_validators, tests/integration."
"audit_integrity_exemption_redaction_path_correctness","runtime_evidence","Sourcera_Master_Spec.md","73517","M.5.109 v7.1.1 DSAR Observability Catalog Reconciliation (D-3.5-036) {#m-5-109-v711-dsar-observability-catalog-reconciliation}","blocker","v7.1.1 DSAR Observability Catalog Reconciliation (D-3.5-036) {#m-5-109-v711-dsar-observability-catalog-reconciliation}","spec_binding_pending_pack_m02_3","m02_3","deploy_validator","pr_lint + deploy_validator","The deployed retained-row redaction-path mapping MUST exactly match the §6.8.5 retained-row catalog; no audit-integrity-exempt class may hard-delete and no unlisted class may use the exemption. Local guard `tools/spec-lint/gates/audit_integrity_exemption_redaction_path_correctness.ts` and pass/fail fixtures protect the 17-row source catalog; deployed retained-row mapping validator evidence remains required. Failure: validator names the class and divergent path; deployment is rejected. Override: `not_permitted_gdpr_art_17`. Runbook: `runbooks.sourcera.com/ci-gates/audit_integrity_exemption_redaction_path_correctness`.","deployed retained-row mapping validator evidence remains required","tools/spec-lint/gates/audit_integrity_exemption_redaction_path_correctness.ts:present","local_guard_present_external_evidence_pending","Runtime status is still spec_binding_pending_pack_m02_3; required artifact evidence not promoted. No candidate path is inferred; use the row execution context and assertion."
"dsar_30d_sla_observability","runtime_evidence","Sourcera_Master_Spec.md","73518","M.5.109 v7.1.1 DSAR Observability Catalog Reconciliation (D-3.5-036) {#m-5-109-v711-dsar-observability-catalog-reconciliation}","blocker","v7.1.1 DSAR Observability Catalog Reconciliation (D-3.5-036) {#m-5-109-v711-dsar-observability-catalog-reconciliation}","spec_binding_pending_pack_m11_3","m11_3","runtime_property_test","runtime_test","A 10,000-request synthetic stream MUST prove `fulfilled_at <= statutory_deadline_at` and prove extension handling remains receipt-based without exceeding the statutory outer ceiling. Failure: property test names the request, computed deadline, fulfillment time, and extension state; deploy is blocked. Override: `not_permitted_gdpr_art_12_3`. Runbook: `runbooks.sourcera.com/ci-gates/dsar_30d_sla_observability`.",".github/workflows/deploy-validator.yml, .github/workflows/test-strategy.yml, convex/deploy_validators, tests/integration",".github/workflows/deploy-validator.yml:missing; .github/workflows/test-strategy.yml:missing; convex/deploy_validators:missing; tests/integration:missing","required_product_runtime_evidence_missing","Runtime status is still spec_binding_pending_pack_m11_3; required artifact evidence not promoted. Checked: .github/workflows/deploy-validator.yml, .github/workflows/test-strategy.yml, convex/deploy_validators, tests/integration."
"dsar_sla_window_breached","runtime_evidence","Sourcera_Master_Spec.md","73519","M.5.109 v7.1.1 DSAR Observability Catalog Reconciliation (D-3.5-036) {#m-5-109-v711-dsar-observability-catalog-reconciliation}","blocker","v7.1.1 DSAR Observability Catalog Reconciliation (D-3.5-036) {#m-5-109-v711-dsar-observability-catalog-reconciliation}","spec_binding_pending_pack_m21_3","m21_3","synthetic_monitor","synthetic_monitor","When `now > statutory_deadline_at AND fulfilled_at IS NULL`, the DSAR worker MUST emit the registered `dsar_sla_window_breached` PostHog event and page DPO on-call through Appendix J `ops_dpo_admin` at P0. Failure: synthetic monitor names missing or late event / page and creates a P0 incident. Override: `not_permitted_gdpr_art_12_3`. Runbook: `runbooks.sourcera.com/ci-gates/dsar_sla_window_breached`.",".github/workflows/marketplace-runtime.yml, convex/deploy_validators, tests/marketplace, tests/analytics",".github/workflows/marketplace-runtime.yml:missing; convex/deploy_validators:missing; tests/marketplace:missing; tests/analytics:missing","required_product_runtime_evidence_missing","Runtime status is still spec_binding_pending_pack_m21_3; required artifact evidence not promoted. Checked: .github/workflows/marketplace-runtime.yml, convex/deploy_validators, tests/marketplace, tests/analytics."
"qa_attachment_cross_console_content_scan_runtime","runtime_evidence","Sourcera_Master_Spec.md","73529","M.5.110 v7.1.1 Phase 1.6 Cross-Console Content Safety and Global-Ban Reversal Closure (D-1.6-009 / -010) {#m-5-110-v711-phase-16-content-safety-global-ban-reversal}","blocker","v7.1.1 Phase 1.6 Cross-Console Content Safety and Global-Ban Reversal Closure (D-1.6-009 / -010) {#m-5-110-v711-phase-16-content-safety-global-ban-reversal}","spec_binding_pending_pack_m11_3","m11_3","runtime_property_test","deploy_validator + integration_test","Every buyer-origin vendor-visible Q&A attachment MUST pass anti-malware and §12.7.4 classification for the current content hash before the atomic post-promotion / Bridge Event commit. Pending, blocked, failed, timeout, replaced, cross-scope, and residency-mismatch cases produce no seller URL or Bridge Event; retries are idempotent and telemetry/audit contain no body text. Required artifacts: `convex/deploy_validators/qa_attachment_cross_console_content_scan_runtime.ts` and `tests/integration/qa_attachment_cross_console_content_scan_runtime.spec.ts`.",".github/workflows/deploy-validator.yml, .github/workflows/test-strategy.yml, convex/deploy_validators, tests/integration",".github/workflows/deploy-validator.yml:missing; .github/workflows/test-strategy.yml:missing; convex/deploy_validators:missing; tests/integration:missing","required_product_runtime_evidence_missing","Runtime status is still spec_binding_pending_pack_m11_3; required artifact evidence not promoted. Checked: .github/workflows/deploy-validator.yml, .github/workflows/test-strategy.yml, convex/deploy_validators, tests/integration."
"global_ban_reversal_core_runtime_consistency","runtime_evidence","Sourcera_Master_Spec.md","73530","M.5.110 v7.1.1 Phase 1.6 Cross-Console Content Safety and Global-Ban Reversal Closure (D-1.6-009 / -010) {#m-5-110-v711-phase-16-content-safety-global-ban-reversal}","blocker","v7.1.1 Phase 1.6 Cross-Console Content Safety and Global-Ban Reversal Closure (D-1.6-009 / -010) {#m-5-110-v711-phase-16-content-safety-global-ban-reversal}","spec_binding_pending_pack_m11_3","m11_3","runtime_property_test","deploy_validator + integration_test","Global-ban reversal MUST require two distinct Ops-leadership signers, restore recorded pre-ban Organization / engagement states only after current gates pass, serialize against newer mutations, retain partial failures fail-closed, and emit the success webhook exactly once only after complete. Required artifacts: `convex/deploy_validators/global_ban_reversal_core_runtime_consistency.ts` and `tests/integration/global_ban_reversal_core_runtime_consistency.spec.ts`.",".github/workflows/deploy-validator.yml, .github/workflows/test-strategy.yml, convex/deploy_validators, tests/integration",".github/workflows/deploy-validator.yml:missing; .github/workflows/test-strategy.yml:missing; convex/deploy_validators:missing; tests/integration:missing","required_product_runtime_evidence_missing","Runtime status is still spec_binding_pending_pack_m11_3; required artifact evidence not promoted. Checked: .github/workflows/deploy-validator.yml, .github/workflows/test-strategy.yml, convex/deploy_validators, tests/integration."
"global_ban_reversal_marketplace_restoration_runtime","runtime_evidence","Sourcera_Master_Spec.md","73531","M.5.110 v7.1.1 Phase 1.6 Cross-Console Content Safety and Global-Ban Reversal Closure (D-1.6-009 / -010) {#m-5-110-v711-phase-16-content-safety-global-ban-reversal}","blocker","v7.1.1 Phase 1.6 Cross-Console Content Safety and Global-Ban Reversal Closure (D-1.6-009 / -010) {#m-5-110-v711-phase-16-content-safety-global-ban-reversal}","spec_binding_pending_pack_m21_3","m21_3","marketplace_runtime_test","marketplace_test + accessibility_test + synthetic_monitor","Marketplace Listings, SellerOrgPage / SoftwarePage, Capability Declarations, Seller Signals, and search re-index MUST restore only recorded eligible states, respect independent opt-out/moderation/plan/legal/deletion gates, expose no pre-ban snapshot, and meet the 15-minute restoration SLO across desktop/mobile/public search. Required artifacts: `tests/marketplace/global_ban_reversal_marketplace_restoration_runtime.spec.ts` and `synthetics/global_ban_reversal_discovery_restoration_slo.ts`.",".github/workflows/marketplace-runtime.yml, convex/deploy_validators, tests/marketplace, tests/analytics",".github/workflows/marketplace-runtime.yml:missing; convex/deploy_validators:missing; tests/marketplace:missing; tests/analytics:missing","required_product_runtime_evidence_missing","Runtime status is still spec_binding_pending_pack_m21_3; required artifact evidence not promoted. Checked: .github/workflows/marketplace-runtime.yml, convex/deploy_validators, tests/marketplace, tests/analytics."
"free_allowance_quota_decrease_guard","runtime_evidence","Sourcera_Master_Spec.md","73541","M.5.111 v7.1.1 Phase 1.7 Billing Data-Model and Enum Residual Closure (D-1.7-009 / -015 / -016 / -017) {#m-5-111-v711-phase-17-billing-data-model-enum-residual}","blocker","v7.1.1 Phase 1.7 Billing Data-Model and Enum Residual Closure (D-1.7-009 / -015 / -016 / -017) {#m-5-111-v711-phase-17-billing-data-model-enum-residual}","spec_binding_pending_pack_m24_3","m24_3","runtime_property_test","billing_runtime_test + deploy_validator","Ops quota decreases MUST use compare-and-set and reject `new_quota_total < quota_consumed` with HTTP 422 `free_allowance_quota_below_consumed`; rejected writes leave the counter and wallet unchanged and create no successful quota-override AuditEvent. Required artifacts: `convex/deploy_validators/free_allowance_quota_decrease_guard.ts` and `tests/billing/free_allowance_quota_decrease_guard.spec.ts`.",".github/workflows/billing-runtime.yml, tests/billing, convex/deploy_validators",".github/workflows/billing-runtime.yml:missing; tests/billing:missing; convex/deploy_validators:missing","required_product_runtime_evidence_missing","Runtime status is still spec_binding_pending_pack_m24_3; required artifact evidence not promoted. Checked: .github/workflows/billing-runtime.yml, tests/billing, convex/deploy_validators."
"outcome_contract_signal_subject_enum_bound","runtime_evidence","Sourcera_Master_Spec.md","73542","M.5.111 v7.1.1 Phase 1.7 Billing Data-Model and Enum Residual Closure (D-1.7-009 / -015 / -016 / -017) {#m-5-111-v711-phase-17-billing-data-model-enum-residual}","blocker","v7.1.1 Phase 1.7 Billing Data-Model and Enum Residual Closure (D-1.7-009 / -015 / -016 / -017) {#m-5-111-v711-phase-17-billing-data-model-enum-residual}","spec_binding_pending_pack_m02_3","m02_3","deploy_validator","pr_lint + deploy_validator","Every §4.8.4 `signal_subject_entity_kinds` value MUST resolve to Appendix J `outcome_contract_signal_subject_entity_kind`; empty, unknown, or rule-unreferenced values reject publication with `outcome_contract_signal_subject_kind_invalid`. Local pr_lint guard `tools/spec-lint/gates/outcome_contract_signal_subject_enum_bound.ts` and pass/fail fixtures are present and verified 2026-07-12; the composite row remains pending for the deployed OutcomeContract publisher validator.","the composite row remains pending for the deployed OutcomeContract publisher validator","tools/spec-lint/gates/outcome_contract_signal_subject_enum_bound.ts:present","local_guard_present_external_evidence_pending","Runtime status is still spec_binding_pending_pack_m02_3; required artifact evidence not promoted. No candidate path is inferred; use the row execution context and assertion."
"ops_read_audit_event_runtime_consistency","runtime_evidence","Sourcera_Master_Spec.md","73560","M.5.113 v7.1.1 Phase 50 Ops Console Residual Closure (D-50-011 / -016 / -023 / -026 / -033 / -035 / -037 / -040) {#m-5-113-v711-phase50-ops-console-residual-closure}","blocker","v7.1.1 Phase 50 Ops Console Residual Closure (D-50-011 / -016 / -023 / -026 / -033 / -035 / -037 / -040) {#m-5-113-v711-phase50-ops-console-residual-closure}","spec_binding_pending_pack_m11_3","m11_3","runtime_property_test","deploy_validator + integration_test","Every allowed or denied customer-data read under an OpsSession emits exactly one unsampled `ops_entity_read` AuditEvent with the bounded projection, matching residency/session/request link, atomic `read_count`, no returned values, and idempotent retry. Required artifacts: `convex/deploy_validators/ops_read_audit_event_runtime_consistency.ts` and `tests/integration/ops_read_audit_event_runtime_consistency.spec.ts`.",".github/workflows/deploy-validator.yml, .github/workflows/test-strategy.yml, convex/deploy_validators, tests/integration",".github/workflows/deploy-validator.yml:missing; .github/workflows/test-strategy.yml:missing; convex/deploy_validators:missing; tests/integration:missing","required_product_runtime_evidence_missing","Runtime status is still spec_binding_pending_pack_m11_3; required artifact evidence not promoted. Checked: .github/workflows/deploy-validator.yml, .github/workflows/test-strategy.yml, convex/deploy_validators, tests/integration."
"billing_organization_suspended_webhook_runtime","runtime_evidence","Sourcera_Master_Spec.md","73561","M.5.113 v7.1.1 Phase 50 Ops Console Residual Closure (D-50-011 / -016 / -023 / -026 / -033 / -035 / -037 / -040) {#m-5-113-v711-phase50-ops-console-residual-closure}","blocker","v7.1.1 Phase 50 Ops Console Residual Closure (D-50-011 / -016 / -023 / -026 / -033 / -035 / -037 / -040) {#m-5-113-v711-phase50-ops-console-residual-closure}","spec_binding_pending_pack_m11_3","m11_3","runtime_property_test","deploy_validator + integration_test","A committed §50.16.4.1 Org suspension atomically emits exactly one customer-safe `billing.organization.suspended` outbox event; rollback, replay, cross-console, residency, HMAC, DLQ, and forbidden-field cases are covered. Required artifacts: `convex/deploy_validators/billing_organization_suspended_webhook_runtime.ts` and `tests/integration/billing_organization_suspended_webhook_runtime.spec.ts`.",".github/workflows/deploy-validator.yml, .github/workflows/test-strategy.yml, convex/deploy_validators, tests/integration",".github/workflows/deploy-validator.yml:missing; .github/workflows/test-strategy.yml:missing; convex/deploy_validators:missing; tests/integration:missing","required_product_runtime_evidence_missing","Runtime status is still spec_binding_pending_pack_m11_3; required artifact evidence not promoted. Checked: .github/workflows/deploy-validator.yml, .github/workflows/test-strategy.yml, convex/deploy_validators, tests/integration."
"ops_session_notification_partial_success_runtime","runtime_evidence","Sourcera_Master_Spec.md","73562","M.5.113 v7.1.1 Phase 50 Ops Console Residual Closure (D-50-011 / -016 / -023 / -026 / -033 / -035 / -037 / -040) {#m-5-113-v711-phase50-ops-console-residual-closure}","blocker","v7.1.1 Phase 50 Ops Console Residual Closure (D-50-011 / -016 / -023 / -026 / -033 / -035 / -037 / -040) {#m-5-113-v711-phase50-ops-console-residual-closure}","spec_binding_pending_pack_m11_3","m11_3","runtime_property_test","integration_test + provider_contract_test","Open and close independently account for Inbox/email success, partial success, both-failed dwell, break-glass, retry exhaustion, callback races, and idempotency without duplicate delivery or false success. Required artifact: `tests/integration/ops_session_notification_partial_success_runtime.spec.ts`.",".github/workflows/deploy-validator.yml, .github/workflows/test-strategy.yml, convex/deploy_validators, tests/integration",".github/workflows/deploy-validator.yml:missing; .github/workflows/test-strategy.yml:missing; convex/deploy_validators:missing; tests/integration:missing","required_product_runtime_evidence_missing","Runtime status is still spec_binding_pending_pack_m11_3; required artifact evidence not promoted. Checked: .github/workflows/deploy-validator.yml, .github/workflows/test-strategy.yml, convex/deploy_validators, tests/integration."
"ops_console_accessibility_compliance","runtime_evidence","Sourcera_Master_Spec.md","73563","M.5.113 v7.1.1 Phase 50 Ops Console Residual Closure (D-50-011 / -016 / -023 / -026 / -033 / -035 / -037 / -040) {#m-5-113-v711-phase50-ops-console-residual-closure}","blocker","v7.1.1 Phase 50 Ops Console Residual Closure (D-50-011 / -016 / -023 / -026 / -033 / -035 / -037 / -040) {#m-5-113-v711-phase50-ops-console-residual-closure}","spec_binding_pending_pack_m21_3","m21_3","accessibility_runtime_test","browser_test + manual_audit","Every §50 route and state meets §37 WCAG 2.1 AA, keyboard, screen-reader, focus, contrast, reflow, table-alternative, live-region, and accessible device-block requirements. Required artifacts: `tests/accessibility/ops_console_accessibility_compliance.spec.ts` and current manual audit evidence.",".github/workflows/marketplace-runtime.yml, convex/deploy_validators, tests/marketplace, tests/analytics",".github/workflows/marketplace-runtime.yml:missing; convex/deploy_validators:missing; tests/marketplace:missing; tests/analytics:missing","required_product_runtime_evidence_missing","Runtime status is still spec_binding_pending_pack_m21_3; required artifact evidence not promoted. Checked: .github/workflows/marketplace-runtime.yml, convex/deploy_validators, tests/marketplace, tests/analytics."
"ops_session_numerical_caps_single_source","runtime_evidence","Sourcera_Master_Spec.md","73564","M.5.113 v7.1.1 Phase 50 Ops Console Residual Closure (D-50-011 / -016 / -023 / -026 / -033 / -035 / -037 / -040) {#m-5-113-v711-phase50-ops-console-residual-closure}","blocker","v7.1.1 Phase 50 Ops Console Residual Closure (D-50-011 / -016 / -023 / -026 / -033 / -035 / -037 / -040) {#m-5-113-v711-phase50-ops-console-residual-closure}","spec_binding_pending_pack_m02_3","m02_3","runtime_property_test","pr_lint + deploy_validator","§39.5 remains the only value home; runtime alerts at the soft threshold, closes live sessions at the operational threshold, reserves the higher capacity for audited migration/forensics, and rejects overflow. Local pr_lint guard `tools/spec-lint/gates/ops_session_numerical_caps_single_source.ts` and pass/fail fixtures are present and verified 2026-07-12; the composite row remains pending for `convex/deploy_validators/ops_session_request_history_caps.ts`.","the composite row remains pending for `convex/deploy_validators/ops_session_request_history_caps.ts`","tools/spec-lint/gates/ops_session_numerical_caps_single_source.ts:present","local_guard_present_external_evidence_pending","Runtime status is still spec_binding_pending_pack_m02_3; required artifact evidence not promoted. No candidate path is inferred; use the row execution context and assertion."
"defense_view_engagement_event_runtime","runtime_evidence","Sourcera_Master_Spec.md","73572","M.5.114 v7.1.1 Phase 9.1 Analytics Residual Closure (D-9.1-003 / -009 / -011 / -013 / -014 / -017 / -018 / -021) {#m-5-114-v711-phase91-analytics-residual-closure}","blocker","v7.1.1 Phase 9.1 Analytics Residual Closure (D-9.1-003 / -009 / -011 / -013 / -014 / -017 / -018 / -021) {#m-5-114-v711-phase91-analytics-residual-closure}","spec_binding_pending_pack_m21_3","m21_3","analytics_runtime_test","browser_test + event_schema_test","Authorized open/dismiss interactions emit the registered events with retry dedupe, dwell, dismissal method, residency/DSAR behavior, and no event on denied access or lost beacon.",".github/workflows/marketplace-runtime.yml, convex/deploy_validators, tests/marketplace, tests/analytics",".github/workflows/marketplace-runtime.yml:missing; convex/deploy_validators:missing; tests/marketplace:missing; tests/analytics:missing","required_product_runtime_evidence_missing","Runtime status is still spec_binding_pending_pack_m21_3; required artifact evidence not promoted. Checked: .github/workflows/marketplace-runtime.yml, convex/deploy_validators, tests/marketplace, tests/analytics."
"seller_kb_first_entry_indexed_runtime","runtime_evidence","Sourcera_Master_Spec.md","73573","M.5.114 v7.1.1 Phase 9.1 Analytics Residual Closure (D-9.1-003 / -009 / -011 / -013 / -014 / -017 / -018 / -021) {#m-5-114-v711-phase91-analytics-residual-closure}","blocker","v7.1.1 Phase 9.1 Analytics Residual Closure (D-9.1-003 / -009 / -011 / -013 / -014 / -017 / -018 / -021) {#m-5-114-v711-phase91-analytics-residual-closure}","spec_binding_pending_pack_m11_3","m11_3","runtime_property_test","transaction_test + outbox_test","Concurrent Bootstrap indexing emits exactly one unsampled first-entry milestone per `(seller_org_id, bootstrap_job_id)` in the source transaction; retries and partial jobs do not duplicate it.",".github/workflows/deploy-validator.yml, .github/workflows/test-strategy.yml, convex/deploy_validators, tests/integration",".github/workflows/deploy-validator.yml:missing; .github/workflows/test-strategy.yml:missing; convex/deploy_validators:missing; tests/integration:missing","required_product_runtime_evidence_missing","Runtime status is still spec_binding_pending_pack_m11_3; required artifact evidence not promoted. Checked: .github/workflows/deploy-validator.yml, .github/workflows/test-strategy.yml, convex/deploy_validators, tests/integration."
"featured_placement_funnel_runtime","runtime_evidence","Sourcera_Master_Spec.md","73574","M.5.114 v7.1.1 Phase 9.1 Analytics Residual Closure (D-9.1-003 / -009 / -011 / -013 / -014 / -017 / -018 / -021) {#m-5-114-v711-phase91-analytics-residual-closure}","blocker","v7.1.1 Phase 9.1 Analytics Residual Closure (D-9.1-003 / -009 / -011 / -013 / -014 / -017 / -018 / -021) {#m-5-114-v711-phase91-analytics-residual-closure}","spec_binding_pending_pack_m21_3","m21_3","analytics_runtime_test","marketplace_browser_test + event_schema_test","Render, click, and EOI correlate on the registered domain/placement/observation/click keys, reject mismatches without fallback, and carry no forbidden competitor or free-text data.",".github/workflows/marketplace-runtime.yml, convex/deploy_validators, tests/marketplace, tests/analytics",".github/workflows/marketplace-runtime.yml:missing; convex/deploy_validators:missing; tests/marketplace:missing; tests/analytics:missing","required_product_runtime_evidence_missing","Runtime status is still spec_binding_pending_pack_m21_3; required artifact evidence not promoted. Checked: .github/workflows/marketplace-runtime.yml, convex/deploy_validators, tests/marketplace, tests/analytics."
"buyer_evaluation_funnel_derivation_consistency","runtime_evidence","Sourcera_Master_Spec.md","73575","M.5.114 v7.1.1 Phase 9.1 Analytics Residual Closure (D-9.1-003 / -009 / -011 / -013 / -014 / -017 / -018 / -021) {#m-5-114-v711-phase91-analytics-residual-closure}","blocker","v7.1.1 Phase 9.1 Analytics Residual Closure (D-9.1-003 / -009 / -011 / -013 / -014 / -017 / -018 / -021) {#m-5-114-v711-phase91-analytics-residual-closure}","spec_binding_pending_pack_m02_3","m02_3","analytics_contract_test","warehouse_model_test + pr_lint","Friendly evaluation-start/completion stages derive only from `workspace_created` activation and `procurement_completed`; abort/archive/cancel exits never count as completion and retries dedupe by source event id. Local pr_lint guard `tools/spec-lint/gates/buyer_evaluation_funnel_derivation_consistency.ts` and pass/fail fixtures are present and verified 2026-07-12; the composite row remains pending for warehouse-model evidence.","the composite row remains pending for warehouse-model evidence","tools/spec-lint/gates/buyer_evaluation_funnel_derivation_consistency.ts:present","local_guard_present_external_evidence_pending","Runtime status is still spec_binding_pending_pack_m02_3; required artifact evidence not promoted. No candidate path is inferred; use the row execution context and assertion."
"posthog_event_contract_runtime_consistency","runtime_evidence","Sourcera_Master_Spec.md","73576","M.5.114 v7.1.1 Phase 9.1 Analytics Residual Closure (D-9.1-003 / -009 / -011 / -013 / -014 / -017 / -018 / -021) {#m-5-114-v711-phase91-analytics-residual-closure}","blocker","v7.1.1 Phase 9.1 Analytics Residual Closure (D-9.1-003 / -009 / -011 / -013 / -014 / -017 / -018 / -021) {#m-5-114-v711-phase91-analytics-residual-closure}","spec_binding_pending_pack_m21_3","m21_3","analytics_runtime_test","event_schema_test + dashboard_privacy_test","Side-qualified plan tiers, key-property type resolution, mirror allow-list/free-text exclusion, residency routing, DSAR, and render-time k-anonymity suppression hold across Standard, Advanced, KB, Internal Comment, Hero Moment, and Marketplace events.",".github/workflows/marketplace-runtime.yml, convex/deploy_validators, tests/marketplace, tests/analytics",".github/workflows/marketplace-runtime.yml:missing; convex/deploy_validators:missing; tests/marketplace:missing; tests/analytics:missing","required_product_runtime_evidence_missing","Runtime status is still spec_binding_pending_pack_m21_3; required artifact evidence not promoted. Checked: .github/workflows/marketplace-runtime.yml, convex/deploy_validators, tests/marketplace, tests/analytics."
"seller_stake_reveal_outcome_targets_runtime","runtime_evidence","Sourcera_Master_Spec.md","73586","M.5.115 v7.1.1 Hero Moment Residual Closure (D-HM-010 / -011 / -014 / -015) {#m-5-115-v711-hero-moment-residual-closure}","blocker","v7.1.1 Hero Moment Residual Closure (D-HM-010 / -011 / -014 / -015) {#m-5-115-v711-hero-moment-residual-closure}","spec_binding_pending_pack_m21_3","m21_3","analytics_runtime_test","browser_test + event_schema_test + warehouse_model_test","KB landing coverage, debrief opens, CTA engagement, and per-CM completed upgrades use the §44.1 denominators, retry dedupe, failure states, attribution windows, and low-volume suppression without zero-fill or cross-moment pooling.",".github/workflows/marketplace-runtime.yml, convex/deploy_validators, tests/marketplace, tests/analytics",".github/workflows/marketplace-runtime.yml:missing; convex/deploy_validators:missing; tests/marketplace:missing; tests/analytics:missing","required_product_runtime_evidence_missing","Runtime status is still spec_binding_pending_pack_m21_3; required artifact evidence not promoted. Checked: .github/workflows/marketplace-runtime.yml, convex/deploy_validators, tests/marketplace, tests/analytics."
"pro_trial_hero_moment_slo_precedence_runtime","runtime_evidence","Sourcera_Master_Spec.md","73587","M.5.115 v7.1.1 Hero Moment Residual Closure (D-HM-010 / -011 / -014 / -015) {#m-5-115-v711-hero-moment-residual-closure}","blocker","v7.1.1 Hero Moment Residual Closure (D-HM-010 / -011 / -014 / -015) {#m-5-115-v711-hero-moment-residual-closure}","spec_binding_pending_pack_m11_3","m11_3","runtime_property_test","entitlement_test + cohort_model_test","A Pro Trial Seat receives compressed presentation while retaining grant entitlements and the standard activation SLO; expiry affects future renders without relabeling or recomputing historical sessions.",".github/workflows/deploy-validator.yml, .github/workflows/test-strategy.yml, convex/deploy_validators, tests/integration",".github/workflows/deploy-validator.yml:missing; .github/workflows/test-strategy.yml:missing; convex/deploy_validators:missing; tests/integration:missing","required_product_runtime_evidence_missing","Runtime status is still spec_binding_pending_pack_m11_3; required artifact evidence not promoted. Checked: .github/workflows/deploy-validator.yml, .github/workflows/test-strategy.yml, convex/deploy_validators, tests/integration."
"buyer_pulse_interactive_render_runtime","runtime_evidence","Sourcera_Master_Spec.md","73588","M.5.115 v7.1.1 Hero Moment Residual Closure (D-HM-010 / -011 / -014 / -015) {#m-5-115-v711-hero-moment-residual-closure}","blocker","v7.1.1 Hero Moment Residual Closure (D-HM-010 / -011 / -014 / -015) {#m-5-115-v711-hero-moment-residual-closure}","spec_binding_pending_pack_m21_3","m21_3","performance_runtime_test","load_test + browser_test + accessibility_test","Buyer Pulse surfaces satisfy the §44.1 p95 target with partial/loading/error/retry states and never read SellerOnboardingSession or seller Hero Moment fields.",".github/workflows/marketplace-runtime.yml, convex/deploy_validators, tests/marketplace, tests/analytics",".github/workflows/marketplace-runtime.yml:missing; convex/deploy_validators:missing; tests/marketplace:missing; tests/analytics:missing","required_product_runtime_evidence_missing","Runtime status is still spec_binding_pending_pack_m21_3; required artifact evidence not promoted. Checked: .github/workflows/marketplace-runtime.yml, convex/deploy_validators, tests/marketplace, tests/analytics."
"seller_direct_signup_value_activation_runtime","runtime_evidence","Sourcera_Master_Spec.md","73589","M.5.115 v7.1.1 Hero Moment Residual Closure (D-HM-010 / -011 / -014 / -015) {#m-5-115-v711-hero-moment-residual-closure}","blocker","v7.1.1 Hero Moment Residual Closure (D-HM-010 / -011 / -014 / -015) {#m-5-115-v711-hero-moment-residual-closure}","spec_binding_pending_pack_m11_3","m11_3","runtime_property_test","transaction_test + integration_test + mobile_e2e","Eligible asset commits choose exactly one value moment across retries/concurrency; abandonment/reactivation, RBAC, firewall, residency, DSAR, retention, mobile/offline, downgrade, and event-field boundaries hold without fabricating bid Hero Moment fields.",".github/workflows/deploy-validator.yml, .github/workflows/test-strategy.yml, convex/deploy_validators, tests/integration",".github/workflows/deploy-validator.yml:missing; .github/workflows/test-strategy.yml:missing; convex/deploy_validators:missing; tests/integration:missing","required_product_runtime_evidence_missing","Runtime status is still spec_binding_pending_pack_m11_3; required artifact evidence not promoted. Checked: .github/workflows/deploy-validator.yml, .github/workflows/test-strategy.yml, convex/deploy_validators, tests/integration."
"wallet_auto_topup_daily_frequency_runtime","runtime_evidence","Sourcera_Master_Spec.md","73597","M.5.116 v7.1.1 Billing Settlement Resilience (D-CONS-015 / -016 / -018 / -019) {#m-5-116-v711-billing-settlement-resilience}","blocker","v7.1.1 Billing Settlement Resilience (D-CONS-015 / -016 / -018 / -019) {#m-5-116-v711-billing-settlement-resilience}","spec_binding_pending_pack_m11_3","m11_3","runtime_property_test","transaction_test + Stripe_contract_test","Daily distinct automatic-charge frequency serializes across concurrent triggers; retries/callbacks retain one slot; limit rejection creates no charge, credit, or retry chain.",".github/workflows/deploy-validator.yml, .github/workflows/test-strategy.yml, convex/deploy_validators, tests/integration",".github/workflows/deploy-validator.yml:missing; .github/workflows/test-strategy.yml:missing; convex/deploy_validators:missing; tests/integration:missing","required_product_runtime_evidence_missing","Runtime status is still spec_binding_pending_pack_m11_3; required artifact evidence not promoted. Checked: .github/workflows/deploy-validator.yml, .github/workflows/test-strategy.yml, convex/deploy_validators, tests/integration."
"outcome_resolver_free_allowance_settlement_runtime","runtime_evidence","Sourcera_Master_Spec.md","73598","M.5.116 v7.1.1 Billing Settlement Resilience (D-CONS-015 / -016 / -018 / -019) {#m-5-116-v711-billing-settlement-resilience}","blocker","v7.1.1 Billing Settlement Resilience (D-CONS-015 / -016 / -018 / -019) {#m-5-116-v711-billing-settlement-resilience}","spec_binding_pending_pack_m11_3","m11_3","runtime_property_test","settlement_test + contest_test","Free-allowance operations settle under the pinned contract without Stripe/wallet effects; rejection consumes one unit and approved reversal restores exactly one.",".github/workflows/deploy-validator.yml, .github/workflows/test-strategy.yml, convex/deploy_validators, tests/integration",".github/workflows/deploy-validator.yml:missing; .github/workflows/test-strategy.yml:missing; convex/deploy_validators:missing; tests/integration:missing","required_product_runtime_evidence_missing","Runtime status is still spec_binding_pending_pack_m11_3; required artifact evidence not promoted. Checked: .github/workflows/deploy-validator.yml, .github/workflows/test-strategy.yml, convex/deploy_validators, tests/integration."
"solo_per_charge_dispute_disambiguation_runtime","runtime_evidence","Sourcera_Master_Spec.md","73599","M.5.116 v7.1.1 Billing Settlement Resilience (D-CONS-015 / -016 / -018 / -019) {#m-5-116-v711-billing-settlement-resilience}","blocker","v7.1.1 Billing Settlement Resilience (D-CONS-015 / -016 / -018 / -019) {#m-5-116-v711-billing-settlement-resilience}","spec_binding_pending_pack_m24_3","m24_3","billing_contract_test","Stripe_test + webhook_test + browser_test","Seven-day BillingEvent refunds use the Solo queue/event family; customer AIOperation contests stay hidden and neither path mutates the other's outcome or emits the other's webhook.",".github/workflows/billing-runtime.yml, tests/billing, convex/deploy_validators",".github/workflows/billing-runtime.yml:missing; tests/billing:missing; convex/deploy_validators:missing","required_product_runtime_evidence_missing","Runtime status is still spec_binding_pending_pack_m24_3; required artifact evidence not promoted. Checked: .github/workflows/billing-runtime.yml, tests/billing, convex/deploy_validators."
"outcome_resolver_liveness_backlog_runtime","runtime_evidence","Sourcera_Master_Spec.md","73600","M.5.116 v7.1.1 Billing Settlement Resilience (D-CONS-015 / -016 / -018 / -019) {#m-5-116-v711-billing-settlement-resilience}","blocker","v7.1.1 Billing Settlement Resilience (D-CONS-015 / -016 / -018 / -019) {#m-5-116-v711-billing-settlement-resilience}","spec_binding_pending_pack_m11_3","m11_3","reliability_runtime_test","cron_test + chaos_test + browser_test","Residency-local deadline sweep, optimistic settlement, §44.1 backlog SLO, alert dedupe, overdue UI, DSAR/retention, and no customer-webhook behavior hold through event-bus/resolver outage.",".github/workflows/deploy-validator.yml, .github/workflows/test-strategy.yml, convex/deploy_validators, tests/integration",".github/workflows/deploy-validator.yml:missing; .github/workflows/test-strategy.yml:missing; convex/deploy_validators:missing; tests/integration:missing","required_product_runtime_evidence_missing","Runtime status is still spec_binding_pending_pack_m11_3; required artifact evidence not promoted. Checked: .github/workflows/deploy-validator.yml, .github/workflows/test-strategy.yml, convex/deploy_validators, tests/integration."
"retention_table_residency_default_runtime","runtime_evidence","Sourcera_Master_Spec.md","73608","M.5.117 v7.1.1 Privacy and Residency Residual Closure (D-9.1R-023 / D-9.2-004 / D-9.2-012) {#m-5-117-v711-privacy-residency-residual-closure}","blocker","v7.1.1 Privacy and Residency Residual Closure (D-9.1R-023 / D-9.2-004 / D-9.2-012) {#m-5-117-v711-privacy-residency-residual-closure}","spec_binding_pending_pack_m11_3","m11_3","residency_runtime_test","storage_test + migration_test + firewall_test","Every §40.2 row resolves the explicit/default residency rule; customer reads have no cross-region fallback; public/global projections carry no forbidden raw customer or subject data.",".github/workflows/deploy-validator.yml, .github/workflows/test-strategy.yml, convex/deploy_validators, tests/integration",".github/workflows/deploy-validator.yml:missing; .github/workflows/test-strategy.yml:missing; convex/deploy_validators:missing; tests/integration:missing","required_product_runtime_evidence_missing","Runtime status is still spec_binding_pending_pack_m11_3; required artifact evidence not promoted. Checked: .github/workflows/deploy-validator.yml, .github/workflows/test-strategy.yml, convex/deploy_validators, tests/integration."
"dsar_pseudonym_epoch_content_scrub_runtime","runtime_evidence","Sourcera_Master_Spec.md","73609","M.5.117 v7.1.1 Privacy and Residency Residual Closure (D-9.1R-023 / D-9.2-004 / D-9.2-012) {#m-5-117-v711-privacy-residency-residual-closure}","blocker","v7.1.1 Privacy and Residency Residual Closure (D-9.1R-023 / D-9.2-004 / D-9.2-012) {#m-5-117-v711-privacy-residency-residual-closure}","spec_binding_pending_pack_m11_3","m11_3","privacy_runtime_test","migration_test + forensic_query_test","Pattern-B identities rotate by epoch while destroyed-source content scrub values remain fixed, non-correlating sentinels; mixed-epoch routine reads fail closed and no source rehydration occurs.",".github/workflows/deploy-validator.yml, .github/workflows/test-strategy.yml, convex/deploy_validators, tests/integration",".github/workflows/deploy-validator.yml:missing; .github/workflows/test-strategy.yml:missing; convex/deploy_validators:missing; tests/integration:missing","required_product_runtime_evidence_missing","Runtime status is still spec_binding_pending_pack_m11_3; required artifact evidence not promoted. Checked: .github/workflows/deploy-validator.yml, .github/workflows/test-strategy.yml, convex/deploy_validators, tests/integration."
"dsar_manifestly_unfounded_appeal_runtime","runtime_evidence","Sourcera_Master_Spec.md","73610","M.5.117 v7.1.1 Privacy and Residency Residual Closure (D-9.1R-023 / D-9.2-004 / D-9.2-012) {#m-5-117-v711-privacy-residency-residual-closure}","blocker","v7.1.1 Privacy and Residency Residual Closure (D-9.1R-023 / D-9.2-004 / D-9.2-012) {#m-5-117-v711-privacy-residency-residual-closure}","spec_binding_pending_pack_m11_3","m11_3","privacy_runtime_test","state_machine_test + notification_test + mobile_e2e","Filing/adjudication windows, reviewer separation, concurrent decision idempotency, linked fresh request, audit/analytics/notification, residency, retention, accessibility, and mobile behavior hold.",".github/workflows/deploy-validator.yml, .github/workflows/test-strategy.yml, convex/deploy_validators, tests/integration",".github/workflows/deploy-validator.yml:missing; .github/workflows/test-strategy.yml:missing; convex/deploy_validators:missing; tests/integration:missing","required_product_runtime_evidence_missing","Runtime status is still spec_binding_pending_pack_m11_3; required artifact evidence not promoted. Checked: .github/workflows/deploy-validator.yml, .github/workflows/test-strategy.yml, convex/deploy_validators, tests/integration."
"console_bridge_failure_storm_runtime","runtime_evidence","Sourcera_Master_Spec.md","73618","M.5.118 v7.1.1 Surface and Growth Delivery Residual Closure {#m-5-118-v711-surface-growth-delivery-residual-closure}","blocker","v7.1.1 Surface and Growth Delivery Residual Closure {#m-5-118-v711-surface-growth-delivery-residual-closure}","spec_binding_pending_pack_m11_3","m11_3","reliability_runtime_test","detector_test + notification_test + ops_browser_test","Threshold, dedupe, individual-event suppression, escalation/clear, residency, replay, audit, retention, DSAR, and notification-channel failure behavior follow §25.2.5.A.",".github/workflows/deploy-validator.yml, .github/workflows/test-strategy.yml, convex/deploy_validators, tests/integration",".github/workflows/deploy-validator.yml:missing; .github/workflows/test-strategy.yml:missing; convex/deploy_validators:missing; tests/integration:missing","required_product_runtime_evidence_missing","Runtime status is still spec_binding_pending_pack_m11_3; required artifact evidence not promoted. Checked: .github/workflows/deploy-validator.yml, .github/workflows/test-strategy.yml, convex/deploy_validators, tests/integration."
"growth_loop_l1_delivery_reputation_runtime","runtime_evidence","Sourcera_Master_Spec.md","73619","M.5.118 v7.1.1 Surface and Growth Delivery Residual Closure {#m-5-118-v711-surface-growth-delivery-residual-closure}","blocker","v7.1.1 Surface and Growth Delivery Residual Closure {#m-5-118-v711-surface-growth-delivery-residual-closure}","spec_binding_pending_pack_m11_3","m11_3","runtime_property_test","outbox_test + provider_contract_test + attribution_test","Durable event-before-enqueue, send-time DMARC, retry/DLQ lifecycle, opt-out/DSAR recheck, no unsent attribution, UI recovery, and created-at attribution authority hold.",".github/workflows/deploy-validator.yml, .github/workflows/test-strategy.yml, convex/deploy_validators, tests/integration",".github/workflows/deploy-validator.yml:missing; .github/workflows/test-strategy.yml:missing; convex/deploy_validators:missing; tests/integration:missing","required_product_runtime_evidence_missing","Runtime status is still spec_binding_pending_pack_m11_3; required artifact evidence not promoted. Checked: .github/workflows/deploy-validator.yml, .github/workflows/test-strategy.yml, convex/deploy_validators, tests/integration."
"bid_workspace_buyer_purge_orphan_runtime","runtime_evidence","Sourcera_Master_Spec.md","73627","M.5.119 v7.1.1 Final P2 Contract Tail {#m-5-119-v711-final-p2-contract-tail}","blocker","v7.1.1 Final P2 Contract Tail {#m-5-119-v711-final-p2-contract-tail}","spec_binding_pending_pack_m11_3","m11_3","lifecycle_runtime_test","migration_test + transaction_test + seller_browser_test","Buyer hard purge atomically archives every retained seller Bid Workspace as `archived_by_buyer_purged`, nulls buyer FKs, preserves seller/audit evidence, blocks Bridge and seller writes, respects residency/retention, and never exposes buyer deletion detail.",".github/workflows/deploy-validator.yml, .github/workflows/test-strategy.yml, convex/deploy_validators, tests/integration",".github/workflows/deploy-validator.yml:missing; .github/workflows/test-strategy.yml:missing; convex/deploy_validators:missing; tests/integration:missing","required_product_runtime_evidence_missing","Runtime status is still spec_binding_pending_pack_m11_3; required artifact evidence not promoted. Checked: .github/workflows/deploy-validator.yml, .github/workflows/test-strategy.yml, convex/deploy_validators, tests/integration."
"ghost_ingestion_mcp_allowlist_runtime","runtime_evidence","Sourcera_Master_Spec.md","73628","M.5.119 v7.1.1 Final P2 Contract Tail {#m-5-119-v711-final-p2-contract-tail}","blocker","v7.1.1 Final P2 Contract Tail {#m-5-119-v711-final-p2-contract-tail}","spec_binding_pending_pack_m11_3","m11_3","agent_authorization_test","MCP_policy_test + quota_test + audit_test","Ghost ingestion can call only `kb_dedupe_check` and quota-bounded `kb_entry_draft_create`; cross-Org/residency writes, activation bypass, other MCP tools, retries beyond the cap, and missing audit rows fail closed.",".github/workflows/deploy-validator.yml, .github/workflows/test-strategy.yml, convex/deploy_validators, tests/integration",".github/workflows/deploy-validator.yml:missing; .github/workflows/test-strategy.yml:missing; convex/deploy_validators:missing; tests/integration:missing","required_product_runtime_evidence_missing","Runtime status is still spec_binding_pending_pack_m11_3; required artifact evidence not promoted. Checked: .github/workflows/deploy-validator.yml, .github/workflows/test-strategy.yml, convex/deploy_validators, tests/integration."
"seller_qa_phase8_readonly_runtime","runtime_evidence","Sourcera_Master_Spec.md","73629","M.5.119 v7.1.1 Final P2 Contract Tail {#m-5-119-v711-final-p2-contract-tail}","blocker","v7.1.1 Final P2 Contract Tail {#m-5-119-v711-final-p2-contract-tail}","spec_binding_pending_pack_m11_3","m11_3","workflow_runtime_test","transaction_test + API_test + mobile_e2e","Phase-8 entry and in-flight Phase-7 writes serialize deterministically; every post-entry seller Q&A mutation returns `qa_thread_phase_gated`, writes no side effect, and renders the read-only recovery state across clients.",".github/workflows/deploy-validator.yml, .github/workflows/test-strategy.yml, convex/deploy_validators, tests/integration",".github/workflows/deploy-validator.yml:missing; .github/workflows/test-strategy.yml:missing; convex/deploy_validators:missing; tests/integration:missing","required_product_runtime_evidence_missing","Runtime status is still spec_binding_pending_pack_m11_3; required artifact evidence not promoted. Checked: .github/workflows/deploy-validator.yml, .github/workflows/test-strategy.yml, convex/deploy_validators, tests/integration."
"requirement_reopening_runtime_consistency","runtime_evidence","Sourcera_Master_Spec.md","73639","M.5.120 v7.1.1 Documentation Blocker Major Rewrite {#m-5-120-v711-documentation-blocker-major-rewrite}","blocker","v7.1.1 Documentation Blocker Major Rewrite {#m-5-120-v711-documentation-blocker-major-rewrite}","spec_binding_pending_pack_m11_3","m11_3","workflow_runtime_test","API_test + transaction_test + materializer_test + mobile_e2e + non_leak_test","The Phase-9-only reopen endpoint MUST enforce all §4.3.4 predicates, step-up authentication, expected-version serialization, replay safety, and the Phase-advance race; the materializer clears only `phase_9_submissions_closed`, preserves every independent lock and response-history field, and emits exactly one bounded Seller projection without Buyer-private or scoring data. Required future artifacts: `convex/deploy_validators/requirement_reopening_runtime_consistency.ts`, `tests/integration/requirement_reopening_runtime_consistency.spec.ts`, `tests/mobile/requirement_reopening_mobile_e2e.spec.ts`, and `tests/security/requirement_reopening_non_leak.spec.ts`.",".github/workflows/deploy-validator.yml, .github/workflows/test-strategy.yml, convex/deploy_validators, tests/integration",".github/workflows/deploy-validator.yml:missing; .github/workflows/test-strategy.yml:missing; convex/deploy_validators:missing; tests/integration:missing","required_product_runtime_evidence_missing","Runtime status is still spec_binding_pending_pack_m11_3; required artifact evidence not promoted. Checked: .github/workflows/deploy-validator.yml, .github/workflows/test-strategy.yml, convex/deploy_validators, tests/integration."
"vendor_disqualification_phase_aware_reversal_runtime","runtime_evidence","Sourcera_Master_Spec.md","73640","M.5.120 v7.1.1 Documentation Blocker Major Rewrite {#m-5-120-v711-documentation-blocker-major-rewrite}","blocker","v7.1.1 Documentation Blocker Major Rewrite {#m-5-120-v711-documentation-blocker-major-rewrite}","spec_binding_pending_pack_m11_3","m11_3","workflow_runtime_test","transaction_test + scoring_test + report_finality_test + webhook_test + mobile_e2e","Reversal MUST compute and persist the §4.7.2 phase scope under the phase-advance/finalization lock: pre-Phase-10 can restore the current evaluation, Phase 10/11 can create only missing unlocked Score shells, and Phase 12+ changes future eligibility only. Existing grades, recommendations, selections, report bodies, and historical terminal snapshots never change; the post-selection annotation and bounded webhook are idempotent. Required future artifacts: `convex/deploy_validators/vendor_disqualification_phase_aware_reversal_runtime.ts`, `tests/integration/vendor_disqualification_phase_aware_reversal_runtime.spec.ts`, `tests/integration/vendor_disqualification_report_finality.spec.ts`, and `tests/mobile/vendor_disqualification_reversal_mobile_e2e.spec.ts`.",".github/workflows/deploy-validator.yml, .github/workflows/test-strategy.yml, convex/deploy_validators, tests/integration",".github/workflows/deploy-validator.yml:missing; .github/workflows/test-strategy.yml:missing; convex/deploy_validators:missing; tests/integration:missing","required_product_runtime_evidence_missing","Runtime status is still spec_binding_pending_pack_m11_3; required artifact evidence not promoted. Checked: .github/workflows/deploy-validator.yml, .github/workflows/test-strategy.yml, convex/deploy_validators, tests/integration."
"audit_events_export_ready_delivery_runtime","runtime_evidence","Sourcera_Master_Spec.md","73641","M.5.120 v7.1.1 Documentation Blocker Major Rewrite {#m-5-120-v711-documentation-blocker-major-rewrite}","blocker","v7.1.1 Documentation Blocker Major Rewrite {#m-5-120-v711-documentation-blocker-major-rewrite}","spec_binding_pending_pack_m11_3","m11_3","delivery_runtime_test","worker_test + outbox_test + serializer_test + retry_test + non_leak_test","The export worker MUST emit exactly one `audit_events.export.ready` outbox event on `running -> ready`, preserve polling as authoritative, use a new export id for regeneration, and apply §31 HMAC plus Appendix F.1 retry/DLQ behavior. The serializer MUST carry only the §32.8.24 payload and never a URL, body, actor identity, namespace list, DSAR detail, storage location, or unbounded analytics field. Required future artifacts: `convex/workers/audit_event_export_worker.ts`, `convex/outbox/audit_events_export_ready.ts`, `tests/integration/audit_events_export_ready_delivery_runtime.spec.ts`, `tests/security/audit_events_export_ready_non_leak.spec.ts`, and `tests/integration/audit_events_export_ready_retry.spec.ts`.",".github/workflows/deploy-validator.yml, .github/workflows/test-strategy.yml, convex/deploy_validators, tests/integration",".github/workflows/deploy-validator.yml:missing; .github/workflows/test-strategy.yml:missing; convex/deploy_validators:missing; tests/integration:missing","required_product_runtime_evidence_missing","Runtime status is still spec_binding_pending_pack_m11_3; required artifact evidence not promoted. Checked: .github/workflows/deploy-validator.yml, .github/workflows/test-strategy.yml, convex/deploy_validators, tests/integration."
